------------------------------------------
Detecing CVE:CVE-2017-12893
Detection for: /data/zhangxb//binaries/target_clang/tcpdump/tcpdump-4.9.1-o0-tcpdump
Result for name_len:vuln , truth is vuln
------------------------------------------
Detecing CVE:CVE-2017-12893
Detection for: /data/zhangxb//binaries/target_clang/tcpdump/tcpdump-4.9.0-o0-tcpdump
Result for name_len:vuln , truth is vuln
------------------------------------------
Detecing CVE:CVE-2017-12893
Detection for: /data/zhangxb//binaries/target_clang/tcpdump/tcpdump-4.8.1-o0-tcpdump
Result for name_len:vuln , truth is vuln
------------------------------------------
Detecing CVE:CVE-2017-12893
Detection for: /data/zhangxb//binaries/target_clang/tcpdump/tcpdump-4.9.3-o0-tcpdump
no function dict_keys(['name_len']) in target
------------------------------------------
Detecing CVE:CVE-2017-12893
Detection for: /data/zhangxb//binaries/target_clang/tcpdump/tcpdump-4.99.0-bp-o0-tcpdump
no function dict_keys(['name_len']) in target
------------------------------------------
Detecing CVE:CVE-2017-12893
Detection for: /data/zhangxb//binaries/target_clang/tcpdump/tcpdump-4.99-bp-o0-tcpdump
no function dict_keys(['name_len']) in target
------------------------------------------
Detecing CVE:CVE-2017-12894
Detection for: /data/zhangxb//binaries/target_clang/tcpdump/tcpdump-4.9.1-o0-tcpdump
fail to determine
Result for lookup_bytestring:None , truth is vuln
Result for le64addr_string:vuln , truth is vuln
fail to determine
Result for linkaddr_string:None , truth is vuln
------------------------------------------
Detecing CVE:CVE-2017-12894
Detection for: /data/zhangxb//binaries/target_clang/tcpdump/tcpdump-4.9.0-o0-tcpdump
fail to determine
Result for lookup_bytestring:None , truth is vuln
Result for le64addr_string:vuln , truth is vuln
fail to determine
Result for linkaddr_string:None , truth is vuln
------------------------------------------
Detecing CVE:CVE-2017-12894
------------------------------------------
Detecing CVE:CVE-2017-12893
Detection for: /data/zhangxb//binaries/target_clang/tcpdump/tcpdump-4.8.1-o0-tcpdump
Detection for: /data/zhangxb//binaries/target_clang/tcpdump/tcpdump-4.9.1-o0-tcpdump
Result for name_len:vuln , truth is vuln
------------------------------------------
Detecing CVE:CVE-2017-12893
Detection for: /data/zhangxb//binaries/target_clang/tcpdump/tcpdump-4.9.0-o0-tcpdump
Result for name_len:vuln , truth is vuln
------------------------------------------
Detecing CVE:CVE-2017-12893
fail to determine
Result for lookup_bytestring:None , truth is vuln
Result for le64addr_string:vuln , truth is vuln
Detection for: /data/zhangxb//binaries/target_clang/tcpdump/tcpdump-4.8.1-o0-tcpdump
fail to determine
Result for linkaddr_string:None , truth is vuln
------------------------------------------
Detecing CVE:CVE-2017-12894
Result for name_len:vuln , truth is vuln
------------------------------------------
Detecing CVE:CVE-2017-12893
Detection for: /data/zhangxb//binaries/target_clang/tcpdump/tcpdump-4.9.3-o0-tcpdump
Detection for: /data/zhangxb//binaries/target_clang/tcpdump/tcpdump-4.9.3-o0-tcpdump
no function dict_keys(['name_len']) in target
------------------------------------------
Detecing CVE:CVE-2017-12893
Detection for: /data/zhangxb//binaries/target_clang/tcpdump/tcpdump-4.99.0-bp-o0-tcpdump
no function dict_keys(['name_len']) in target
------------------------------------------
Detecing CVE:CVE-2017-12893
Detection for: /data/zhangxb//binaries/target_clang/tcpdump/tcpdump-4.99-bp-o0-tcpdump
no function dict_keys(['name_len']) in target
------------------------------------------
Detecing CVE:CVE-2017-12894
fail to determine
Result for lookup_bytestring:None , truth is patch
Result for le64addr_string:vuln , truth is patch
Detection for: /data/zhangxb//binaries/target_clang/tcpdump/tcpdump-4.9.1-o0-tcpdump
fail to determine
Result for linkaddr_string:None , truth is patch
------------------------------------------
Detecing CVE:CVE-2017-12894
Detection for: /data/zhangxb//binaries/target_clang/tcpdump/tcpdump-4.99.0-bp-o0-tcpdump
fail to determine
Result for lookup_bytestring:None , truth is vuln
Result for le64addr_string:vuln , truth is vuln
fail to determine
Result for linkaddr_string:None , truth is vuln
------------------------------------------
Detecing CVE:CVE-2017-12894
Detection for: /data/zhangxb//binaries/target_clang/tcpdump/tcpdump-4.9.0-o0-tcpdump
fail to determine
Result for lookup_bytestring:None , truth is patch
Result for le64addr_string:vuln , truth is patch
fail to determine
Result for linkaddr_string:None , truth is patch
------------------------------------------
Detecing CVE:CVE-2017-12894
Detection for: /data/zhangxb//binaries/target_clang/tcpdump/tcpdump-4.99-bp-o0-tcpdump
fail to determine
Result for lookup_bytestring:None , truth is vuln
Result for le64addr_string:vuln , truth is vuln
fail to determine
Result for linkaddr_string:None , truth is vuln
------------------------------------------
Detecing CVE:CVE-2017-12894
Detection for: /data/zhangxb//binaries/target_clang/tcpdump/tcpdump-4.8.1-o0-tcpdump
fail to determine
Result for lookup_bytestring:None , truth is patch
Result for le64addr_string:vuln , truth is patch
fail to determine
Result for linkaddr_string:None , truth is patch
------------------------------------------
Detecing CVE:CVE-2017-12895
Detection for: /data/zhangxb//binaries/target_clang/tcpdump/tcpdump-4.9.1-o0-tcpdump
fail to determine
Result for lookup_bytestring:None , truth is vuln
Result for le64addr_string:vuln , truth is vuln
fail to determine
Result for linkaddr_string:None , truth is vuln
------------------------------------------
Detecing CVE:CVE-2017-12894
Detection for: /data/zhangxb//binaries/target_clang/tcpdump/tcpdump-4.9.3-o0-tcpdump
Result for icmp_print:vuln , truth is vuln
------------------------------------------
Detecing CVE:CVE-2017-12895
Detection for: /data/zhangxb//binaries/target_clang/tcpdump/tcpdump-4.9.0-o0-tcpdump
fail to determine
Result for lookup_bytestring:None , truth is patch
Result for le64addr_string:vuln , truth is patch
fail to determine
Result for linkaddr_string:None , truth is patch
------------------------------------------
Detecing CVE:CVE-2017-12894
Result for icmp_print:vuln , truth is vuln
------------------------------------------
Detecing CVE:CVE-2017-12895
Detection for: /data/zhangxb//binaries/target_clang/tcpdump/tcpdump-4.99.0-bp-o0-tcpdump
Detection for: /data/zhangxb//binaries/target_clang/tcpdump/tcpdump-4.8.1-o0-tcpdump
Result for icmp_print:vuln , truth is vuln
------------------------------------------
Detecing CVE:CVE-2017-12895
fail to determine
Result for lookup_bytestring:None , truth is patch
Result for le64addr_string:vuln , truth is patch
fail to determine
Result for linkaddr_string:None , truth is patch
------------------------------------------
Detecing CVE:CVE-2017-12894
Detection for: /data/zhangxb//binaries/target_clang/tcpdump/tcpdump-4.9.3-o0-tcpdump
Detection for: /data/zhangxb//binaries/target_clang/tcpdump/tcpdump-4.99-bp-o0-tcpdump
Result for icmp_print:patch , truth is patch
------------------------------------------
Detecing CVE:CVE-2017-12895
Detection for: /data/zhangxb//binaries/target_clang/tcpdump/tcpdump-4.99.0-bp-o0-tcpdump
fail to determine
Result for lookup_bytestring:None , truth is patch
Result for le64addr_string:vuln , truth is patch
fail to determine
Result for linkaddr_string:None , truth is patch
------------------------------------------
Detecing CVE:CVE-2017-12895
Detection for: /data/zhangxb//binaries/target_clang/tcpdump/tcpdump-4.9.1-o0-tcpdump
Result for icmp_print:vuln , truth is patch
------------------------------------------
Detecing CVE:CVE-2017-12895
Detection for: /data/zhangxb//binaries/target_clang/tcpdump/tcpdump-4.99-bp-o0-tcpdump
Result for icmp_print:vuln , truth is vuln
------------------------------------------
Detecing CVE:CVE-2017-12895
Detection for: /data/zhangxb//binaries/target_clang/tcpdump/tcpdump-4.9.0-o0-tcpdump
Result for icmp_print:vuln , truth is patch
------------------------------------------
Detecing CVE:CVE-2017-12896
Detection for: /data/zhangxb//binaries/target_clang/tcpdump/tcpdump-4.9.1-o0-tcpdump
Result for isakmp_rfc3948_print:vuln , truth is vuln
------------------------------------------
Detecing CVE:CVE-2017-12896
Result for icmp_print:vuln , truth is vuln
------------------------------------------
Detecing CVE:CVE-2017-12895
Detection for: /data/zhangxb//binaries/target_clang/tcpdump/tcpdump-4.9.0-o0-tcpdump
Result for isakmp_rfc3948_print:vuln , truth is vuln
------------------------------------------
Detecing CVE:CVE-2017-12896
Detection for: /data/zhangxb//binaries/target_clang/tcpdump/tcpdump-4.8.1-o0-tcpdump
Detection for: /data/zhangxb//binaries/target_clang/tcpdump/tcpdump-4.8.1-o0-tcpdump
Result for isakmp_rfc3948_print:vuln , truth is vuln
------------------------------------------
Detecing CVE:CVE-2017-12896
Detection for: /data/zhangxb//binaries/target_clang/tcpdump/tcpdump-4.9.3-o0-tcpdump
Result for isakmp_rfc3948_print:patch , truth is patch
------------------------------------------
Detecing CVE:CVE-2017-12896
Result for icmp_print:vuln , truth is vuln
------------------------------------------
Detecing CVE:CVE-2017-12895
Detection for: /data/zhangxb//binaries/target_clang/tcpdump/tcpdump-4.99.0-bp-o0-tcpdump
Detection for: /data/zhangxb//binaries/target_clang/tcpdump/tcpdump-4.9.3-o0-tcpdump
Result for isakmp_rfc3948_print:vuln , truth is patch
------------------------------------------
Detecing CVE:CVE-2017-12896
Detection for: /data/zhangxb//binaries/target_clang/tcpdump/tcpdump-4.99-bp-o0-tcpdump
Result for isakmp_rfc3948_print:vuln , truth is patch
------------------------------------------
Detecing CVE:CVE-2017-12897
Result for icmp_print:patch , truth is patch
------------------------------------------
Detecing CVE:CVE-2017-12895
Detection for: /data/zhangxb//binaries/target_clang/tcpdump/tcpdump-4.9.1-o0-tcpdump
Result for atm_if_print:patch , truth is vuln
Result for chdlc_print:vuln , truth is vuln
Detection for: /data/zhangxb//binaries/target_clang/tcpdump/tcpdump-4.99.0-bp-o0-tcpdump
Result for ethertype_print:vuln , truth is vuln
Result for fr_print:vuln , truth is vuln
Result for gre_print_0:vuln , truth is vuln
Result for isoclns_print:vuln , truth is vuln
Result for juniper_mlppp_print:vuln , truth is vuln
Result for juniper_mfr_print:vuln , truth is vuln
Result for juniper_mlfr_print:vuln , truth is vuln
Result for juniper_atm1_print:vuln , truth is vuln
Result for juniper_atm2_print:vuln , truth is vuln
Result for icmp_print:vuln , truth is patch
------------------------------------------
Detecing CVE:CVE-2017-12895
Detection for: /data/zhangxb//binaries/target_clang/tcpdump/tcpdump-4.99-bp-o0-tcpdump
Result for llc_print:vuln , truth is vuln
fail to determine
Result for mpls_print:None , truth is vuln
Result for null_if_print:vuln , truth is vuln
fail to determine
Result for handle_ppp:None , truth is vuln
------------------------------------------
Detecing CVE:CVE-2017-12897
Detection for: /data/zhangxb//binaries/target_clang/tcpdump/tcpdump-4.9.0-o0-tcpdump
Result for atm_if_print:patch , truth is vuln
Result for chdlc_print:vuln , truth is vuln
Result for icmp_print:vuln , truth is patch
------------------------------------------
Detecing CVE:CVE-2017-12896
Result for ethertype_print:vuln , truth is vuln
Result for fr_print:vuln , truth is vuln
Detection for: /data/zhangxb//binaries/target_clang/tcpdump/tcpdump-4.9.1-o0-tcpdump
Result for isakmp_rfc3948_print:vuln , truth is vuln
------------------------------------------
Detecing CVE:CVE-2017-12896
Result for gre_print_0:vuln , truth is vuln
Result for isoclns_print:vuln , truth is vuln
Result for juniper_mlppp_print:vuln , truth is vuln
Result for juniper_mfr_print:vuln , truth is vuln
Result for juniper_mlfr_print:vuln , truth is vuln
Detection for: /data/zhangxb//binaries/target_clang/tcpdump/tcpdump-4.9.0-o0-tcpdump
Result for juniper_atm1_print:vuln , truth is vuln
Result for juniper_atm2_print:vuln , truth is vuln
Result for isakmp_rfc3948_print:vuln , truth is vuln
------------------------------------------
Detecing CVE:CVE-2017-12896
Detection for: /data/zhangxb//binaries/target_clang/tcpdump/tcpdump-4.8.1-o0-tcpdump
Result for isakmp_rfc3948_print:vuln , truth is vuln
------------------------------------------
Detecing CVE:CVE-2017-12896
Result for llc_print:vuln , truth is vuln
fail to determine
Result for mpls_print:None , truth is vuln
Result for null_if_print:vuln , truth is vuln
Detection for: /data/zhangxb//binaries/target_clang/tcpdump/tcpdump-4.9.3-o0-tcpdump
fail to determine
Result for handle_ppp:None , truth is vuln
------------------------------------------
Detecing CVE:CVE-2017-12897
Result for isakmp_rfc3948_print:patch , truth is patch
------------------------------------------
Detecing CVE:CVE-2017-12896
Detection for: /data/zhangxb//binaries/target_clang/tcpdump/tcpdump-4.8.1-o0-tcpdump
Result for atm_if_print:patch , truth is vuln
Detection for: /data/zhangxb//binaries/target_clang/tcpdump/tcpdump-4.99.0-bp-o0-tcpdump
fail to determine
Result for chdlc_print:None , truth is vuln
Result for isakmp_rfc3948_print:vuln , truth is patch
------------------------------------------
Detecing CVE:CVE-2017-12896
fail to determine
Result for ethertype_print:None , truth is vuln
fail to determine
Result for fr_print:None , truth is vuln
Detection for: /data/zhangxb//binaries/target_clang/tcpdump/tcpdump-4.99-bp-o0-tcpdump
Result for isakmp_rfc3948_print:vuln , truth is patch
------------------------------------------
Detecing CVE:CVE-2017-12897
fail to determine
Result for gre_print_0:None , truth is vuln
Result for isoclns_print:vuln , truth is vuln
Result for juniper_mlppp_print:vuln , truth is vuln
Result for juniper_mfr_print:vuln , truth is vuln
Detection for: /data/zhangxb//binaries/target_clang/tcpdump/tcpdump-4.9.1-o0-tcpdump
Result for juniper_mlfr_print:vuln , truth is vuln
Result for juniper_atm1_print:vuln , truth is vuln
Result for juniper_atm2_print:vuln , truth is vuln
Result for atm_if_print:patch , truth is vuln
Result for chdlc_print:vuln , truth is vuln
Result for ethertype_print:vuln , truth is vuln
Result for fr_print:vuln , truth is vuln
Result for llc_print:vuln , truth is vuln
fail to determine
Result for mpls_print:None , truth is vuln
Result for null_if_print:vuln , truth is vuln
Result for gre_print_0:vuln , truth is vuln
fail to determine
Result for handle_ppp:None , truth is vuln
------------------------------------------
Detecing CVE:CVE-2017-12897
Result for isoclns_print:vuln , truth is vuln
Result for juniper_mlppp_print:vuln , truth is vuln
Result for juniper_mfr_print:vuln , truth is vuln
Result for juniper_mlfr_print:vuln , truth is vuln
Result for juniper_atm1_print:vuln , truth is vuln
Result for juniper_atm2_print:vuln , truth is vuln
Detection for: /data/zhangxb//binaries/target_clang/tcpdump/tcpdump-4.9.3-o0-tcpdump
Result for atm_if_print:patch , truth is patch
Result for chdlc_print:vuln , truth is patch
fail to determine
Result for ethertype_print:None , truth is patch
Result for fr_print:vuln , truth is patch
Result for llc_print:vuln , truth is vuln
fail to determine
Result for mpls_print:None , truth is vuln
Result for null_if_print:vuln , truth is vuln
Result for gre_print_0:vuln , truth is patch
fail to determine
Result for handle_ppp:None , truth is vuln
------------------------------------------
Detecing CVE:CVE-2017-12897
Result for isoclns_print:patch , truth is patch
fail to determine
Result for juniper_mlppp_print:None , truth is patch
fail to determine
Result for juniper_mfr_print:None , truth is patch
fail to determine
Result for juniper_mlfr_print:None , truth is patch
fail to determine
Result for juniper_atm1_print:None , truth is patch
fail to determine
Result for juniper_atm2_print:None , truth is patch
Detection for: /data/zhangxb//binaries/target_clang/tcpdump/tcpdump-4.9.0-o0-tcpdump
Result for atm_if_print:patch , truth is vuln
Result for chdlc_print:vuln , truth is vuln
Result for ethertype_print:vuln , truth is vuln
Result for fr_print:vuln , truth is vuln
Result for llc_print:vuln , truth is patch
fail to determine
Result for mpls_print:None , truth is patch
Result for gre_print_0:vuln , truth is vuln
fail to determine
Result for null_if_print:None , truth is patch
fail to determine
Result for handle_ppp:None , truth is patch
------------------------------------------
Detecing CVE:CVE-2017-12897
Result for isoclns_print:vuln , truth is vuln
Result for juniper_mlppp_print:vuln , truth is vuln
Result for juniper_mfr_print:vuln , truth is vuln
Result for juniper_mlfr_print:vuln , truth is vuln
Result for juniper_atm1_print:vuln , truth is vuln
Result for juniper_atm2_print:vuln , truth is vuln
Detection for: /data/zhangxb//binaries/target_clang/tcpdump/tcpdump-4.99.0-bp-o0-tcpdump
Result for atm_if_print:patch , truth is patch
fail to determine
Result for chdlc_print:None , truth is patch
fail to determine
Result for ethertype_print:None , truth is patch
Result for llc_print:vuln , truth is vuln
Result for fr_print:vuln , truth is patch
fail to determine
Result for mpls_print:None , truth is vuln
Result for null_if_print:vuln , truth is vuln
fail to determine
Result for gre_print_0:None , truth is patch
fail to determine
Result for handle_ppp:None , truth is vuln
------------------------------------------
Detecing CVE:CVE-2017-12897
Result for isoclns_print:patch , truth is patch
Result for juniper_mlppp_print:None , truth is patch
Result for juniper_mfr_print:None , truth is patch
Result for juniper_mlfr_print:None , truth is patch
Result for juniper_atm1_print:None , truth is patch
Result for juniper_atm2_print:None , truth is patch
Detection for: /data/zhangxb//binaries/target_clang/tcpdump/tcpdump-4.8.1-o0-tcpdump
Result for atm_if_print:patch , truth is vuln
fail to determine
Result for chdlc_print:None , truth is vuln
Result for llc_print:vuln , truth is patch
fail to determine
Result for ethertype_print:None , truth is vuln
fail to determine
Result for mpls_print:None , truth is patch
fail to determine
Result for null_if_print:None , truth is patch
fail to determine
Result for fr_print:None , truth is vuln
fail to determine
Result for handle_ppp:None , truth is patch
------------------------------------------
Detecing CVE:CVE-2017-12897
fail to determine
Result for gre_print_0:None , truth is vuln
Result for isoclns_print:vuln , truth is vuln
Result for juniper_mlppp_print:vuln , truth is vuln
Detection for: /data/zhangxb//binaries/target_clang/tcpdump/tcpdump-4.99-bp-o0-tcpdump
Result for juniper_mfr_print:vuln , truth is vuln
Result for atm_if_print:patch , truth is patch
Result for juniper_mlfr_print:vuln , truth is vuln
Result for juniper_atm1_print:vuln , truth is vuln
fail to determine
Result for chdlc_print:None , truth is patch
Result for juniper_atm2_print:vuln , truth is vuln
fail to determine
Result for ethertype_print:None , truth is patch
Result for fr_print:vuln , truth is patch
Result for llc_print:vuln , truth is vuln
fail to determine
Result for gre_print_0:None , truth is patch
fail to determine
Result for mpls_print:None , truth is vuln
Result for null_if_print:vuln , truth is vuln
Result for isoclns_print:patch , truth is patch
Result for juniper_mlppp_print:None , truth is patch
Result for juniper_mfr_print:None , truth is patch
Result for juniper_mlfr_print:None , truth is patch
Result for juniper_atm1_print:None , truth is patch
Result for juniper_atm2_print:None , truth is patch
fail to determine
Result for handle_ppp:None , truth is vuln
------------------------------------------
Detecing CVE:CVE-2017-12897
Detection for: /data/zhangxb//binaries/target_clang/tcpdump/tcpdump-4.9.3-o0-tcpdump
Result for llc_print:vuln , truth is patch
Result for atm_if_print:patch , truth is patch
Result for chdlc_print:vuln , truth is patch
fail to determine
Result for mpls_print:None , truth is patch
fail to determine
Result for null_if_print:None , truth is patch
fail to determine
Result for ethertype_print:None , truth is patch
fail to determine
Result for handle_ppp:None , truth is patch
------------------------------------------
Detecing CVE:CVE-2017-12898
Result for fr_print:vuln , truth is patch
Detection for: /data/zhangxb//binaries/target_clang/tcpdump/tcpdump-4.9.1-o0-tcpdump
Result for gre_print_0:vuln , truth is patch
Result for isoclns_print:patch , truth is patch
fail to determine
Result for juniper_mlppp_print:None , truth is patch
fail to determine
Result for juniper_mfr_print:None , truth is patch
fail to determine
Result for juniper_mlfr_print:None , truth is patch
fail to determine
Result for juniper_atm1_print:None , truth is patch
fail to determine
Result for juniper_atm2_print:None , truth is patch
Result for nfsreq_print_noaddr:vuln , truth is vuln
Result for parserep:patch , truth is vuln
Result for llc_print:vuln , truth is patch
fail to determine
Result for mpls_print:None , truth is patch
fail to determine
Result for null_if_print:None , truth is patch
Result for interp_reply:patch , truth is vuln
------------------------------------------
Detecing CVE:CVE-2017-12898
fail to determine
Result for handle_ppp:None , truth is patch
------------------------------------------
Detecing CVE:CVE-2017-12897
Detection for: /data/zhangxb//binaries/target_clang/tcpdump/tcpdump-4.9.0-o0-tcpdump
Detection for: /data/zhangxb//binaries/target_clang/tcpdump/tcpdump-4.99.0-bp-o0-tcpdump
Result for atm_if_print:patch , truth is patch
fail to determine
Result for chdlc_print:None , truth is patch
fail to determine
Result for ethertype_print:None , truth is patch
Result for fr_print:vuln , truth is patch
Result for nfsreq_print_noaddr:vuln , truth is vuln
fail to determine
Result for gre_print_0:None , truth is patch
Result for parserep:patch , truth is vuln
Result for isoclns_print:patch , truth is patch
Result for juniper_mlppp_print:None , truth is patch
Result for juniper_mfr_print:None , truth is patch
Result for juniper_mlfr_print:None , truth is patch
Result for juniper_atm1_print:None , truth is patch
Result for juniper_atm2_print:None , truth is patch
Result for interp_reply:patch , truth is vuln
------------------------------------------
Detecing CVE:CVE-2017-12898
Result for llc_print:vuln , truth is patch
fail to determine
Result for mpls_print:None , truth is patch
fail to determine
Result for null_if_print:None , truth is patch
Detection for: /data/zhangxb//binaries/target_clang/tcpdump/tcpdump-4.8.1-o0-tcpdump
fail to determine
Result for handle_ppp:None , truth is patch
------------------------------------------
Detecing CVE:CVE-2017-12897
Detection for: /data/zhangxb//binaries/target_clang/tcpdump/tcpdump-4.99-bp-o0-tcpdump
Result for atm_if_print:patch , truth is patch
fail to determine
Result for chdlc_print:None , truth is patch
fail to determine
Result for ethertype_print:None , truth is patch
Result for fr_print:vuln , truth is patch
Result for nfsreq_print_noaddr:vuln , truth is vuln
fail to determine
Result for parserep:None , truth is vuln
fail to determine
Result for gre_print_0:None , truth is patch
Result for isoclns_print:patch , truth is patch
Result for juniper_mlppp_print:None , truth is patch
Result for juniper_mfr_print:None , truth is patch
Result for juniper_mlfr_print:None , truth is patch
Result for juniper_atm1_print:None , truth is patch
Result for juniper_atm2_print:None , truth is patch
Result for interp_reply:vuln , truth is vuln
------------------------------------------
Detecing CVE:CVE-2017-12898
Result for llc_print:vuln , truth is patch
fail to determine
Result for mpls_print:None , truth is patch
fail to determine
Result for null_if_print:None , truth is patch
Detection for: /data/zhangxb//binaries/target_clang/tcpdump/tcpdump-4.9.3-o0-tcpdump
fail to determine
Result for handle_ppp:None , truth is patch
------------------------------------------
Detecing CVE:CVE-2017-12898
Detection for: /data/zhangxb//binaries/target_clang/tcpdump/tcpdump-4.9.1-o0-tcpdump
Result for nfsreq_print_noaddr:vuln , truth is patch
Result for parserep:patch , truth is patch
Result for nfsreq_print_noaddr:vuln , truth is vuln
Result for parserep:patch , truth is vuln
Result for interp_reply:patch , truth is patch
------------------------------------------
Detecing CVE:CVE-2017-12898
Result for interp_reply:patch , truth is vuln
------------------------------------------
Detecing CVE:CVE-2017-12898
Detection for: /data/zhangxb//binaries/target_clang/tcpdump/tcpdump-4.99.0-bp-o0-tcpdump
Result for nfsreq_print_noaddr:None , truth is patch
fail to determine
Result for parserep:None , truth is patch
Detection for: /data/zhangxb//binaries/target_clang/tcpdump/tcpdump-4.9.0-o0-tcpdump
Result for interp_reply:vuln , truth is patch
------------------------------------------
Detecing CVE:CVE-2017-12898
Result for nfsreq_print_noaddr:vuln , truth is vuln
Detection for: /data/zhangxb//binaries/target_clang/tcpdump/tcpdump-4.99-bp-o0-tcpdump
Result for nfsreq_print_noaddr:None , truth is patch
Result for parserep:patch , truth is vuln
fail to determine
Result for parserep:None , truth is patch
Result for interp_reply:patch , truth is vuln
------------------------------------------
Detecing CVE:CVE-2017-12898
Result for interp_reply:vuln , truth is patch
------------------------------------------
Detecing CVE:CVE-2017-12899
Detection for: /data/zhangxb//binaries/target_clang/tcpdump/tcpdump-4.8.1-o0-tcpdump
Detection for: /data/zhangxb//binaries/target_clang/tcpdump/tcpdump-4.9.1-o0-tcpdump
Result for decnet_print:vuln , truth is vuln
------------------------------------------
Detecing CVE:CVE-2017-12899
Detection for: /data/zhangxb//binaries/target_clang/tcpdump/tcpdump-4.9.0-o0-tcpdump
Result for nfsreq_print_noaddr:vuln , truth is vuln
fail to determine
Result for parserep:None , truth is vuln
Result for decnet_print:vuln , truth is vuln
------------------------------------------
Detecing CVE:CVE-2017-12899
Result for interp_reply:vuln , truth is vuln
------------------------------------------
Detecing CVE:CVE-2017-12898
Detection for: /data/zhangxb//binaries/target_clang/tcpdump/tcpdump-4.8.1-o0-tcpdump
Detection for: /data/zhangxb//binaries/target_clang/tcpdump/tcpdump-4.9.3-o0-tcpdump
Result for decnet_print:vuln , truth is vuln
------------------------------------------
Detecing CVE:CVE-2017-12899
Detection for: /data/zhangxb//binaries/target_clang/tcpdump/tcpdump-4.9.3-o0-tcpdump
Result for decnet_print:patch , truth is patch
------------------------------------------
Detecing CVE:CVE-2017-12899
Result for nfsreq_print_noaddr:vuln , truth is patch
Result for parserep:patch , truth is patch
Detection for: /data/zhangxb//binaries/target_clang/tcpdump/tcpdump-4.99.0-bp-o0-tcpdump
Result for interp_reply:patch , truth is patch
------------------------------------------
Detecing CVE:CVE-2017-12898
Result for decnet_print:vuln , truth is patch
------------------------------------------
Detecing CVE:CVE-2017-12899
Detection for: /data/zhangxb//binaries/target_clang/tcpdump/tcpdump-4.99.0-bp-o0-tcpdump
Result for nfsreq_print_noaddr:None , truth is patch
fail to determine
Result for parserep:None , truth is patch
Detection for: /data/zhangxb//binaries/target_clang/tcpdump/tcpdump-4.99-bp-o0-tcpdump
Result for decnet_print:vuln , truth is patch
------------------------------------------
Detecing CVE:CVE-2017-12901
Result for interp_reply:vuln , truth is patch
------------------------------------------
Detecing CVE:CVE-2017-12898
Detection for: /data/zhangxb//binaries/target_clang/tcpdump/tcpdump-4.9.1-o0-tcpdump
Detection for: /data/zhangxb//binaries/target_clang/tcpdump/tcpdump-4.99-bp-o0-tcpdump
Result for nfsreq_print_noaddr:None , truth is patch
fail to determine
Result for parserep:None , truth is patch
Result for interp_reply:vuln , truth is patch
------------------------------------------
Detecing CVE:CVE-2017-12899
Detection for: /data/zhangxb//binaries/target_clang/tcpdump/tcpdump-4.9.1-o0-tcpdump
Result for eigrp_print:vuln , truth is vuln
------------------------------------------
Detecing CVE:CVE-2017-12901
Result for decnet_print:vuln , truth is vuln
------------------------------------------
Detecing CVE:CVE-2017-12899
Detection for: /data/zhangxb//binaries/target_clang/tcpdump/tcpdump-4.9.0-o0-tcpdump
Detection for: /data/zhangxb//binaries/target_clang/tcpdump/tcpdump-4.9.0-o0-tcpdump
Result for decnet_print:vuln , truth is vuln
------------------------------------------
Detecing CVE:CVE-2017-12899
Detection for: /data/zhangxb//binaries/target_clang/tcpdump/tcpdump-4.8.1-o0-tcpdump
Result for decnet_print:vuln , truth is vuln
------------------------------------------
Detecing CVE:CVE-2017-12899
Result for eigrp_print:vuln , truth is vuln
------------------------------------------
Detecing CVE:CVE-2017-12901
Detection for: /data/zhangxb//binaries/target_clang/tcpdump/tcpdump-4.9.3-o0-tcpdump
Detection for: /data/zhangxb//binaries/target_clang/tcpdump/tcpdump-4.8.1-o0-tcpdump
Result for decnet_print:patch , truth is patch
------------------------------------------
Detecing CVE:CVE-2017-12899
Detection for: /data/zhangxb//binaries/target_clang/tcpdump/tcpdump-4.99.0-bp-o0-tcpdump
Result for decnet_print:vuln , truth is patch
------------------------------------------
Detecing CVE:CVE-2017-12899
Detection for: /data/zhangxb//binaries/target_clang/tcpdump/tcpdump-4.99-bp-o0-tcpdump
Result for eigrp_print:vuln , truth is vuln
------------------------------------------
Detecing CVE:CVE-2017-12901
Result for decnet_print:vuln , truth is patch
------------------------------------------
Detecing CVE:CVE-2017-12901
Detection for: /data/zhangxb//binaries/target_clang/tcpdump/tcpdump-4.9.3-o0-tcpdump
Detection for: /data/zhangxb//binaries/target_clang/tcpdump/tcpdump-4.9.1-o0-tcpdump
Result for eigrp_print:vuln , truth is vuln
------------------------------------------
Detecing CVE:CVE-2017-12901
Detection for: /data/zhangxb//binaries/target_clang/tcpdump/tcpdump-4.9.0-o0-tcpdump
Result for eigrp_print:patch , truth is patch
------------------------------------------
Detecing CVE:CVE-2017-12901
Result for eigrp_print:vuln , truth is vuln
------------------------------------------
Detecing CVE:CVE-2017-12901
Detection for: /data/zhangxb//binaries/target_clang/tcpdump/tcpdump-4.99.0-bp-o0-tcpdump
Detection for: /data/zhangxb//binaries/target_clang/tcpdump/tcpdump-4.8.1-o0-tcpdump
Result for eigrp_print:vuln , truth is vuln
------------------------------------------
Detecing CVE:CVE-2017-12901
Detection for: /data/zhangxb//binaries/target_clang/tcpdump/tcpdump-4.9.3-o0-tcpdump
Result for eigrp_print:vuln , truth is patch
------------------------------------------
Detecing CVE:CVE-2017-12901
Detection for: /data/zhangxb//binaries/target_clang/tcpdump/tcpdump-4.99-bp-o0-tcpdump
Result for eigrp_print:patch , truth is patch
------------------------------------------
Detecing CVE:CVE-2017-12901
Result for eigrp_print:vuln , truth is patch
------------------------------------------
Detecing CVE:CVE-2017-12902
Detection for: /data/zhangxb//binaries/target_clang/tcpdump/tcpdump-4.99.0-bp-o0-tcpdump
Detection for: /data/zhangxb//binaries/target_clang/tcpdump/tcpdump-4.9.1-o0-tcpdump
fail to determine
Result for zephyr_print:None , truth is vuln
------------------------------------------
Detecing CVE:CVE-2017-12902
Detection for: /data/zhangxb//binaries/target_clang/tcpdump/tcpdump-4.9.0-o0-tcpdump
fail to determine
Result for zephyr_print:None , truth is vuln
------------------------------------------
Detecing CVE:CVE-2017-12902
Result for eigrp_print:vuln , truth is patch
------------------------------------------
Detecing CVE:CVE-2017-12901
Detection for: /data/zhangxb//binaries/target_clang/tcpdump/tcpdump-4.8.1-o0-tcpdump
Detection for: /data/zhangxb//binaries/target_clang/tcpdump/tcpdump-4.99-bp-o0-tcpdump
fail to determine
Result for zephyr_print:None , truth is vuln
------------------------------------------
Detecing CVE:CVE-2017-12902
Detection for: /data/zhangxb//binaries/target_clang/tcpdump/tcpdump-4.9.3-o0-tcpdump
fail to determine
Result for zephyr_print:None , truth is patch
------------------------------------------
Detecing CVE:CVE-2017-12902
Result for eigrp_print:vuln , truth is patch
------------------------------------------
Detecing CVE:CVE-2017-12902
Detection for: /data/zhangxb//binaries/target_clang/tcpdump/tcpdump-4.99.0-bp-o0-tcpdump
Detection for: /data/zhangxb//binaries/target_clang/tcpdump/tcpdump-4.9.1-o0-tcpdump
fail to determine
Result for zephyr_print:None , truth is patch
------------------------------------------
Detecing CVE:CVE-2017-12902
fail to determine
Result for zephyr_print:None , truth is vuln
------------------------------------------
Detecing CVE:CVE-2017-12902
Detection for: /data/zhangxb//binaries/target_clang/tcpdump/tcpdump-4.99-bp-o0-tcpdump
Detection for: /data/zhangxb//binaries/target_clang/tcpdump/tcpdump-4.9.0-o0-tcpdump
fail to determine
Result for zephyr_print:None , truth is patch
------------------------------------------
Detecing CVE:CVE-2017-12985
fail to determine
Result for zephyr_print:None , truth is vuln
------------------------------------------
Detecing CVE:CVE-2017-12902
Detection for: /data/zhangxb//binaries/target_clang/tcpdump/tcpdump-4.9.1-o0-tcpdump
Detection for: /data/zhangxb//binaries/target_clang/tcpdump/tcpdump-4.8.1-o0-tcpdump
NotImplementedError Ijk_Ret
Result for ip6_print:vuln , truth is vuln
Result for mobility_print:vuln , truth is vuln
------------------------------------------
Detecing CVE:CVE-2017-12985
Detection for: /data/zhangxb//binaries/target_clang/tcpdump/tcpdump-4.9.0-o0-tcpdump
fail to determine
Result for zephyr_print:None , truth is vuln
------------------------------------------
Detecing CVE:CVE-2017-12902
NotImplementedError Ijk_Ret
Result for ip6_print:vuln , truth is vuln
Detection for: /data/zhangxb//binaries/target_clang/tcpdump/tcpdump-4.9.3-o0-tcpdump
Result for mobility_print:vuln , truth is vuln
------------------------------------------
Detecing CVE:CVE-2017-12985
Detection for: /data/zhangxb//binaries/target_clang/tcpdump/tcpdump-4.8.1-o0-tcpdump
NotImplementedError Ijk_Ret
Result for ip6_print:vuln , truth is vuln
fail to determine
Result for zephyr_print:None , truth is patch
------------------------------------------
Detecing CVE:CVE-2017-12902
fail to determine
Result for mobility_print:None , truth is vuln
------------------------------------------
Detecing CVE:CVE-2017-12985
Detection for: /data/zhangxb//binaries/target_clang/tcpdump/tcpdump-4.99.0-bp-o0-tcpdump
Detection for: /data/zhangxb//binaries/target_clang/tcpdump/tcpdump-4.9.3-o0-tcpdump
NotImplementedError Ijk_Ret
Result for ip6_print:patch , truth is patch
fail to determine
Result for zephyr_print:None , truth is patch
------------------------------------------
Detecing CVE:CVE-2017-12902
Result for mobility_print:vuln , truth is patch
------------------------------------------
Detecing CVE:CVE-2017-12985
Detection for: /data/zhangxb//binaries/target_clang/tcpdump/tcpdump-4.99-bp-o0-tcpdump
Detection for: /data/zhangxb//binaries/target_clang/tcpdump/tcpdump-4.99.0-bp-o0-tcpdump
Result for ip6_print:vuln , truth is patch
fail to determine
Result for mobility_print:None , truth is patch
------------------------------------------
Detecing CVE:CVE-2017-12985
Detection for: /data/zhangxb//binaries/target_clang/tcpdump/tcpdump-4.99-bp-o0-tcpdump
fail to determine
Result for zephyr_print:None , truth is patch
------------------------------------------
Detecing CVE:CVE-2017-12985
Result for ip6_print:vuln , truth is patch
Detection for: /data/zhangxb//binaries/target_clang/tcpdump/tcpdump-4.9.1-o0-tcpdump
fail to determine
Result for mobility_print:None , truth is patch
------------------------------------------
Detecing CVE:CVE-2017-12987
NotImplementedError Ijk_Ret
Result for ip6_print:vuln , truth is vuln
Detection for: /data/zhangxb//binaries/target_clang/tcpdump/tcpdump-4.9.1-o0-tcpdump
Result for parse_elements:vuln , truth is vuln
------------------------------------------
Detecing CVE:CVE-2017-12987
Result for mobility_print:vuln , truth is vuln
------------------------------------------
Detecing CVE:CVE-2017-12985
Detection for: /data/zhangxb//binaries/target_clang/tcpdump/tcpdump-4.9.0-o0-tcpdump
Result for parse_elements:vuln , truth is vuln
------------------------------------------
Detecing CVE:CVE-2017-12987
Detection for: /data/zhangxb//binaries/target_clang/tcpdump/tcpdump-4.9.0-o0-tcpdump
NotImplementedError Ijk_Ret
Detection for: /data/zhangxb//binaries/target_clang/tcpdump/tcpdump-4.8.1-o0-tcpdump
Result for ip6_print:vuln , truth is vuln
Result for parse_elements:vuln , truth is vuln
------------------------------------------
Detecing CVE:CVE-2017-12987
Detection for: /data/zhangxb//binaries/target_clang/tcpdump/tcpdump-4.9.3-o0-tcpdump
Result for mobility_print:vuln , truth is vuln
------------------------------------------
Detecing CVE:CVE-2017-12985
Result for parse_elements:vuln , truth is patch
------------------------------------------
Detecing CVE:CVE-2017-12987
Detection for: /data/zhangxb//binaries/target_clang/tcpdump/tcpdump-4.8.1-o0-tcpdump
Detection for: /data/zhangxb//binaries/target_clang/tcpdump/tcpdump-4.99.0-bp-o0-tcpdump
Result for parse_elements:vuln , truth is patch
------------------------------------------
Detecing CVE:CVE-2017-12987
NotImplementedError Ijk_Ret
Result for ip6_print:vuln , truth is vuln
Detection for: /data/zhangxb//binaries/target_clang/tcpdump/tcpdump-4.99-bp-o0-tcpdump
Result for parse_elements:vuln , truth is patch
------------------------------------------
Detecing CVE:CVE-2017-12988
fail to determine
Result for mobility_print:None , truth is vuln
------------------------------------------
Detecing CVE:CVE-2017-12985
Detection for: /data/zhangxb//binaries/target_clang/tcpdump/tcpdump-4.9.1-o0-tcpdump
Detection for: /data/zhangxb//binaries/target_clang/tcpdump/tcpdump-4.9.3-o0-tcpdump
NotImplementedError Ijk_Ret
Result for telnet_parse:patch , truth is vuln
------------------------------------------
Detecing CVE:CVE-2017-12988
Result for ip6_print:patch , truth is patch
Detection for: /data/zhangxb//binaries/target_clang/tcpdump/tcpdump-4.9.0-o0-tcpdump
Result for mobility_print:vuln , truth is patch
------------------------------------------
Detecing CVE:CVE-2017-12985
Result for telnet_parse:patch , truth is vuln
------------------------------------------
Detecing CVE:CVE-2017-12988
Detection for: /data/zhangxb//binaries/target_clang/tcpdump/tcpdump-4.99.0-bp-o0-tcpdump
Result for ip6_print:vuln , truth is patch
Detection for: /data/zhangxb//binaries/target_clang/tcpdump/tcpdump-4.8.1-o0-tcpdump
fail to determine
Result for mobility_print:None , truth is patch
------------------------------------------
Detecing CVE:CVE-2017-12985
Result for telnet_parse:vuln , truth is vuln
------------------------------------------
Detecing CVE:CVE-2017-12988
Detection for: /data/zhangxb//binaries/target_clang/tcpdump/tcpdump-4.99-bp-o0-tcpdump
Detection for: /data/zhangxb//binaries/target_clang/tcpdump/tcpdump-4.9.3-o0-tcpdump
Result for ip6_print:vuln , truth is patch
fail to determine
Result for mobility_print:None , truth is patch
------------------------------------------
Detecing CVE:CVE-2017-12987
Result for telnet_parse:patch , truth is patch
------------------------------------------
Detecing CVE:CVE-2017-12988
Detection for: /data/zhangxb//binaries/target_clang/tcpdump/tcpdump-4.9.1-o0-tcpdump
Result for parse_elements:vuln , truth is vuln
------------------------------------------
Detecing CVE:CVE-2017-12987
Detection for: /data/zhangxb//binaries/target_clang/tcpdump/tcpdump-4.99.0-bp-o0-tcpdump
Result for telnet_parse:vuln , truth is patch
------------------------------------------
Detecing CVE:CVE-2017-12988
Detection for: /data/zhangxb//binaries/target_clang/tcpdump/tcpdump-4.9.0-o0-tcpdump
Result for parse_elements:vuln , truth is vuln
------------------------------------------
Detecing CVE:CVE-2017-12987
Detection for: /data/zhangxb//binaries/target_clang/tcpdump/tcpdump-4.99-bp-o0-tcpdump
Detection for: /data/zhangxb//binaries/target_clang/tcpdump/tcpdump-4.8.1-o0-tcpdump
Result for parse_elements:vuln , truth is vuln
------------------------------------------
Detecing CVE:CVE-2017-12987
Result for telnet_parse:vuln , truth is patch
------------------------------------------
Detecing CVE:CVE-2017-12989
Detection for: /data/zhangxb//binaries/target_clang/tcpdump/tcpdump-4.9.3-o0-tcpdump
Detection for: /data/zhangxb//binaries/target_clang/tcpdump/tcpdump-4.9.1-o0-tcpdump
fail to determine
Result for resp_get_length:None , truth is vuln
------------------------------------------
Detecing CVE:CVE-2017-12989
Result for parse_elements:vuln , truth is patch
------------------------------------------
Detecing CVE:CVE-2017-12987
Detection for: /data/zhangxb//binaries/target_clang/tcpdump/tcpdump-4.9.0-o0-tcpdump
Detection for: /data/zhangxb//binaries/target_clang/tcpdump/tcpdump-4.99.0-bp-o0-tcpdump
fail to determine
Result for resp_get_length:None , truth is vuln
------------------------------------------
Detecing CVE:CVE-2017-12989
Result for parse_elements:vuln , truth is patch
------------------------------------------
Detecing CVE:CVE-2017-12987
Detection for: /data/zhangxb//binaries/target_clang/tcpdump/tcpdump-4.8.1-o0-tcpdump
no function dict_keys(['resp_get_length']) in target
------------------------------------------
Detecing CVE:CVE-2017-12989
Detection for: /data/zhangxb//binaries/target_clang/tcpdump/tcpdump-4.99-bp-o0-tcpdump
Result for parse_elements:vuln , truth is patch
------------------------------------------
Detecing CVE:CVE-2017-12988
Detection for: /data/zhangxb//binaries/target_clang/tcpdump/tcpdump-4.9.3-o0-tcpdump
fail to determine
Result for resp_get_length:None , truth is patch
------------------------------------------
Detecing CVE:CVE-2017-12989
Detection for: /data/zhangxb//binaries/target_clang/tcpdump/tcpdump-4.9.1-o0-tcpdump
Detection for: /data/zhangxb//binaries/target_clang/tcpdump/tcpdump-4.99.0-bp-o0-tcpdump
fail to determine
Result for resp_get_length:None , truth is patch
------------------------------------------
Detecing CVE:CVE-2017-12989
Result for telnet_parse:patch , truth is vuln
------------------------------------------
Detecing CVE:CVE-2017-12988
Detection for: /data/zhangxb//binaries/target_clang/tcpdump/tcpdump-4.99-bp-o0-tcpdump
fail to determine
Result for resp_get_length:None , truth is patch
------------------------------------------
Detecing CVE:CVE-2017-12990
Detection for: /data/zhangxb//binaries/target_clang/tcpdump/tcpdump-4.9.0-o0-tcpdump
Detection for: /data/zhangxb//binaries/target_clang/tcpdump/tcpdump-4.9.1-o0-tcpdump
Result for telnet_parse:patch , truth is vuln
------------------------------------------
Detecing CVE:CVE-2017-12988
fail to determine
Result for ikev1_nonce_print:None , truth is vuln
Detection for: /data/zhangxb//binaries/target_clang/tcpdump/tcpdump-4.8.1-o0-tcpdump
Result for telnet_parse:vuln , truth is vuln
------------------------------------------
Detecing CVE:CVE-2017-12988
Result for ikev1_n_print:vuln , truth is vuln
fail to determine
Result for ikev2_auth_print:None , truth is vuln
Detection for: /data/zhangxb//binaries/target_clang/tcpdump/tcpdump-4.9.3-o0-tcpdump
Result for ikev2_n_print:vuln , truth is vuln
------------------------------------------
Detecing CVE:CVE-2017-12990
Result for telnet_parse:patch , truth is patch
------------------------------------------
Detecing CVE:CVE-2017-12988
Detection for: /data/zhangxb//binaries/target_clang/tcpdump/tcpdump-4.9.0-o0-tcpdump
Detection for: /data/zhangxb//binaries/target_clang/tcpdump/tcpdump-4.99.0-bp-o0-tcpdump
fail to determine
Result for ikev1_nonce_print:None , truth is vuln
Result for telnet_parse:vuln , truth is patch
------------------------------------------
Detecing CVE:CVE-2017-12988
Detection for: /data/zhangxb//binaries/target_clang/tcpdump/tcpdump-4.99-bp-o0-tcpdump
Result for ikev1_n_print:vuln , truth is vuln
Result for telnet_parse:vuln , truth is patch
------------------------------------------
Detecing CVE:CVE-2017-12989
fail to determine
Result for ikev2_auth_print:None , truth is vuln
Detection for: /data/zhangxb//binaries/target_clang/tcpdump/tcpdump-4.9.1-o0-tcpdump
fail to determine
Result for resp_get_length:None , truth is vuln
------------------------------------------
Detecing CVE:CVE-2017-12989
Result for ikev2_n_print:vuln , truth is vuln
------------------------------------------
Detecing CVE:CVE-2017-12990
Detection for: /data/zhangxb//binaries/target_clang/tcpdump/tcpdump-4.9.0-o0-tcpdump
fail to determine
Result for resp_get_length:None , truth is vuln
------------------------------------------
Detecing CVE:CVE-2017-12989
Detection for: /data/zhangxb//binaries/target_clang/tcpdump/tcpdump-4.8.1-o0-tcpdump
fail to determine
Result for ikev1_nonce_print:None , truth is vuln
Detection for: /data/zhangxb//binaries/target_clang/tcpdump/tcpdump-4.8.1-o0-tcpdump
no function dict_keys(['resp_get_length']) in target
------------------------------------------
Detecing CVE:CVE-2017-12989
Detection for: /data/zhangxb//binaries/target_clang/tcpdump/tcpdump-4.9.3-o0-tcpdump
fail to determine
Result for resp_get_length:None , truth is patch
------------------------------------------
Detecing CVE:CVE-2017-12989
Result for ikev1_n_print:vuln , truth is vuln
Detection for: /data/zhangxb//binaries/target_clang/tcpdump/tcpdump-4.99.0-bp-o0-tcpdump
fail to determine
Result for resp_get_length:None , truth is patch
------------------------------------------
Detecing CVE:CVE-2017-12989
fail to determine
Result for ikev2_auth_print:None , truth is vuln
Detection for: /data/zhangxb//binaries/target_clang/tcpdump/tcpdump-4.99-bp-o0-tcpdump
Result for ikev2_n_print:vuln , truth is vuln
------------------------------------------
Detecing CVE:CVE-2017-12990
fail to determine
Result for resp_get_length:None , truth is patch
------------------------------------------
Detecing CVE:CVE-2017-12990
Detection for: /data/zhangxb//binaries/target_clang/tcpdump/tcpdump-4.9.3-o0-tcpdump
Detection for: /data/zhangxb//binaries/target_clang/tcpdump/tcpdump-4.9.1-o0-tcpdump
fail to determine
Result for ikev1_nonce_print:None , truth is patch
fail to determine
Result for ikev1_nonce_print:None , truth is vuln
Result for ikev1_n_print:vuln , truth is vuln
Result for ikev1_n_print:patch , truth is patch
fail to determine
Result for ikev2_auth_print:None , truth is vuln
fail to determine
Result for ikev2_auth_print:None , truth is patch
Result for ikev2_n_print:vuln , truth is vuln
------------------------------------------
Detecing CVE:CVE-2017-12990
Result for ikev2_n_print:vuln , truth is patch
------------------------------------------
Detecing CVE:CVE-2017-12990
Detection for: /data/zhangxb//binaries/target_clang/tcpdump/tcpdump-4.9.0-o0-tcpdump
Detection for: /data/zhangxb//binaries/target_clang/tcpdump/tcpdump-4.99.0-bp-o0-tcpdump
fail to determine
Result for ikev1_nonce_print:None , truth is vuln
fail to determine
Result for ikev1_nonce_print:None , truth is patch
Result for ikev1_n_print:vuln , truth is vuln
Result for ikev1_n_print:patch , truth is patch
fail to determine
Result for ikev2_auth_print:None , truth is vuln
Result for ikev2_auth_print:patch , truth is patch
Result for ikev2_n_print:vuln , truth is vuln
------------------------------------------
Detecing CVE:CVE-2017-12990
fail to determine
Result for ikev2_n_print:None , truth is patch
------------------------------------------
Detecing CVE:CVE-2017-12990
Detection for: /data/zhangxb//binaries/target_clang/tcpdump/tcpdump-4.8.1-o0-tcpdump
Detection for: /data/zhangxb//binaries/target_clang/tcpdump/tcpdump-4.99-bp-o0-tcpdump
fail to determine
Result for ikev1_nonce_print:None , truth is vuln
fail to determine
Result for ikev1_nonce_print:None , truth is patch
Result for ikev1_n_print:vuln , truth is vuln
Result for ikev1_n_print:patch , truth is patch
fail to determine
Result for ikev2_auth_print:None , truth is vuln
Result for ikev2_auth_print:patch , truth is patch
Result for ikev2_n_print:vuln , truth is vuln
------------------------------------------
Detecing CVE:CVE-2017-12990
fail to determine
Result for ikev2_n_print:None , truth is patch
------------------------------------------
Detecing CVE:CVE-2017-12991
Detection for: /data/zhangxb//binaries/target_clang/tcpdump/tcpdump-4.9.3-o0-tcpdump
Detection for: /data/zhangxb//binaries/target_clang/tcpdump/tcpdump-4.9.1-o0-tcpdump
fail to determine
Result for ikev1_nonce_print:None , truth is patch
Result for ikev1_n_print:patch , truth is patch
fail to determine
Result for ikev2_auth_print:None , truth is patch
Result for ikev2_n_print:vuln , truth is patch
------------------------------------------
Detecing CVE:CVE-2017-12990
Detection for: /data/zhangxb//binaries/target_clang/tcpdump/tcpdump-4.99.0-bp-o0-tcpdump
fail to determine
Result for ikev1_nonce_print:None , truth is patch
Result for ikev1_n_print:patch , truth is patch
Result for ikev2_auth_print:patch , truth is patch
fail to determine
Result for ikev2_n_print:None , truth is patch
------------------------------------------
Detecing CVE:CVE-2017-12990
Detection for: /data/zhangxb//binaries/target_clang/tcpdump/tcpdump-4.99-bp-o0-tcpdump
fail to determine
Result for ikev1_nonce_print:None , truth is patch
Result for ikev1_n_print:patch , truth is patch
Result for ikev2_auth_print:patch , truth is patch
fail to determine
Result for ikev2_n_print:None , truth is patch
------------------------------------------
Detecing CVE:CVE-2017-12991
Detection for: /data/zhangxb//binaries/target_clang/tcpdump/tcpdump-4.9.1-o0-tcpdump
NotImplementedError Ijk_Ret
Result for bgp_attr_print:patch , truth is vuln
------------------------------------------
Detecing CVE:CVE-2017-12991
Detection for: /data/zhangxb//binaries/target_clang/tcpdump/tcpdump-4.9.0-o0-tcpdump
NotImplementedError Ijk_Ret
Result for bgp_attr_print:patch , truth is vuln
------------------------------------------
Detecing CVE:CVE-2017-12991
Detection for: /data/zhangxb//binaries/target_clang/tcpdump/tcpdump-4.9.0-o0-tcpdump
NotImplementedError Ijk_Ret
Result for bgp_attr_print:patch , truth is vuln
------------------------------------------
Detecing CVE:CVE-2017-12991
Detection for: /data/zhangxb//binaries/target_clang/tcpdump/tcpdump-4.8.1-o0-tcpdump
NotImplementedError Ijk_Ret
Result for bgp_attr_print:patch , truth is vuln
------------------------------------------
Detecing CVE:CVE-2017-12991
Detection for: /data/zhangxb//binaries/target_clang/tcpdump/tcpdump-4.8.1-o0-tcpdump
NotImplementedError Ijk_Ret
Result for bgp_attr_print:vuln , truth is vuln
------------------------------------------
Detecing CVE:CVE-2017-12991
Detection for: /data/zhangxb//binaries/target_clang/tcpdump/tcpdump-4.9.3-o0-tcpdump
NotImplementedError Ijk_Ret
Result for bgp_attr_print:vuln , truth is vuln
------------------------------------------
Detecing CVE:CVE-2017-12991
Detection for: /data/zhangxb//binaries/target_clang/tcpdump/tcpdump-4.9.3-o0-tcpdump
NotImplementedError Ijk_Ret
Result for bgp_attr_print:patch , truth is patch
------------------------------------------
Detecing CVE:CVE-2017-12991
Detection for: /data/zhangxb//binaries/target_clang/tcpdump/tcpdump-4.99.0-bp-o0-tcpdump
NotImplementedError Ijk_Ret
Result for bgp_attr_print:vuln , truth is patch
------------------------------------------
Detecing CVE:CVE-2017-12991
Detection for: /data/zhangxb//binaries/target_clang/tcpdump/tcpdump-4.99-bp-o0-tcpdump
NotImplementedError Ijk_Ret
Result for bgp_attr_print:patch , truth is patch
------------------------------------------
Detecing CVE:CVE-2017-12991
Detection for: /data/zhangxb//binaries/target_clang/tcpdump/tcpdump-4.99.0-bp-o0-tcpdump
NotImplementedError Ijk_Ret
Result for bgp_attr_print:vuln , truth is patch
------------------------------------------
Detecing CVE:CVE-2017-12992
Detection for: /data/zhangxb//binaries/target_clang/tcpdump/tcpdump-4.9.1-o0-tcpdump
NotImplementedError Ijk_Ret
Result for bgp_attr_print:vuln , truth is patch
------------------------------------------
Detecing CVE:CVE-2017-12991
Detection for: /data/zhangxb//binaries/target_clang/tcpdump/tcpdump-4.99-bp-o0-tcpdump
Result for ripng_print:vuln , truth is vuln
------------------------------------------
Detecing CVE:CVE-2017-12992
Detection for: /data/zhangxb//binaries/target_clang/tcpdump/tcpdump-4.9.0-o0-tcpdump
NotImplementedError Ijk_Ret
Result for bgp_attr_print:vuln , truth is patch
------------------------------------------
Detecing CVE:CVE-2017-12992
Detection for: /data/zhangxb//binaries/target_clang/tcpdump/tcpdump-4.9.1-o0-tcpdump
Result for ripng_print:vuln , truth is vuln
------------------------------------------
Detecing CVE:CVE-2017-12992
Detection for: /data/zhangxb//binaries/target_clang/tcpdump/tcpdump-4.8.1-o0-tcpdump
Result for ripng_print:vuln , truth is vuln
------------------------------------------
Detecing CVE:CVE-2017-12992
Detection for: /data/zhangxb//binaries/target_clang/tcpdump/tcpdump-4.9.0-o0-tcpdump
Result for ripng_print:vuln , truth is vuln
------------------------------------------
Detecing CVE:CVE-2017-12992
Detection for: /data/zhangxb//binaries/target_clang/tcpdump/tcpdump-4.9.3-o0-tcpdump
Result for ripng_print:vuln , truth is vuln
------------------------------------------
Detecing CVE:CVE-2017-12992
Detection for: /data/zhangxb//binaries/target_clang/tcpdump/tcpdump-4.8.1-o0-tcpdump
Result for ripng_print:patch , truth is patch
------------------------------------------
Detecing CVE:CVE-2017-12992
Detection for: /data/zhangxb//binaries/target_clang/tcpdump/tcpdump-4.99.0-bp-o0-tcpdump
Result for ripng_print:vuln , truth is vuln
------------------------------------------
Detecing CVE:CVE-2017-12992
Detection for: /data/zhangxb//binaries/target_clang/tcpdump/tcpdump-4.9.3-o0-tcpdump
Result for ripng_print:patch , truth is patch
------------------------------------------
Detecing CVE:CVE-2017-12992
Detection for: /data/zhangxb//binaries/target_clang/tcpdump/tcpdump-4.99-bp-o0-tcpdump
Result for ripng_print:patch , truth is patch
------------------------------------------
Detecing CVE:CVE-2017-12992
Result for ripng_print:patch , truth is patch
------------------------------------------
Detecing CVE:CVE-2017-12993
Detection for: /data/zhangxb//binaries/target_clang/tcpdump/tcpdump-4.99.0-bp-o0-tcpdump
Detection for: /data/zhangxb//binaries/target_clang/tcpdump/tcpdump-4.9.1-o0-tcpdump
Result for juniper_ggsn_print:vuln , truth is vuln
Result for juniper_es_print:vuln , truth is vuln
Result for juniper_monitor_print:vuln , truth is vuln
Result for juniper_services_print:vuln , truth is vuln
Result for juniper_pppoe_atm_print:vuln , truth is vuln
Result for juniper_atm1_print:vuln , truth is vuln
Result for juniper_atm2_print:vuln , truth is vuln
Result for juniper_parse_header:vuln , truth is vuln
------------------------------------------
Detecing CVE:CVE-2017-12993
Detection for: /data/zhangxb//binaries/target_clang/tcpdump/tcpdump-4.9.0-o0-tcpdump
Result for juniper_ggsn_print:vuln , truth is vuln
Result for juniper_es_print:vuln , truth is vuln
Result for juniper_monitor_print:vuln , truth is vuln
Result for juniper_services_print:vuln , truth is vuln
Result for juniper_pppoe_atm_print:vuln , truth is vuln
Result for juniper_atm1_print:vuln , truth is vuln
Result for juniper_atm2_print:vuln , truth is vuln
Result for juniper_parse_header:vuln , truth is vuln
------------------------------------------
Detecing CVE:CVE-2017-12993
Detection for: /data/zhangxb//binaries/target_clang/tcpdump/tcpdump-4.8.1-o0-tcpdump
Result for juniper_ggsn_print:vuln , truth is vuln
Result for juniper_es_print:vuln , truth is vuln
Result for juniper_monitor_print:vuln , truth is vuln
Result for juniper_services_print:vuln , truth is vuln
Result for juniper_pppoe_atm_print:vuln , truth is vuln
Result for juniper_atm1_print:vuln , truth is vuln
Result for juniper_atm2_print:vuln , truth is vuln
Result for ripng_print:patch , truth is patch
------------------------------------------
Detecing CVE:CVE-2017-12992
Detection for: /data/zhangxb//binaries/target_clang/tcpdump/tcpdump-4.99-bp-o0-tcpdump
Result for juniper_parse_header:vuln , truth is vuln
------------------------------------------
Detecing CVE:CVE-2017-12993
Detection for: /data/zhangxb//binaries/target_clang/tcpdump/tcpdump-4.9.3-o0-tcpdump
Result for juniper_ggsn_print:patch , truth is patch
Result for juniper_es_print:patch , truth is patch
Result for juniper_monitor_print:patch , truth is patch
Result for juniper_services_print:patch , truth is patch
Result for juniper_pppoe_atm_print:patch , truth is patch
Result for juniper_atm1_print:patch , truth is patch
Result for juniper_atm2_print:patch , truth is patch
Result for juniper_parse_header:vuln , truth is patch
------------------------------------------
Detecing CVE:CVE-2017-12993
Detection for: /data/zhangxb//binaries/target_clang/tcpdump/tcpdump-4.99.0-bp-o0-tcpdump
Result for juniper_ggsn_print:None , truth is patch
Result for juniper_es_print:None , truth is patch
Result for juniper_monitor_print:None , truth is patch
Result for juniper_services_print:None , truth is patch
Result for juniper_pppoe_atm_print:None , truth is patch
Result for juniper_atm1_print:None , truth is patch
Result for juniper_atm2_print:None , truth is patch
Result for juniper_parse_header:vuln , truth is patch
------------------------------------------
Detecing CVE:CVE-2017-12993
Detection for: /data/zhangxb//binaries/target_clang/tcpdump/tcpdump-4.99-bp-o0-tcpdump
Result for juniper_ggsn_print:None , truth is patch
Result for juniper_es_print:None , truth is patch
Result for juniper_monitor_print:None , truth is patch
Result for juniper_services_print:None , truth is patch
Result for juniper_pppoe_atm_print:None , truth is patch
Result for juniper_atm1_print:None , truth is patch
Result for juniper_atm2_print:None , truth is patch
Result for ripng_print:patch , truth is patch
------------------------------------------
Detecing CVE:CVE-2017-12993
Detection for: /data/zhangxb//binaries/target_clang/tcpdump/tcpdump-4.9.1-o0-tcpdump
Result for juniper_ggsn_print:vuln , truth is vuln
Result for juniper_es_print:vuln , truth is vuln
Result for juniper_monitor_print:vuln , truth is vuln
Result for juniper_services_print:vuln , truth is vuln
Result for juniper_pppoe_atm_print:vuln , truth is vuln
Result for juniper_atm1_print:vuln , truth is vuln
Result for juniper_parse_header:vuln , truth is patch
------------------------------------------
Detecing CVE:CVE-2017-12994
Result for juniper_atm2_print:vuln , truth is vuln
Detection for: /data/zhangxb//binaries/target_clang/tcpdump/tcpdump-4.9.1-o0-tcpdump
Result for juniper_parse_header:vuln , truth is vuln
------------------------------------------
Detecing CVE:CVE-2017-12993
Detection for: /data/zhangxb//binaries/target_clang/tcpdump/tcpdump-4.9.0-o0-tcpdump
Result for juniper_ggsn_print:vuln , truth is vuln
Result for juniper_es_print:vuln , truth is vuln
Result for juniper_monitor_print:vuln , truth is vuln
Result for juniper_services_print:vuln , truth is vuln
Result for juniper_pppoe_atm_print:vuln , truth is vuln
Result for juniper_atm1_print:vuln , truth is vuln
Result for juniper_atm2_print:vuln , truth is vuln
Result for juniper_parse_header:vuln , truth is vuln
------------------------------------------
Detecing CVE:CVE-2017-12993
Detection for: /data/zhangxb//binaries/target_clang/tcpdump/tcpdump-4.8.1-o0-tcpdump
Result for juniper_ggsn_print:vuln , truth is vuln
Result for juniper_es_print:vuln , truth is vuln
Result for juniper_monitor_print:vuln , truth is vuln
Result for juniper_services_print:vuln , truth is vuln
Result for juniper_pppoe_atm_print:vuln , truth is vuln
Result for juniper_atm1_print:vuln , truth is vuln
Result for juniper_atm2_print:vuln , truth is vuln
Result for juniper_parse_header:vuln , truth is vuln
------------------------------------------
Detecing CVE:CVE-2017-12993
Detection for: /data/zhangxb//binaries/target_clang/tcpdump/tcpdump-4.9.3-o0-tcpdump
Result for juniper_ggsn_print:patch , truth is patch
Result for juniper_es_print:patch , truth is patch
Result for juniper_monitor_print:patch , truth is patch
Result for juniper_services_print:patch , truth is patch
Result for juniper_pppoe_atm_print:patch , truth is patch
Result for juniper_atm1_print:patch , truth is patch
Result for juniper_atm2_print:patch , truth is patch
Result for juniper_parse_header:vuln , truth is patch
------------------------------------------
Detecing CVE:CVE-2017-12993
Detection for: /data/zhangxb//binaries/target_clang/tcpdump/tcpdump-4.99.0-bp-o0-tcpdump
Result for juniper_ggsn_print:None , truth is patch
Result for juniper_es_print:None , truth is patch
Result for juniper_monitor_print:None , truth is patch
Result for juniper_services_print:None , truth is patch
Result for juniper_pppoe_atm_print:None , truth is patch
Result for juniper_atm1_print:None , truth is patch
Result for juniper_atm2_print:None , truth is patch
Result for juniper_parse_header:vuln , truth is patch
------------------------------------------
Detecing CVE:CVE-2017-12993
Detection for: /data/zhangxb//binaries/target_clang/tcpdump/tcpdump-4.99-bp-o0-tcpdump
Result for juniper_ggsn_print:None , truth is patch
Result for juniper_es_print:None , truth is patch
Result for juniper_monitor_print:None , truth is patch
Result for juniper_services_print:None , truth is patch
Result for juniper_pppoe_atm_print:None , truth is patch
Result for juniper_atm1_print:None , truth is patch
Result for juniper_atm2_print:None , truth is patch
Result for juniper_parse_header:vuln , truth is patch
------------------------------------------
Detecing CVE:CVE-2017-12994
Detection for: /data/zhangxb//binaries/target_clang/tcpdump/tcpdump-4.9.1-o0-tcpdump
NotImplementedError Ijk_Ret
Result for bgp_attr_print:vuln , truth is vuln
------------------------------------------
Detecing CVE:CVE-2017-12994
Detection for: /data/zhangxb//binaries/target_clang/tcpdump/tcpdump-4.9.0-o0-tcpdump
NotImplementedError Ijk_Ret
Result for bgp_attr_print:vuln , truth is vuln
------------------------------------------
Detecing CVE:CVE-2017-12994
Detection for: /data/zhangxb//binaries/target_clang/tcpdump/tcpdump-4.9.0-o0-tcpdump
NotImplementedError Ijk_Ret
Result for bgp_attr_print:vuln , truth is vuln
------------------------------------------
Detecing CVE:CVE-2017-12994
Detection for: /data/zhangxb//binaries/target_clang/tcpdump/tcpdump-4.8.1-o0-tcpdump
NotImplementedError Ijk_Ret
Result for bgp_attr_print:vuln , truth is vuln
------------------------------------------
Detecing CVE:CVE-2017-12994
Detection for: /data/zhangxb//binaries/target_clang/tcpdump/tcpdump-4.8.1-o0-tcpdump
NotImplementedError Ijk_Ret
Result for bgp_attr_print:vuln , truth is vuln
------------------------------------------
Detecing CVE:CVE-2017-12994
Detection for: /data/zhangxb//binaries/target_clang/tcpdump/tcpdump-4.9.3-o0-tcpdump
NotImplementedError Ijk_Ret
Result for bgp_attr_print:vuln , truth is vuln
------------------------------------------
Detecing CVE:CVE-2017-12994
Detection for: /data/zhangxb//binaries/target_clang/tcpdump/tcpdump-4.9.3-o0-tcpdump
NotImplementedError Ijk_Ret
Result for bgp_attr_print:patch , truth is patch
------------------------------------------
Detecing CVE:CVE-2017-12994
Detection for: /data/zhangxb//binaries/target_clang/tcpdump/tcpdump-4.99.0-bp-o0-tcpdump
NotImplementedError Ijk_Ret
NotImplementedError Ijk_Ret
Result for bgp_attr_print:patch , truth is patch
------------------------------------------
Detecing CVE:CVE-2017-12994
Detection for: /data/zhangxb//binaries/target_clang/tcpdump/tcpdump-4.99-bp-o0-tcpdump
Result for bgp_attr_print:patch , truth is patch
------------------------------------------
Detecing CVE:CVE-2017-12994
Detection for: /data/zhangxb//binaries/target_clang/tcpdump/tcpdump-4.99.0-bp-o0-tcpdump
NotImplementedError Ijk_Ret
Result for bgp_attr_print:patch , truth is patch
------------------------------------------
Detecing CVE:CVE-2017-12995
Detection for: /data/zhangxb//binaries/target_clang/tcpdump/tcpdump-4.9.1-o0-tcpdump
Result for ns_nprint:vuln , truth is vuln
------------------------------------------
Detecing CVE:CVE-2017-12995
NotImplementedError Ijk_Ret
Detection for: /data/zhangxb//binaries/target_clang/tcpdump/tcpdump-4.9.0-o0-tcpdump
Result for ns_nprint:vuln , truth is vuln
------------------------------------------
Detecing CVE:CVE-2017-12995
Detection for: /data/zhangxb//binaries/target_clang/tcpdump/tcpdump-4.8.1-o0-tcpdump
Result for ns_nprint:vuln , truth is vuln
------------------------------------------
Detecing CVE:CVE-2017-12995
Detection for: /data/zhangxb//binaries/target_clang/tcpdump/tcpdump-4.9.3-o0-tcpdump
Result for ns_nprint:patch , truth is patch
------------------------------------------
Detecing CVE:CVE-2017-12995
Detection for: /data/zhangxb//binaries/target_clang/tcpdump/tcpdump-4.99.0-bp-o0-tcpdump
no function dict_keys(['ns_nprint']) in target
------------------------------------------
Detecing CVE:CVE-2017-12995
Detection for: /data/zhangxb//binaries/target_clang/tcpdump/tcpdump-4.99-bp-o0-tcpdump
no function dict_keys(['ns_nprint']) in target
------------------------------------------
Detecing CVE:CVE-2017-12996
Detection for: /data/zhangxb//binaries/target_clang/tcpdump/tcpdump-4.9.1-o0-tcpdump
Result for bgp_attr_print:patch , truth is patch
------------------------------------------
Detecing CVE:CVE-2017-12994
Detection for: /data/zhangxb//binaries/target_clang/tcpdump/tcpdump-4.99-bp-o0-tcpdump
Result for pimv2_print:vuln , truth is vuln
------------------------------------------
Detecing CVE:CVE-2017-12996
Detection for: /data/zhangxb//binaries/target_clang/tcpdump/tcpdump-4.9.0-o0-tcpdump
NotImplementedError Ijk_Ret
Result for bgp_attr_print:patch , truth is patch
------------------------------------------
Detecing CVE:CVE-2017-12995
Detection for: /data/zhangxb//binaries/target_clang/tcpdump/tcpdump-4.9.1-o0-tcpdump
Result for ns_nprint:vuln , truth is vuln
------------------------------------------
Detecing CVE:CVE-2017-12995
Result for pimv2_print:vuln , truth is vuln
------------------------------------------
Detecing CVE:CVE-2017-12996
Detection for: /data/zhangxb//binaries/target_clang/tcpdump/tcpdump-4.9.0-o0-tcpdump
Result for ns_nprint:vuln , truth is vuln
------------------------------------------
Detecing CVE:CVE-2017-12995
Detection for: /data/zhangxb//binaries/target_clang/tcpdump/tcpdump-4.8.1-o0-tcpdump
Detection for: /data/zhangxb//binaries/target_clang/tcpdump/tcpdump-4.8.1-o0-tcpdump
Result for ns_nprint:vuln , truth is vuln
------------------------------------------
Detecing CVE:CVE-2017-12995
Detection for: /data/zhangxb//binaries/target_clang/tcpdump/tcpdump-4.9.3-o0-tcpdump
Result for ns_nprint:patch , truth is patch
------------------------------------------
Detecing CVE:CVE-2017-12995
Detection for: /data/zhangxb//binaries/target_clang/tcpdump/tcpdump-4.99.0-bp-o0-tcpdump
no function dict_keys(['ns_nprint']) in target
------------------------------------------
Detecing CVE:CVE-2017-12995
Detection for: /data/zhangxb//binaries/target_clang/tcpdump/tcpdump-4.99-bp-o0-tcpdump
no function dict_keys(['ns_nprint']) in target
------------------------------------------
Detecing CVE:CVE-2017-12996
Detection for: /data/zhangxb//binaries/target_clang/tcpdump/tcpdump-4.9.1-o0-tcpdump
Result for pimv2_print:vuln , truth is vuln
------------------------------------------
Detecing CVE:CVE-2017-12996
Detection for: /data/zhangxb//binaries/target_clang/tcpdump/tcpdump-4.9.3-o0-tcpdump
Result for pimv2_print:vuln , truth is vuln
------------------------------------------
Detecing CVE:CVE-2017-12996
Detection for: /data/zhangxb//binaries/target_clang/tcpdump/tcpdump-4.9.0-o0-tcpdump
Result for pimv2_print:patch , truth is patch
------------------------------------------
Detecing CVE:CVE-2017-12996
Detection for: /data/zhangxb//binaries/target_clang/tcpdump/tcpdump-4.99.0-bp-o0-tcpdump
Result for pimv2_print:vuln , truth is vuln
------------------------------------------
Detecing CVE:CVE-2017-12996
Detection for: /data/zhangxb//binaries/target_clang/tcpdump/tcpdump-4.8.1-o0-tcpdump
Result for pimv2_print:vuln , truth is patch
------------------------------------------
Detecing CVE:CVE-2017-12996
Detection for: /data/zhangxb//binaries/target_clang/tcpdump/tcpdump-4.99-bp-o0-tcpdump
Result for pimv2_print:vuln , truth is vuln
------------------------------------------
Detecing CVE:CVE-2017-12996
Detection for: /data/zhangxb//binaries/target_clang/tcpdump/tcpdump-4.9.3-o0-tcpdump
Result for pimv2_print:patch , truth is patch
------------------------------------------
Detecing CVE:CVE-2017-12996
Detection for: /data/zhangxb//binaries/target_clang/tcpdump/tcpdump-4.99.0-bp-o0-tcpdump
Result for pimv2_print:vuln , truth is patch
------------------------------------------
Detecing CVE:CVE-2017-12997
Detection for: /data/zhangxb//binaries/target_clang/tcpdump/tcpdump-4.9.1-o0-tcpdump
Result for lldp_private_8021_print:vuln , truth is vuln
------------------------------------------
Detecing CVE:CVE-2017-12997
Detection for: /data/zhangxb//binaries/target_clang/tcpdump/tcpdump-4.9.0-o0-tcpdump
Result for lldp_private_8021_print:vuln , truth is vuln
------------------------------------------
Detecing CVE:CVE-2017-12997
Detection for: /data/zhangxb//binaries/target_clang/tcpdump/tcpdump-4.8.1-o0-tcpdump
Result for lldp_private_8021_print:vuln , truth is vuln
------------------------------------------
Detecing CVE:CVE-2017-12997
Detection for: /data/zhangxb//binaries/target_clang/tcpdump/tcpdump-4.9.3-o0-tcpdump
Result for lldp_private_8021_print:vuln , truth is patch
------------------------------------------
Detecing CVE:CVE-2017-12997
Detection for: /data/zhangxb//binaries/target_clang/tcpdump/tcpdump-4.99.0-bp-o0-tcpdump
Result for pimv2_print:vuln , truth is patch
------------------------------------------
Detecing CVE:CVE-2017-12996
Detection for: /data/zhangxb//binaries/target_clang/tcpdump/tcpdump-4.99-bp-o0-tcpdump
fail to determine
Result for lldp_private_8021_print:None , truth is patch
------------------------------------------
Detecing CVE:CVE-2017-12997
Detection for: /data/zhangxb//binaries/target_clang/tcpdump/tcpdump-4.99-bp-o0-tcpdump
fail to determine
Result for lldp_private_8021_print:None , truth is patch
------------------------------------------
Detecing CVE:CVE-2017-12998
Detection for: /data/zhangxb//binaries/target_clang/tcpdump/tcpdump-4.9.1-o0-tcpdump
Result for isis_print_extd_ip_reach:vuln , truth is vuln
------------------------------------------
Detecing CVE:CVE-2017-12998
Detection for: /data/zhangxb//binaries/target_clang/tcpdump/tcpdump-4.9.0-o0-tcpdump
Result for isis_print_extd_ip_reach:vuln , truth is vuln
------------------------------------------
Detecing CVE:CVE-2017-12998
Detection for: /data/zhangxb//binaries/target_clang/tcpdump/tcpdump-4.8.1-o0-tcpdump
fail to determine
Result for isis_print_extd_ip_reach:None , truth is vuln
------------------------------------------
Detecing CVE:CVE-2017-12998
Detection for: /data/zhangxb//binaries/target_clang/tcpdump/tcpdump-4.9.3-o0-tcpdump
fail to determine
Result for isis_print_extd_ip_reach:None , truth is patch
------------------------------------------
Detecing CVE:CVE-2017-12998
Detection for: /data/zhangxb//binaries/target_clang/tcpdump/tcpdump-4.99.0-bp-o0-tcpdump
fail to determine
Result for isis_print_extd_ip_reach:None , truth is patch
------------------------------------------
Detecing CVE:CVE-2017-12998
Detection for: /data/zhangxb//binaries/target_clang/tcpdump/tcpdump-4.99-bp-o0-tcpdump
fail to determine
Result for isis_print_extd_ip_reach:None , truth is patch
------------------------------------------
Detecing CVE:CVE-2017-12999
Result for pimv2_print:vuln , truth is patch
------------------------------------------
Detecing CVE:CVE-2017-12997
Detection for: /data/zhangxb//binaries/target_clang/tcpdump/tcpdump-4.9.1-o0-tcpdump
Detection for: /data/zhangxb//binaries/target_clang/tcpdump/tcpdump-4.9.1-o0-tcpdump
Result for lldp_private_8021_print:vuln , truth is vuln
------------------------------------------
Detecing CVE:CVE-2017-12997
Detection for: /data/zhangxb//binaries/target_clang/tcpdump/tcpdump-4.9.0-o0-tcpdump
Result for lldp_private_8021_print:vuln , truth is vuln
------------------------------------------
Detecing CVE:CVE-2017-12997
Detection for: /data/zhangxb//binaries/target_clang/tcpdump/tcpdump-4.8.1-o0-tcpdump
Result for lldp_private_8021_print:vuln , truth is vuln
------------------------------------------
Detecing CVE:CVE-2017-12997
Detection for: /data/zhangxb//binaries/target_clang/tcpdump/tcpdump-4.9.3-o0-tcpdump
Result for lldp_private_8021_print:vuln , truth is patch
------------------------------------------
Detecing CVE:CVE-2017-12997
Detection for: /data/zhangxb//binaries/target_clang/tcpdump/tcpdump-4.99.0-bp-o0-tcpdump
fail to determine
Result for lldp_private_8021_print:None , truth is patch
------------------------------------------
Detecing CVE:CVE-2017-12997
Detection for: /data/zhangxb//binaries/target_clang/tcpdump/tcpdump-4.99-bp-o0-tcpdump
fail to determine
Result for lldp_private_8021_print:None , truth is patch
------------------------------------------
Detecing CVE:CVE-2017-12998
Detection for: /data/zhangxb//binaries/target_clang/tcpdump/tcpdump-4.9.1-o0-tcpdump
Result for isis_print_extd_ip_reach:vuln , truth is vuln
------------------------------------------
Detecing CVE:CVE-2017-12998
Detection for: /data/zhangxb//binaries/target_clang/tcpdump/tcpdump-4.9.0-o0-tcpdump
Result for isis_print_extd_ip_reach:vuln , truth is vuln
------------------------------------------
Detecing CVE:CVE-2017-12998
Detection for: /data/zhangxb//binaries/target_clang/tcpdump/tcpdump-4.8.1-o0-tcpdump
fail to determine
Result for isis_print_extd_ip_reach:None , truth is vuln
------------------------------------------
Detecing CVE:CVE-2017-12998
Detection for: /data/zhangxb//binaries/target_clang/tcpdump/tcpdump-4.9.3-o0-tcpdump
fail to determine
Result for isis_print_extd_ip_reach:None , truth is patch
------------------------------------------
Detecing CVE:CVE-2017-12998
Detection for: /data/zhangxb//binaries/target_clang/tcpdump/tcpdump-4.99.0-bp-o0-tcpdump
fail to determine
Result for isis_print_extd_ip_reach:None , truth is patch
------------------------------------------
Detecing CVE:CVE-2017-12998
Detection for: /data/zhangxb//binaries/target_clang/tcpdump/tcpdump-4.99-bp-o0-tcpdump
fail to determine
Result for isis_print_extd_ip_reach:None , truth is patch
------------------------------------------
Detecing CVE:CVE-2017-12999
Detection for: /data/zhangxb//binaries/target_clang/tcpdump/tcpdump-4.9.1-o0-tcpdump
Result for isis_print:patch , truth is vuln
------------------------------------------
Detecing CVE:CVE-2017-12999
Detection for: /data/zhangxb//binaries/target_clang/tcpdump/tcpdump-4.9.0-o0-tcpdump
Result for isis_print:patch , truth is vuln
------------------------------------------
Detecing CVE:CVE-2017-12999
Detection for: /data/zhangxb//binaries/target_clang/tcpdump/tcpdump-4.9.0-o0-tcpdump
Result for isis_print:vuln , truth is vuln
------------------------------------------
Detecing CVE:CVE-2017-12999
Detection for: /data/zhangxb//binaries/target_clang/tcpdump/tcpdump-4.8.1-o0-tcpdump
Result for isis_print:vuln , truth is vuln
------------------------------------------
Detecing CVE:CVE-2017-12999
Detection for: /data/zhangxb//binaries/target_clang/tcpdump/tcpdump-4.8.1-o0-tcpdump
Result for isis_print:vuln , truth is vuln
------------------------------------------
Detecing CVE:CVE-2017-12999
Detection for: /data/zhangxb//binaries/target_clang/tcpdump/tcpdump-4.9.3-o0-tcpdump
Result for isis_print:vuln , truth is vuln
------------------------------------------
Detecing CVE:CVE-2017-12999
Detection for: /data/zhangxb//binaries/target_clang/tcpdump/tcpdump-4.9.3-o0-tcpdump
Result for isis_print:vuln , truth is patch
------------------------------------------
Detecing CVE:CVE-2017-12999
Detection for: /data/zhangxb//binaries/target_clang/tcpdump/tcpdump-4.99.0-bp-o0-tcpdump
Result for isis_print:vuln , truth is patch
------------------------------------------
Detecing CVE:CVE-2017-12999
Detection for: /data/zhangxb//binaries/target_clang/tcpdump/tcpdump-4.99.0-bp-o0-tcpdump
Result for isis_print:vuln , truth is patch
------------------------------------------
Detecing CVE:CVE-2017-12999
Detection for: /data/zhangxb//binaries/target_clang/tcpdump/tcpdump-4.99-bp-o0-tcpdump
Result for isis_print:vuln , truth is patch
------------------------------------------
Detecing CVE:CVE-2017-12999
Detection for: /data/zhangxb//binaries/target_clang/tcpdump/tcpdump-4.99-bp-o0-tcpdump
Result for isis_print:vuln , truth is patch
------------------------------------------
Detecing CVE:CVE-2017-13000
Detection for: /data/zhangxb//binaries/target_clang/tcpdump/tcpdump-4.9.1-o0-tcpdump
Result for ieee802_15_4_if_print:patch , truth is vuln
------------------------------------------
Detecing CVE:CVE-2017-13000
Detection for: /data/zhangxb//binaries/target_clang/tcpdump/tcpdump-4.9.0-o0-tcpdump
Result for ieee802_15_4_if_print:patch , truth is vuln
------------------------------------------
Detecing CVE:CVE-2017-13000
Detection for: /data/zhangxb//binaries/target_clang/tcpdump/tcpdump-4.8.1-o0-tcpdump
Result for ieee802_15_4_if_print:patch , truth is vuln
------------------------------------------
Detecing CVE:CVE-2017-13000
Detection for: /data/zhangxb//binaries/target_clang/tcpdump/tcpdump-4.9.3-o0-tcpdump
Result for ieee802_15_4_if_print:patch , truth is patch
------------------------------------------
Detecing CVE:CVE-2017-13000
Detection for: /data/zhangxb//binaries/target_clang/tcpdump/tcpdump-4.99.0-bp-o0-tcpdump
fail to determine
Result for ieee802_15_4_if_print:None , truth is patch
------------------------------------------
Detecing CVE:CVE-2017-13000
Detection for: /data/zhangxb//binaries/target_clang/tcpdump/tcpdump-4.99-bp-o0-tcpdump
fail to determine
Result for ieee802_15_4_if_print:None , truth is patch
------------------------------------------
Detecing CVE:CVE-2017-13001
Detection for: /data/zhangxb//binaries/target_clang/tcpdump/tcpdump-4.9.1-o0-tcpdump
Result for nfs_printfh:vuln , truth is vuln
------------------------------------------
Detecing CVE:CVE-2017-13001
Detection for: /data/zhangxb//binaries/target_clang/tcpdump/tcpdump-4.9.0-o0-tcpdump
Result for nfs_printfh:vuln , truth is vuln
------------------------------------------
Detecing CVE:CVE-2017-13001
Detection for: /data/zhangxb//binaries/target_clang/tcpdump/tcpdump-4.8.1-o0-tcpdump
Result for nfs_printfh:vuln , truth is vuln
------------------------------------------
Detecing CVE:CVE-2017-13001
Detection for: /data/zhangxb//binaries/target_clang/tcpdump/tcpdump-4.9.3-o0-tcpdump
Result for nfs_printfh:patch , truth is patch
------------------------------------------
Detecing CVE:CVE-2017-13001
Detection for: /data/zhangxb//binaries/target_clang/tcpdump/tcpdump-4.99.0-bp-o0-tcpdump
Result for nfs_printfh:patch , truth is patch
------------------------------------------
Detecing CVE:CVE-2017-13001
Detection for: /data/zhangxb//binaries/target_clang/tcpdump/tcpdump-4.99-bp-o0-tcpdump
Result for nfs_printfh:patch , truth is patch
------------------------------------------
Detecing CVE:CVE-2017-13002
Detection for: /data/zhangxb//binaries/target_clang/tcpdump/tcpdump-4.9.1-o0-tcpdump
Result for aodv_extension:vuln , truth is vuln
------------------------------------------
Detecing CVE:CVE-2017-13002
Detection for: /data/zhangxb//binaries/target_clang/tcpdump/tcpdump-4.9.0-o0-tcpdump
Result for aodv_extension:vuln , truth is vuln
------------------------------------------
Detecing CVE:CVE-2017-13002
Detection for: /data/zhangxb//binaries/target_clang/tcpdump/tcpdump-4.8.1-o0-tcpdump
Result for aodv_extension:vuln , truth is vuln
------------------------------------------
Detecing CVE:CVE-2017-13002
Detection for: /data/zhangxb//binaries/target_clang/tcpdump/tcpdump-4.9.3-o0-tcpdump
Result for aodv_extension:patch , truth is patch
------------------------------------------
Detecing CVE:CVE-2017-13002
Detection for: /data/zhangxb//binaries/target_clang/tcpdump/tcpdump-4.99.0-bp-o0-tcpdump
Result for aodv_extension:vuln , truth is patch
------------------------------------------
Detecing CVE:CVE-2017-13002
Result for isis_print:vuln , truth is patch
------------------------------------------
Detecing CVE:CVE-2017-13000
Detection for: /data/zhangxb//binaries/target_clang/tcpdump/tcpdump-4.99-bp-o0-tcpdump
Result for aodv_extension:vuln , truth is patch
------------------------------------------
Detecing CVE:CVE-2017-13003
Detection for: /data/zhangxb//binaries/target_clang/tcpdump/tcpdump-4.9.1-o0-tcpdump
Result for ieee802_15_4_if_print:patch , truth is vuln
------------------------------------------
Detecing CVE:CVE-2017-13000
Detection for: /data/zhangxb//binaries/target_clang/tcpdump/tcpdump-4.9.1-o0-tcpdump
Detection for: /data/zhangxb//binaries/target_clang/tcpdump/tcpdump-4.9.0-o0-tcpdump
Result for ieee802_15_4_if_print:patch , truth is vuln
------------------------------------------
Detecing CVE:CVE-2017-13000
Detection for: /data/zhangxb//binaries/target_clang/tcpdump/tcpdump-4.8.1-o0-tcpdump
Result for ieee802_15_4_if_print:patch , truth is vuln
------------------------------------------
Detecing CVE:CVE-2017-13000
Detection for: /data/zhangxb//binaries/target_clang/tcpdump/tcpdump-4.9.3-o0-tcpdump
Result for ieee802_15_4_if_print:patch , truth is patch
------------------------------------------
Detecing CVE:CVE-2017-13000
Detection for: /data/zhangxb//binaries/target_clang/tcpdump/tcpdump-4.99.0-bp-o0-tcpdump
fail to determine
Result for ieee802_15_4_if_print:None , truth is patch
------------------------------------------
Detecing CVE:CVE-2017-13000
Detection for: /data/zhangxb//binaries/target_clang/tcpdump/tcpdump-4.99-bp-o0-tcpdump
fail to determine
Result for ieee802_15_4_if_print:None , truth is patch
------------------------------------------
Detecing CVE:CVE-2017-13001
Detection for: /data/zhangxb//binaries/target_clang/tcpdump/tcpdump-4.9.1-o0-tcpdump
Result for nfs_printfh:vuln , truth is vuln
------------------------------------------
Detecing CVE:CVE-2017-13001
Detection for: /data/zhangxb//binaries/target_clang/tcpdump/tcpdump-4.9.0-o0-tcpdump
Result for nfs_printfh:vuln , truth is vuln
------------------------------------------
Detecing CVE:CVE-2017-13001
Detection for: /data/zhangxb//binaries/target_clang/tcpdump/tcpdump-4.8.1-o0-tcpdump
Result for nfs_printfh:vuln , truth is vuln
------------------------------------------
Detecing CVE:CVE-2017-13001
Detection for: /data/zhangxb//binaries/target_clang/tcpdump/tcpdump-4.9.3-o0-tcpdump
Result for nfs_printfh:patch , truth is patch
------------------------------------------
Detecing CVE:CVE-2017-13001
Detection for: /data/zhangxb//binaries/target_clang/tcpdump/tcpdump-4.99.0-bp-o0-tcpdump
Result for nfs_printfh:patch , truth is patch
------------------------------------------
Detecing CVE:CVE-2017-13001
Result for lmp_print:vuln , truth is vuln
------------------------------------------
Detecing CVE:CVE-2017-13003
Detection for: /data/zhangxb//binaries/target_clang/tcpdump/tcpdump-4.99-bp-o0-tcpdump
Result for nfs_printfh:patch , truth is patch
------------------------------------------
Detecing CVE:CVE-2017-13002
Detection for: /data/zhangxb//binaries/target_clang/tcpdump/tcpdump-4.9.0-o0-tcpdump
Detection for: /data/zhangxb//binaries/target_clang/tcpdump/tcpdump-4.9.1-o0-tcpdump
Result for aodv_extension:vuln , truth is vuln
------------------------------------------
Detecing CVE:CVE-2017-13002
Detection for: /data/zhangxb//binaries/target_clang/tcpdump/tcpdump-4.9.0-o0-tcpdump
Result for aodv_extension:vuln , truth is vuln
------------------------------------------
Detecing CVE:CVE-2017-13002
Detection for: /data/zhangxb//binaries/target_clang/tcpdump/tcpdump-4.8.1-o0-tcpdump
Result for aodv_extension:vuln , truth is vuln
------------------------------------------
Detecing CVE:CVE-2017-13002
Detection for: /data/zhangxb//binaries/target_clang/tcpdump/tcpdump-4.9.3-o0-tcpdump
Result for aodv_extension:patch , truth is patch
------------------------------------------
Detecing CVE:CVE-2017-13002
Detection for: /data/zhangxb//binaries/target_clang/tcpdump/tcpdump-4.99.0-bp-o0-tcpdump
Result for aodv_extension:vuln , truth is patch
------------------------------------------
Detecing CVE:CVE-2017-13002
Detection for: /data/zhangxb//binaries/target_clang/tcpdump/tcpdump-4.99-bp-o0-tcpdump
Result for aodv_extension:vuln , truth is patch
------------------------------------------
Detecing CVE:CVE-2017-13003
Detection for: /data/zhangxb//binaries/target_clang/tcpdump/tcpdump-4.9.1-o0-tcpdump
Result for lmp_print:vuln , truth is vuln
------------------------------------------
Detecing CVE:CVE-2017-13003
Detection for: /data/zhangxb//binaries/target_clang/tcpdump/tcpdump-4.8.1-o0-tcpdump
Result for lmp_print:vuln , truth is vuln
------------------------------------------
Detecing CVE:CVE-2017-13003
Detection for: /data/zhangxb//binaries/target_clang/tcpdump/tcpdump-4.9.0-o0-tcpdump
Result for lmp_print:vuln , truth is vuln
------------------------------------------
Detecing CVE:CVE-2017-13003
Detection for: /data/zhangxb//binaries/target_clang/tcpdump/tcpdump-4.9.3-o0-tcpdump
Result for lmp_print:vuln , truth is vuln
------------------------------------------
Detecing CVE:CVE-2017-13003
Detection for: /data/zhangxb//binaries/target_clang/tcpdump/tcpdump-4.8.1-o0-tcpdump
Result for lmp_print:vuln , truth is vuln
------------------------------------------
Detecing CVE:CVE-2017-13003
Detection for: /data/zhangxb//binaries/target_clang/tcpdump/tcpdump-4.9.3-o0-tcpdump
Result for lmp_print:patch , truth is patch
------------------------------------------
Detecing CVE:CVE-2017-13003
Detection for: /data/zhangxb//binaries/target_clang/tcpdump/tcpdump-4.99.0-bp-o0-tcpdump
Result for lmp_print:patch , truth is patch
------------------------------------------
Detecing CVE:CVE-2017-13003
Detection for: /data/zhangxb//binaries/target_clang/tcpdump/tcpdump-4.99.0-bp-o0-tcpdump
Result for lmp_print:patch , truth is patch
------------------------------------------
Detecing CVE:CVE-2017-13003
Detection for: /data/zhangxb//binaries/target_clang/tcpdump/tcpdump-4.99-bp-o0-tcpdump
Result for lmp_print:patch , truth is patch
------------------------------------------
Detecing CVE:CVE-2017-13003
Detection for: /data/zhangxb//binaries/target_clang/tcpdump/tcpdump-4.99-bp-o0-tcpdump
Result for lmp_print:patch , truth is patch
------------------------------------------
Detecing CVE:CVE-2017-13004
Detection for: /data/zhangxb//binaries/target_clang/tcpdump/tcpdump-4.9.1-o0-tcpdump
Result for juniper_parse_header:vuln , truth is vuln
------------------------------------------
Detecing CVE:CVE-2017-13004
Detection for: /data/zhangxb//binaries/target_clang/tcpdump/tcpdump-4.9.0-o0-tcpdump
Result for juniper_parse_header:vuln , truth is vuln
------------------------------------------
Detecing CVE:CVE-2017-13004
Detection for: /data/zhangxb//binaries/target_clang/tcpdump/tcpdump-4.8.1-o0-tcpdump
Result for juniper_parse_header:vuln , truth is vuln
------------------------------------------
Detecing CVE:CVE-2017-13004
Detection for: /data/zhangxb//binaries/target_clang/tcpdump/tcpdump-4.9.3-o0-tcpdump
Result for juniper_parse_header:vuln , truth is patch
------------------------------------------
Detecing CVE:CVE-2017-13004
Detection for: /data/zhangxb//binaries/target_clang/tcpdump/tcpdump-4.99.0-bp-o0-tcpdump
Result for juniper_parse_header:vuln , truth is patch
------------------------------------------
Detecing CVE:CVE-2017-13004
Detection for: /data/zhangxb//binaries/target_clang/tcpdump/tcpdump-4.99-bp-o0-tcpdump
Result for juniper_parse_header:vuln , truth is patch
------------------------------------------
Detecing CVE:CVE-2017-13005
Detection for: /data/zhangxb//binaries/target_clang/tcpdump/tcpdump-4.9.1-o0-tcpdump
Result for xid_map_enter:vuln , truth is vuln
------------------------------------------
Detecing CVE:CVE-2017-13005
Detection for: /data/zhangxb//binaries/target_clang/tcpdump/tcpdump-4.9.0-o0-tcpdump
Result for xid_map_enter:vuln , truth is vuln
------------------------------------------
Detecing CVE:CVE-2017-13005
Detection for: /data/zhangxb//binaries/target_clang/tcpdump/tcpdump-4.8.1-o0-tcpdump
Result for xid_map_enter:vuln , truth is vuln
------------------------------------------
Detecing CVE:CVE-2017-13005
Detection for: /data/zhangxb//binaries/target_clang/tcpdump/tcpdump-4.9.3-o0-tcpdump
Result for xid_map_enter:vuln , truth is patch
------------------------------------------
Detecing CVE:CVE-2017-13005
Result for lmp_print:patch , truth is patch
------------------------------------------
Detecing CVE:CVE-2017-13004
Detection for: /data/zhangxb//binaries/target_clang/tcpdump/tcpdump-4.99.0-bp-o0-tcpdump
Detection for: /data/zhangxb//binaries/target_clang/tcpdump/tcpdump-4.9.1-o0-tcpdump
Result for xid_map_enter:vuln , truth is patch
------------------------------------------
Detecing CVE:CVE-2017-13005
Detection for: /data/zhangxb//binaries/target_clang/tcpdump/tcpdump-4.99-bp-o0-tcpdump
Result for xid_map_enter:vuln , truth is patch
------------------------------------------
Detecing CVE:CVE-2017-13006
CVE-2017-13006 has no sigs, skip
------------------------------------------
Detecing CVE:CVE-2017-13006
CVE-2017-13006 has no sigs, skip
------------------------------------------
Detecing CVE:CVE-2017-13006
CVE-2017-13006 has no sigs, skip
------------------------------------------
Detecing CVE:CVE-2017-13006
CVE-2017-13006 has no sigs, skip
------------------------------------------
Detecing CVE:CVE-2017-13006
CVE-2017-13006 has no sigs, skip
------------------------------------------
Detecing CVE:CVE-2017-13006
CVE-2017-13006 has no sigs, skip
------------------------------------------
Detecing CVE:CVE-2017-13007
Detection for: /data/zhangxb//binaries/target_clang/tcpdump/tcpdump-4.9.1-o0-tcpdump
Result for juniper_parse_header:vuln , truth is vuln
------------------------------------------
Detecing CVE:CVE-2017-13004
Result for pktap_if_print:vuln , truth is vuln
------------------------------------------
Detecing CVE:CVE-2017-13007
Detection for: /data/zhangxb//binaries/target_clang/tcpdump/tcpdump-4.9.0-o0-tcpdump
Detection for: /data/zhangxb//binaries/target_clang/tcpdump/tcpdump-4.9.0-o0-tcpdump
Result for pktap_if_print:vuln , truth is vuln
------------------------------------------
Detecing CVE:CVE-2017-13007
Detection for: /data/zhangxb//binaries/target_clang/tcpdump/tcpdump-4.8.1-o0-tcpdump
Result for pktap_if_print:vuln , truth is vuln
------------------------------------------
Detecing CVE:CVE-2017-13007
Result for juniper_parse_header:vuln , truth is vuln
------------------------------------------
Detecing CVE:CVE-2017-13004
Detection for: /data/zhangxb//binaries/target_clang/tcpdump/tcpdump-4.9.3-o0-tcpdump
Result for pktap_if_print:patch , truth is patch
------------------------------------------
Detecing CVE:CVE-2017-13007
Detection for: /data/zhangxb//binaries/target_clang/tcpdump/tcpdump-4.8.1-o0-tcpdump
Detection for: /data/zhangxb//binaries/target_clang/tcpdump/tcpdump-4.99.0-bp-o0-tcpdump
Result for pktap_if_print:patch , truth is patch
------------------------------------------
Detecing CVE:CVE-2017-13007
Result for juniper_parse_header:vuln , truth is vuln
------------------------------------------
Detecing CVE:CVE-2017-13004
Detection for: /data/zhangxb//binaries/target_clang/tcpdump/tcpdump-4.99-bp-o0-tcpdump
Result for pktap_if_print:patch , truth is patch
------------------------------------------
Detecing CVE:CVE-2017-13008
Detection for: /data/zhangxb//binaries/target_clang/tcpdump/tcpdump-4.9.3-o0-tcpdump
Detection for: /data/zhangxb//binaries/target_clang/tcpdump/tcpdump-4.9.1-o0-tcpdump
fail to determine
Result for parse_elements:None , truth is vuln
------------------------------------------
Detecing CVE:CVE-2017-13008
Detection for: /data/zhangxb//binaries/target_clang/tcpdump/tcpdump-4.9.0-o0-tcpdump
fail to determine
Result for parse_elements:None , truth is vuln
------------------------------------------
Detecing CVE:CVE-2017-13008
Result for juniper_parse_header:vuln , truth is patch
------------------------------------------
Detecing CVE:CVE-2017-13004
Detection for: /data/zhangxb//binaries/target_clang/tcpdump/tcpdump-4.8.1-o0-tcpdump
fail to determine
Result for parse_elements:None , truth is vuln
------------------------------------------
Detecing CVE:CVE-2017-13008
Detection for: /data/zhangxb//binaries/target_clang/tcpdump/tcpdump-4.99.0-bp-o0-tcpdump
Detection for: /data/zhangxb//binaries/target_clang/tcpdump/tcpdump-4.9.3-o0-tcpdump
Result for parse_elements:patch , truth is patch
------------------------------------------
Detecing CVE:CVE-2017-13008
Detection for: /data/zhangxb//binaries/target_clang/tcpdump/tcpdump-4.99.0-bp-o0-tcpdump
Result for juniper_parse_header:vuln , truth is patch
------------------------------------------
Detecing CVE:CVE-2017-13004
Result for parse_elements:patch , truth is patch
------------------------------------------
Detecing CVE:CVE-2017-13008
Detection for: /data/zhangxb//binaries/target_clang/tcpdump/tcpdump-4.99-bp-o0-tcpdump
Detection for: /data/zhangxb//binaries/target_clang/tcpdump/tcpdump-4.99-bp-o0-tcpdump
Result for parse_elements:patch , truth is patch
------------------------------------------
Detecing CVE:CVE-2017-13009
Detection for: /data/zhangxb//binaries/target_clang/tcpdump/tcpdump-4.9.1-o0-tcpdump
Result for juniper_parse_header:vuln , truth is patch
------------------------------------------
Detecing CVE:CVE-2017-13005
Detection for: /data/zhangxb//binaries/target_clang/tcpdump/tcpdump-4.9.1-o0-tcpdump
Result for mobility_print:vuln , truth is vuln
------------------------------------------
Detecing CVE:CVE-2017-13009
Result for xid_map_enter:vuln , truth is vuln
------------------------------------------
Detecing CVE:CVE-2017-13005
Detection for: /data/zhangxb//binaries/target_clang/tcpdump/tcpdump-4.9.0-o0-tcpdump
Detection for: /data/zhangxb//binaries/target_clang/tcpdump/tcpdump-4.9.0-o0-tcpdump
Result for xid_map_enter:vuln , truth is vuln
------------------------------------------
Detecing CVE:CVE-2017-13005
Detection for: /data/zhangxb//binaries/target_clang/tcpdump/tcpdump-4.8.1-o0-tcpdump
Result for xid_map_enter:vuln , truth is vuln
------------------------------------------
Detecing CVE:CVE-2017-13005
Result for mobility_print:vuln , truth is vuln
------------------------------------------
Detecing CVE:CVE-2017-13009
Detection for: /data/zhangxb//binaries/target_clang/tcpdump/tcpdump-4.9.3-o0-tcpdump
Result for xid_map_enter:vuln , truth is patch
------------------------------------------
Detecing CVE:CVE-2017-13005
Detection for: /data/zhangxb//binaries/target_clang/tcpdump/tcpdump-4.8.1-o0-tcpdump
Detection for: /data/zhangxb//binaries/target_clang/tcpdump/tcpdump-4.99.0-bp-o0-tcpdump
Result for xid_map_enter:vuln , truth is patch
------------------------------------------
Detecing CVE:CVE-2017-13005
Detection for: /data/zhangxb//binaries/target_clang/tcpdump/tcpdump-4.99-bp-o0-tcpdump
Result for xid_map_enter:vuln , truth is patch
------------------------------------------
Detecing CVE:CVE-2017-13006
CVE-2017-13006 has no sigs, skip
------------------------------------------
Detecing CVE:CVE-2017-13006
CVE-2017-13006 has no sigs, skip
------------------------------------------
Detecing CVE:CVE-2017-13006
CVE-2017-13006 has no sigs, skip
------------------------------------------
Detecing CVE:CVE-2017-13006
CVE-2017-13006 has no sigs, skip
------------------------------------------
Detecing CVE:CVE-2017-13006
CVE-2017-13006 has no sigs, skip
------------------------------------------
Detecing CVE:CVE-2017-13006
CVE-2017-13006 has no sigs, skip
------------------------------------------
Detecing CVE:CVE-2017-13007
Detection for: /data/zhangxb//binaries/target_clang/tcpdump/tcpdump-4.9.1-o0-tcpdump
Result for pktap_if_print:vuln , truth is vuln
------------------------------------------
Detecing CVE:CVE-2017-13007
Detection for: /data/zhangxb//binaries/target_clang/tcpdump/tcpdump-4.9.0-o0-tcpdump
Result for pktap_if_print:vuln , truth is vuln
------------------------------------------
Detecing CVE:CVE-2017-13007
Detection for: /data/zhangxb//binaries/target_clang/tcpdump/tcpdump-4.8.1-o0-tcpdump
Result for pktap_if_print:vuln , truth is vuln
------------------------------------------
Detecing CVE:CVE-2017-13007
Detection for: /data/zhangxb//binaries/target_clang/tcpdump/tcpdump-4.9.3-o0-tcpdump
Result for pktap_if_print:patch , truth is patch
------------------------------------------
Detecing CVE:CVE-2017-13007
Result for mobility_print:patch , truth is vuln
------------------------------------------
Detecing CVE:CVE-2017-13009
Detection for: /data/zhangxb//binaries/target_clang/tcpdump/tcpdump-4.99.0-bp-o0-tcpdump
Result for pktap_if_print:patch , truth is patch
------------------------------------------
Detecing CVE:CVE-2017-13007
Detection for: /data/zhangxb//binaries/target_clang/tcpdump/tcpdump-4.9.3-o0-tcpdump
Detection for: /data/zhangxb//binaries/target_clang/tcpdump/tcpdump-4.99-bp-o0-tcpdump
Result for pktap_if_print:patch , truth is patch
------------------------------------------
Detecing CVE:CVE-2017-13008
Detection for: /data/zhangxb//binaries/target_clang/tcpdump/tcpdump-4.9.1-o0-tcpdump
fail to determine
Result for parse_elements:None , truth is vuln
------------------------------------------
Detecing CVE:CVE-2017-13008
Detection for: /data/zhangxb//binaries/target_clang/tcpdump/tcpdump-4.9.0-o0-tcpdump
fail to determine
Result for parse_elements:None , truth is vuln
------------------------------------------
Detecing CVE:CVE-2017-13008
Detection for: /data/zhangxb//binaries/target_clang/tcpdump/tcpdump-4.8.1-o0-tcpdump
fail to determine
Result for parse_elements:None , truth is vuln
------------------------------------------
Detecing CVE:CVE-2017-13008
Detection for: /data/zhangxb//binaries/target_clang/tcpdump/tcpdump-4.9.3-o0-tcpdump
Result for parse_elements:patch , truth is patch
------------------------------------------
Detecing CVE:CVE-2017-13008
Result for mobility_print:patch , truth is patch
------------------------------------------
Detecing CVE:CVE-2017-13009
Detection for: /data/zhangxb//binaries/target_clang/tcpdump/tcpdump-4.99.0-bp-o0-tcpdump
Result for parse_elements:patch , truth is patch
------------------------------------------
Detecing CVE:CVE-2017-13008
Detection for: /data/zhangxb//binaries/target_clang/tcpdump/tcpdump-4.99.0-bp-o0-tcpdump
Detection for: /data/zhangxb//binaries/target_clang/tcpdump/tcpdump-4.99-bp-o0-tcpdump
Result for parse_elements:patch , truth is patch
------------------------------------------
Detecing CVE:CVE-2017-13009
Detection for: /data/zhangxb//binaries/target_clang/tcpdump/tcpdump-4.9.1-o0-tcpdump
Result for mobility_print:vuln , truth is vuln
------------------------------------------
Detecing CVE:CVE-2017-13009
Detection for: /data/zhangxb//binaries/target_clang/tcpdump/tcpdump-4.9.0-o0-tcpdump
Result for mobility_print:patch , truth is patch
------------------------------------------
Detecing CVE:CVE-2017-13009
Detection for: /data/zhangxb//binaries/target_clang/tcpdump/tcpdump-4.99-bp-o0-tcpdump
Result for mobility_print:vuln , truth is vuln
------------------------------------------
Detecing CVE:CVE-2017-13009
Detection for: /data/zhangxb//binaries/target_clang/tcpdump/tcpdump-4.8.1-o0-tcpdump
Result for mobility_print:patch , truth is patch
------------------------------------------
Detecing CVE:CVE-2017-13011
Detection for: /data/zhangxb//binaries/target_clang/tcpdump/tcpdump-4.9.1-o0-tcpdump
Result for bittok2str_internal:vuln , truth is vuln
------------------------------------------
Detecing CVE:CVE-2017-13011
Detection for: /data/zhangxb//binaries/target_clang/tcpdump/tcpdump-4.9.0-o0-tcpdump
Result for bittok2str_internal:vuln , truth is vuln
------------------------------------------
Detecing CVE:CVE-2017-13011
Detection for: /data/zhangxb//binaries/target_clang/tcpdump/tcpdump-4.8.1-o0-tcpdump
Result for bittok2str_internal:vuln , truth is vuln
------------------------------------------
Detecing CVE:CVE-2017-13011
Detection for: /data/zhangxb//binaries/target_clang/tcpdump/tcpdump-4.9.3-o0-tcpdump
Result for bittok2str_internal:patch , truth is patch
------------------------------------------
Detecing CVE:CVE-2017-13011
Result for mobility_print:patch , truth is vuln
------------------------------------------
Detecing CVE:CVE-2017-13009
Detection for: /data/zhangxb//binaries/target_clang/tcpdump/tcpdump-4.99.0-bp-o0-tcpdump
Result for bittok2str_internal:patch , truth is patch
------------------------------------------
Detecing CVE:CVE-2017-13011
Detection for: /data/zhangxb//binaries/target_clang/tcpdump/tcpdump-4.9.3-o0-tcpdump
Detection for: /data/zhangxb//binaries/target_clang/tcpdump/tcpdump-4.99-bp-o0-tcpdump
Result for bittok2str_internal:patch , truth is patch
------------------------------------------
Detecing CVE:CVE-2017-13012
Detection for: /data/zhangxb//binaries/target_clang/tcpdump/tcpdump-4.9.1-o0-tcpdump
Result for icmp_print:vuln , truth is vuln
------------------------------------------
Detecing CVE:CVE-2017-13012
Detection for: /data/zhangxb//binaries/target_clang/tcpdump/tcpdump-4.9.0-o0-tcpdump
Result for icmp_print:vuln , truth is vuln
------------------------------------------
Detecing CVE:CVE-2017-13012
Detection for: /data/zhangxb//binaries/target_clang/tcpdump/tcpdump-4.8.1-o0-tcpdump
Result for mobility_print:patch , truth is patch
------------------------------------------
Detecing CVE:CVE-2017-13009
Detection for: /data/zhangxb//binaries/target_clang/tcpdump/tcpdump-4.99.0-bp-o0-tcpdump
Result for icmp_print:vuln , truth is vuln
------------------------------------------
Detecing CVE:CVE-2017-13012
Detection for: /data/zhangxb//binaries/target_clang/tcpdump/tcpdump-4.9.3-o0-tcpdump
Result for icmp_print:patch , truth is patch
------------------------------------------
Detecing CVE:CVE-2017-13012
Detection for: /data/zhangxb//binaries/target_clang/tcpdump/tcpdump-4.99.0-bp-o0-tcpdump
Result for mobility_print:patch , truth is patch
------------------------------------------
Detecing CVE:CVE-2017-13009
Result for icmp_print:vuln , truth is patch
------------------------------------------
Detecing CVE:CVE-2017-13012
Detection for: /data/zhangxb//binaries/target_clang/tcpdump/tcpdump-4.99-bp-o0-tcpdump
Detection for: /data/zhangxb//binaries/target_clang/tcpdump/tcpdump-4.99-bp-o0-tcpdump
Result for icmp_print:vuln , truth is patch
------------------------------------------
Detecing CVE:CVE-2017-13013
Detection for: /data/zhangxb//binaries/target_clang/tcpdump/tcpdump-4.9.1-o0-tcpdump
Result for atmarp_print:vuln , truth is vuln
Result for mobility_print:patch , truth is patch
------------------------------------------
Detecing CVE:CVE-2017-13011
Result for arp_print:vuln , truth is vuln
------------------------------------------
Detecing CVE:CVE-2017-13013
Detection for: /data/zhangxb//binaries/target_clang/tcpdump/tcpdump-4.9.1-o0-tcpdump
Result for bittok2str_internal:vuln , truth is vuln
------------------------------------------
Detecing CVE:CVE-2017-13011
Detection for: /data/zhangxb//binaries/target_clang/tcpdump/tcpdump-4.9.0-o0-tcpdump
Detection for: /data/zhangxb//binaries/target_clang/tcpdump/tcpdump-4.9.0-o0-tcpdump
Result for atmarp_print:vuln , truth is vuln
Result for bittok2str_internal:vuln , truth is vuln
------------------------------------------
Detecing CVE:CVE-2017-13011
Result for arp_print:vuln , truth is vuln
------------------------------------------
Detecing CVE:CVE-2017-13013
Detection for: /data/zhangxb//binaries/target_clang/tcpdump/tcpdump-4.8.1-o0-tcpdump
Result for bittok2str_internal:vuln , truth is vuln
------------------------------------------
Detecing CVE:CVE-2017-13011
Detection for: /data/zhangxb//binaries/target_clang/tcpdump/tcpdump-4.8.1-o0-tcpdump
Detection for: /data/zhangxb//binaries/target_clang/tcpdump/tcpdump-4.9.3-o0-tcpdump
Result for bittok2str_internal:patch , truth is patch
------------------------------------------
Detecing CVE:CVE-2017-13011
Result for atmarp_print:vuln , truth is vuln
Detection for: /data/zhangxb//binaries/target_clang/tcpdump/tcpdump-4.99.0-bp-o0-tcpdump
Result for bittok2str_internal:patch , truth is patch
------------------------------------------
Detecing CVE:CVE-2017-13011
Result for arp_print:vuln , truth is vuln
------------------------------------------
Detecing CVE:CVE-2017-13013
Detection for: /data/zhangxb//binaries/target_clang/tcpdump/tcpdump-4.99-bp-o0-tcpdump
Result for bittok2str_internal:patch , truth is patch
------------------------------------------
Detecing CVE:CVE-2017-13012
Detection for: /data/zhangxb//binaries/target_clang/tcpdump/tcpdump-4.9.3-o0-tcpdump
Detection for: /data/zhangxb//binaries/target_clang/tcpdump/tcpdump-4.9.1-o0-tcpdump
Result for atmarp_print:vuln , truth is patch
Result for icmp_print:vuln , truth is vuln
------------------------------------------
Detecing CVE:CVE-2017-13012
Result for arp_print:vuln , truth is patch
------------------------------------------
Detecing CVE:CVE-2017-13013
Detection for: /data/zhangxb//binaries/target_clang/tcpdump/tcpdump-4.9.0-o0-tcpdump
Detection for: /data/zhangxb//binaries/target_clang/tcpdump/tcpdump-4.99.0-bp-o0-tcpdump
Result for icmp_print:vuln , truth is vuln
------------------------------------------
Detecing CVE:CVE-2017-13012
Result for atmarp_print:vuln , truth is patch
Detection for: /data/zhangxb//binaries/target_clang/tcpdump/tcpdump-4.8.1-o0-tcpdump
Result for icmp_print:vuln , truth is vuln
------------------------------------------
Detecing CVE:CVE-2017-13012
fail to determine
Result for arp_print:None , truth is patch
------------------------------------------
Detecing CVE:CVE-2017-13013
Detection for: /data/zhangxb//binaries/target_clang/tcpdump/tcpdump-4.9.3-o0-tcpdump
Detection for: /data/zhangxb//binaries/target_clang/tcpdump/tcpdump-4.99-bp-o0-tcpdump
Result for icmp_print:patch , truth is patch
------------------------------------------
Detecing CVE:CVE-2017-13012
Result for atmarp_print:vuln , truth is patch
Detection for: /data/zhangxb//binaries/target_clang/tcpdump/tcpdump-4.99.0-bp-o0-tcpdump
Result for icmp_print:vuln , truth is patch
------------------------------------------
Detecing CVE:CVE-2017-13012
fail to determine
Result for arp_print:None , truth is patch
------------------------------------------
Detecing CVE:CVE-2017-13014
Detection for: /data/zhangxb//binaries/target_clang/tcpdump/tcpdump-4.99-bp-o0-tcpdump
Detection for: /data/zhangxb//binaries/target_clang/tcpdump/tcpdump-4.9.1-o0-tcpdump
Result for wb_prep:vuln , truth is vuln
Result for wb_print:patch , truth is vuln
------------------------------------------
Detecing CVE:CVE-2017-13014
Result for icmp_print:vuln , truth is patch
------------------------------------------
Detecing CVE:CVE-2017-13013
Detection for: /data/zhangxb//binaries/target_clang/tcpdump/tcpdump-4.9.0-o0-tcpdump
Result for wb_prep:vuln , truth is vuln
Result for wb_print:patch , truth is vuln
------------------------------------------
Detecing CVE:CVE-2017-13014
Detection for: /data/zhangxb//binaries/target_clang/tcpdump/tcpdump-4.9.1-o0-tcpdump
Detection for: /data/zhangxb//binaries/target_clang/tcpdump/tcpdump-4.8.1-o0-tcpdump
Result for wb_prep:vuln , truth is vuln
Result for wb_print:patch , truth is vuln
------------------------------------------
Detecing CVE:CVE-2017-13014
Result for atmarp_print:vuln , truth is vuln
Detection for: /data/zhangxb//binaries/target_clang/tcpdump/tcpdump-4.9.3-o0-tcpdump
Result for wb_prep:patch , truth is patch
Result for arp_print:vuln , truth is vuln
------------------------------------------
Detecing CVE:CVE-2017-13013
Result for wb_print:patch , truth is patch
------------------------------------------
Detecing CVE:CVE-2017-13014
Detection for: /data/zhangxb//binaries/target_clang/tcpdump/tcpdump-4.9.0-o0-tcpdump
Detection for: /data/zhangxb//binaries/target_clang/tcpdump/tcpdump-4.99.0-bp-o0-tcpdump
Result for wb_prep:vuln , truth is patch
Result for wb_print:patch , truth is patch
------------------------------------------
Detecing CVE:CVE-2017-13014
Result for atmarp_print:vuln , truth is vuln
Detection for: /data/zhangxb//binaries/target_clang/tcpdump/tcpdump-4.99-bp-o0-tcpdump
Result for wb_prep:vuln , truth is patch
Result for wb_print:patch , truth is patch
------------------------------------------
Detecing CVE:CVE-2017-13015
Result for arp_print:vuln , truth is vuln
------------------------------------------
Detecing CVE:CVE-2017-13013
Detection for: /data/zhangxb//binaries/target_clang/tcpdump/tcpdump-4.9.1-o0-tcpdump
Detection for: /data/zhangxb//binaries/target_clang/tcpdump/tcpdump-4.8.1-o0-tcpdump
Result for eap_print:patch , truth is vuln
------------------------------------------
Detecing CVE:CVE-2017-13015
Result for atmarp_print:vuln , truth is vuln
Detection for: /data/zhangxb//binaries/target_clang/tcpdump/tcpdump-4.9.0-o0-tcpdump
Result for arp_print:vuln , truth is vuln
------------------------------------------
Detecing CVE:CVE-2017-13013
Result for eap_print:patch , truth is vuln
------------------------------------------
Detecing CVE:CVE-2017-13015
Detection for: /data/zhangxb//binaries/target_clang/tcpdump/tcpdump-4.9.3-o0-tcpdump
Detection for: /data/zhangxb//binaries/target_clang/tcpdump/tcpdump-4.8.1-o0-tcpdump
Result for atmarp_print:vuln , truth is patch
Result for eap_print:vuln , truth is vuln
------------------------------------------
Detecing CVE:CVE-2017-13015
Result for arp_print:vuln , truth is patch
------------------------------------------
Detecing CVE:CVE-2017-13013
Detection for: /data/zhangxb//binaries/target_clang/tcpdump/tcpdump-4.9.3-o0-tcpdump
Detection for: /data/zhangxb//binaries/target_clang/tcpdump/tcpdump-4.99.0-bp-o0-tcpdump
Result for eap_print:patch , truth is patch
------------------------------------------
Detecing CVE:CVE-2017-13015
Detection for: /data/zhangxb//binaries/target_clang/tcpdump/tcpdump-4.99.0-bp-o0-tcpdump
Result for atmarp_print:vuln , truth is patch
Result for eap_print:vuln , truth is patch
------------------------------------------
Detecing CVE:CVE-2017-13015
Detection for: /data/zhangxb//binaries/target_clang/tcpdump/tcpdump-4.99-bp-o0-tcpdump
Result for eap_print:vuln , truth is patch
------------------------------------------
Detecing CVE:CVE-2017-13016
fail to determine
Result for arp_print:None , truth is patch
------------------------------------------
Detecing CVE:CVE-2017-13013
Detection for: /data/zhangxb//binaries/target_clang/tcpdump/tcpdump-4.9.1-o0-tcpdump
Detection for: /data/zhangxb//binaries/target_clang/tcpdump/tcpdump-4.99-bp-o0-tcpdump
Result for atmarp_print:vuln , truth is patch
fail to determine
Result for esis_print:None , truth is vuln
------------------------------------------
Detecing CVE:CVE-2017-13016
Detection for: /data/zhangxb//binaries/target_clang/tcpdump/tcpdump-4.9.0-o0-tcpdump
fail to determine
Result for arp_print:None , truth is patch
------------------------------------------
Detecing CVE:CVE-2017-13014
Detection for: /data/zhangxb//binaries/target_clang/tcpdump/tcpdump-4.9.1-o0-tcpdump
Result for wb_prep:vuln , truth is vuln
Result for wb_print:patch , truth is vuln
------------------------------------------
Detecing CVE:CVE-2017-13014
Detection for: /data/zhangxb//binaries/target_clang/tcpdump/tcpdump-4.9.0-o0-tcpdump
Result for wb_prep:vuln , truth is vuln
Result for wb_print:patch , truth is vuln
------------------------------------------
Detecing CVE:CVE-2017-13014
fail to determine
Result for esis_print:None , truth is vuln
------------------------------------------
Detecing CVE:CVE-2017-13016
Detection for: /data/zhangxb//binaries/target_clang/tcpdump/tcpdump-4.8.1-o0-tcpdump
Detection for: /data/zhangxb//binaries/target_clang/tcpdump/tcpdump-4.8.1-o0-tcpdump
Result for wb_prep:vuln , truth is vuln
Result for wb_print:patch , truth is vuln
------------------------------------------
Detecing CVE:CVE-2017-13014
Detection for: /data/zhangxb//binaries/target_clang/tcpdump/tcpdump-4.9.3-o0-tcpdump
Result for wb_prep:patch , truth is patch
Result for wb_print:patch , truth is patch
------------------------------------------
Detecing CVE:CVE-2017-13014
Detection for: /data/zhangxb//binaries/target_clang/tcpdump/tcpdump-4.99.0-bp-o0-tcpdump
Result for wb_prep:vuln , truth is patch
fail to determine
Result for esis_print:None , truth is vuln
------------------------------------------
Detecing CVE:CVE-2017-13016
Result for wb_print:patch , truth is patch
------------------------------------------
Detecing CVE:CVE-2017-13014
Detection for: /data/zhangxb//binaries/target_clang/tcpdump/tcpdump-4.9.3-o0-tcpdump
Detection for: /data/zhangxb//binaries/target_clang/tcpdump/tcpdump-4.99-bp-o0-tcpdump
Result for wb_prep:vuln , truth is patch
Result for wb_print:patch , truth is patch
------------------------------------------
Detecing CVE:CVE-2017-13015
Detection for: /data/zhangxb//binaries/target_clang/tcpdump/tcpdump-4.9.1-o0-tcpdump
Result for eap_print:patch , truth is vuln
------------------------------------------
Detecing CVE:CVE-2017-13015
Result for esis_print:patch , truth is patch
------------------------------------------
Detecing CVE:CVE-2017-13016
Detection for: /data/zhangxb//binaries/target_clang/tcpdump/tcpdump-4.9.0-o0-tcpdump
Detection for: /data/zhangxb//binaries/target_clang/tcpdump/tcpdump-4.99.0-bp-o0-tcpdump
Result for eap_print:patch , truth is vuln
------------------------------------------
Detecing CVE:CVE-2017-13015
Detection for: /data/zhangxb//binaries/target_clang/tcpdump/tcpdump-4.8.1-o0-tcpdump
Result for eap_print:vuln , truth is vuln
------------------------------------------
Detecing CVE:CVE-2017-13015
Result for esis_print:patch , truth is patch
------------------------------------------
Detecing CVE:CVE-2017-13016
Detection for: /data/zhangxb//binaries/target_clang/tcpdump/tcpdump-4.9.3-o0-tcpdump
Detection for: /data/zhangxb//binaries/target_clang/tcpdump/tcpdump-4.99-bp-o0-tcpdump
Result for eap_print:patch , truth is patch
------------------------------------------
Detecing CVE:CVE-2017-13015
Detection for: /data/zhangxb//binaries/target_clang/tcpdump/tcpdump-4.99.0-bp-o0-tcpdump
Result for eap_print:vuln , truth is patch
------------------------------------------
Detecing CVE:CVE-2017-13015
Detection for: /data/zhangxb//binaries/target_clang/tcpdump/tcpdump-4.99-bp-o0-tcpdump
Result for esis_print:patch , truth is patch
------------------------------------------
Detecing CVE:CVE-2017-13017
Result for eap_print:vuln , truth is patch
------------------------------------------
Detecing CVE:CVE-2017-13016
Detection for: /data/zhangxb//binaries/target_clang/tcpdump/tcpdump-4.9.1-o0-tcpdump
Detection for: /data/zhangxb//binaries/target_clang/tcpdump/tcpdump-4.9.1-o0-tcpdump
fail to determine
Result for esis_print:None , truth is vuln
------------------------------------------
Detecing CVE:CVE-2017-13016
Detection for: /data/zhangxb//binaries/target_clang/tcpdump/tcpdump-4.9.0-o0-tcpdump
fail to determine
Result for esis_print:None , truth is vuln
------------------------------------------
Detecing CVE:CVE-2017-13016
Detection for: /data/zhangxb//binaries/target_clang/tcpdump/tcpdump-4.8.1-o0-tcpdump
fail to determine
Result for esis_print:None , truth is vuln
------------------------------------------
Detecing CVE:CVE-2017-13016
Detection for: /data/zhangxb//binaries/target_clang/tcpdump/tcpdump-4.9.3-o0-tcpdump
NotImplementedError Ijk_Ret
NotImplementedError Ijk_Ret
NotImplementedError Ijk_Ret
NotImplementedError Ijk_Ret
NotImplementedError Ijk_Ret
NotImplementedError Ijk_Ret
NotImplementedError Ijk_Ret
NotImplementedError Ijk_Ret
NotImplementedError Ijk_Ret
NotImplementedError Ijk_Ret
NotImplementedError Ijk_Ret
NotImplementedError Ijk_Ret
NotImplementedError Ijk_Ret
NotImplementedError Ijk_Ret
NotImplementedError Ijk_Ret
NotImplementedError Ijk_Ret
NotImplementedError Ijk_Ret
NotImplementedError Ijk_Ret
Result for dhcp6opt_print:patch , truth is vuln
------------------------------------------
Detecing CVE:CVE-2017-13017
Result for esis_print:patch , truth is patch
------------------------------------------
Detecing CVE:CVE-2017-13016
Detection for: /data/zhangxb//binaries/target_clang/tcpdump/tcpdump-4.9.0-o0-tcpdump
Detection for: /data/zhangxb//binaries/target_clang/tcpdump/tcpdump-4.99.0-bp-o0-tcpdump
Result for esis_print:patch , truth is patch
------------------------------------------
Detecing CVE:CVE-2017-13016
Detection for: /data/zhangxb//binaries/target_clang/tcpdump/tcpdump-4.99-bp-o0-tcpdump
Result for esis_print:patch , truth is patch
------------------------------------------
Detecing CVE:CVE-2017-13017
Detection for: /data/zhangxb//binaries/target_clang/tcpdump/tcpdump-4.9.1-o0-tcpdump
NotImplementedError Ijk_Ret
NotImplementedError Ijk_Ret
NotImplementedError Ijk_Ret
NotImplementedError Ijk_Ret
NotImplementedError Ijk_Ret
NotImplementedError Ijk_Ret
NotImplementedError Ijk_Ret
NotImplementedError Ijk_Ret
NotImplementedError Ijk_Ret
NotImplementedError Ijk_Ret
NotImplementedError Ijk_Ret
NotImplementedError Ijk_Ret
NotImplementedError Ijk_Ret
NotImplementedError Ijk_Ret
NotImplementedError Ijk_Ret
NotImplementedError Ijk_Ret
NotImplementedError Ijk_Ret
NotImplementedError Ijk_Ret
Result for dhcp6opt_print:patch , truth is vuln
------------------------------------------
Detecing CVE:CVE-2017-13017
Detection for: /data/zhangxb//binaries/target_clang/tcpdump/tcpdump-4.8.1-o0-tcpdump
NotImplementedError Ijk_Ret
NotImplementedError Ijk_Ret
NotImplementedError Ijk_Ret
NotImplementedError Ijk_Ret
NotImplementedError Ijk_Ret
NotImplementedError Ijk_Ret
NotImplementedError Ijk_Ret
NotImplementedError Ijk_Ret
NotImplementedError Ijk_Ret
NotImplementedError Ijk_Ret
NotImplementedError Ijk_Ret
NotImplementedError Ijk_Ret
NotImplementedError Ijk_Ret
NotImplementedError Ijk_Ret
NotImplementedError Ijk_Ret
NotImplementedError Ijk_Ret
NotImplementedError Ijk_Ret
NotImplementedError Ijk_Ret
Result for dhcp6opt_print:patch , truth is vuln
------------------------------------------
Detecing CVE:CVE-2017-13017
Detection for: /data/zhangxb//binaries/target_clang/tcpdump/tcpdump-4.9.0-o0-tcpdump
NotImplementedError Ijk_Ret
NotImplementedError Ijk_Ret
NotImplementedError Ijk_Ret
NotImplementedError Ijk_Ret
NotImplementedError Ijk_Ret
NotImplementedError Ijk_Ret
NotImplementedError Ijk_Ret
NotImplementedError Ijk_Ret
NotImplementedError Ijk_Ret
NotImplementedError Ijk_Ret
NotImplementedError Ijk_Ret
NotImplementedError Ijk_Ret
NotImplementedError Ijk_Ret
NotImplementedError Ijk_Ret
NotImplementedError Ijk_Ret
NotImplementedError Ijk_Ret
NotImplementedError Ijk_Ret
NotImplementedError Ijk_Ret
Result for dhcp6opt_print:patch , truth is vuln
------------------------------------------
Detecing CVE:CVE-2017-13017
Detection for: /data/zhangxb//binaries/target_clang/tcpdump/tcpdump-4.9.3-o0-tcpdump
NotImplementedError Ijk_Ret
NotImplementedError Ijk_Ret
NotImplementedError Ijk_Ret
NotImplementedError Ijk_Ret
NotImplementedError Ijk_Ret
NotImplementedError Ijk_Ret
NotImplementedError Ijk_Ret
NotImplementedError Ijk_Ret
NotImplementedError Ijk_Ret
NotImplementedError Ijk_Ret
NotImplementedError Ijk_Ret
NotImplementedError Ijk_Ret
NotImplementedError Ijk_Ret
NotImplementedError Ijk_Ret
NotImplementedError Ijk_Ret
NotImplementedError Ijk_Ret
NotImplementedError Ijk_Ret
NotImplementedError Ijk_Ret
Result for dhcp6opt_print:patch , truth is vuln
------------------------------------------
Detecing CVE:CVE-2017-13017
Detection for: /data/zhangxb//binaries/target_clang/tcpdump/tcpdump-4.8.1-o0-tcpdump
NotImplementedError Ijk_Ret
NotImplementedError Ijk_Ret
NotImplementedError Ijk_Ret
NotImplementedError Ijk_Ret
NotImplementedError Ijk_Ret
NotImplementedError Ijk_Ret
NotImplementedError Ijk_Ret
NotImplementedError Ijk_Ret
NotImplementedError Ijk_Ret
NotImplementedError Ijk_Ret
NotImplementedError Ijk_Ret
NotImplementedError Ijk_Ret
NotImplementedError Ijk_Ret
NotImplementedError Ijk_Ret
NotImplementedError Ijk_Ret
NotImplementedError Ijk_Ret
NotImplementedError Ijk_Ret
NotImplementedError Ijk_Ret
Result for dhcp6opt_print:patch , truth is patch
------------------------------------------
Detecing CVE:CVE-2017-13017
Detection for: /data/zhangxb//binaries/target_clang/tcpdump/tcpdump-4.99.0-bp-o0-tcpdump
NotImplementedError Ijk_Ret
NotImplementedError Ijk_Ret
NotImplementedError Ijk_Ret
NotImplementedError Ijk_Ret
NotImplementedError Ijk_Ret
NotImplementedError Ijk_Ret
NotImplementedError Ijk_Ret
NotImplementedError Ijk_Ret
NotImplementedError Ijk_Ret
NotImplementedError Ijk_Ret
NotImplementedError Ijk_Ret
NotImplementedError Ijk_Ret
NotImplementedError Ijk_Ret
NotImplementedError Ijk_Ret
NotImplementedError Ijk_Ret
NotImplementedError Ijk_Ret
NotImplementedError Ijk_Ret
NotImplementedError Ijk_Ret
Result for dhcp6opt_print:patch , truth is vuln
------------------------------------------
Detecing CVE:CVE-2017-13017
Detection for: /data/zhangxb//binaries/target_clang/tcpdump/tcpdump-4.9.3-o0-tcpdump
NotImplementedError Ijk_Ret
NotImplementedError Ijk_Ret
NotImplementedError Ijk_Ret
NotImplementedError Ijk_Ret
NotImplementedError Ijk_Ret
NotImplementedError Ijk_Ret
NotImplementedError Ijk_Ret
NotImplementedError Ijk_Ret
NotImplementedError Ijk_Ret
NotImplementedError Ijk_Ret
NotImplementedError Ijk_Ret
NotImplementedError Ijk_Ret
NotImplementedError Ijk_Ret
NotImplementedError Ijk_Ret
NotImplementedError Ijk_Ret
NotImplementedError Ijk_Ret
NotImplementedError Ijk_Ret
NotImplementedError Ijk_Ret
NotImplementedError Ijk_Ret
NotImplementedError Ijk_Ret
NotImplementedError Ijk_Ret
NotImplementedError Ijk_Ret
NotImplementedError Ijk_Ret
NotImplementedError Ijk_Ret
NotImplementedError Ijk_Ret
NotImplementedError Ijk_Ret
NotImplementedError Ijk_Ret
NotImplementedError Ijk_Ret
NotImplementedError Ijk_Ret
NotImplementedError Ijk_Ret
NotImplementedError Ijk_Ret
NotImplementedError Ijk_Ret
NotImplementedError Ijk_Ret
NotImplementedError Ijk_Ret
NotImplementedError Ijk_Ret
NotImplementedError Ijk_Ret
NotImplementedError Ijk_Ret
NotImplementedError Ijk_Ret
NotImplementedError Ijk_Ret
NotImplementedError Ijk_Ret
NotImplementedError Ijk_Ret
NotImplementedError Ijk_Ret
NotImplementedError Ijk_Ret
NotImplementedError Ijk_Ret
NotImplementedError Ijk_Ret
NotImplementedError Ijk_Ret
NotImplementedError Ijk_Ret
NotImplementedError Ijk_Ret
Result for dhcp6opt_print:vuln , truth is patch
------------------------------------------
Detecing CVE:CVE-2017-13017
Detection for: /data/zhangxb//binaries/target_clang/tcpdump/tcpdump-4.99-bp-o0-tcpdump
NotImplementedError Ijk_Ret
NotImplementedError Ijk_Ret
NotImplementedError Ijk_Ret
NotImplementedError Ijk_Ret
NotImplementedError Ijk_Ret
NotImplementedError Ijk_Ret
NotImplementedError Ijk_Ret
NotImplementedError Ijk_Ret
NotImplementedError Ijk_Ret
NotImplementedError Ijk_Ret
NotImplementedError Ijk_Ret
NotImplementedError Ijk_Ret
NotImplementedError Ijk_Ret
NotImplementedError Ijk_Ret
NotImplementedError Ijk_Ret
NotImplementedError Ijk_Ret
NotImplementedError Ijk_Ret
NotImplementedError Ijk_Ret
Result for dhcp6opt_print:patch , truth is patch
------------------------------------------
Detecing CVE:CVE-2017-13017
Detection for: /data/zhangxb//binaries/target_clang/tcpdump/tcpdump-4.99.0-bp-o0-tcpdump
NotImplementedError Ijk_Ret
NotImplementedError Ijk_Ret
NotImplementedError Ijk_Ret
NotImplementedError Ijk_Ret
NotImplementedError Ijk_Ret
NotImplementedError Ijk_Ret
NotImplementedError Ijk_Ret
NotImplementedError Ijk_Ret
NotImplementedError Ijk_Ret
NotImplementedError Ijk_Ret
NotImplementedError Ijk_Ret
NotImplementedError Ijk_Ret
NotImplementedError Ijk_Ret
NotImplementedError Ijk_Ret
NotImplementedError Ijk_Ret
NotImplementedError Ijk_Ret
NotImplementedError Ijk_Ret
NotImplementedError Ijk_Ret
NotImplementedError Ijk_Ret
NotImplementedError Ijk_Ret
NotImplementedError Ijk_Ret
NotImplementedError Ijk_Ret
NotImplementedError Ijk_Ret
NotImplementedError Ijk_Ret
NotImplementedError Ijk_Ret
NotImplementedError Ijk_Ret
NotImplementedError Ijk_Ret
NotImplementedError Ijk_Ret
NotImplementedError Ijk_Ret
NotImplementedError Ijk_Ret
NotImplementedError Ijk_Ret
NotImplementedError Ijk_Ret
NotImplementedError Ijk_Ret
NotImplementedError Ijk_Ret
NotImplementedError Ijk_Ret
NotImplementedError Ijk_Ret
NotImplementedError Ijk_Ret
NotImplementedError Ijk_Ret
NotImplementedError Ijk_Ret
NotImplementedError Ijk_Ret
NotImplementedError Ijk_Ret
NotImplementedError Ijk_Ret
NotImplementedError Ijk_Ret
NotImplementedError Ijk_Ret
NotImplementedError Ijk_Ret
NotImplementedError Ijk_Ret
NotImplementedError Ijk_Ret
NotImplementedError Ijk_Ret
Result for dhcp6opt_print:vuln , truth is patch
------------------------------------------
Detecing CVE:CVE-2017-13018
Detection for: /data/zhangxb//binaries/target_clang/tcpdump/tcpdump-4.9.1-o0-tcpdump
NotImplementedError Ijk_Ret
NotImplementedError Ijk_Ret
NotImplementedError Ijk_Ret
NotImplementedError Ijk_Ret
NotImplementedError Ijk_Ret
NotImplementedError Ijk_Ret
NotImplementedError Ijk_Ret
NotImplementedError Ijk_Ret
NotImplementedError Ijk_Ret
NotImplementedError Ijk_Ret
NotImplementedError Ijk_Ret
NotImplementedError Ijk_Ret
NotImplementedError Ijk_Ret
NotImplementedError Ijk_Ret
NotImplementedError Ijk_Ret
NotImplementedError Ijk_Ret
NotImplementedError Ijk_Ret
NotImplementedError Ijk_Ret
NotImplementedError Ijk_Ret
NotImplementedError Ijk_Ret
NotImplementedError Ijk_Ret
NotImplementedError Ijk_Ret
NotImplementedError Ijk_Ret
NotImplementedError Ijk_Ret
NotImplementedError Ijk_Ret
NotImplementedError Ijk_Ret
NotImplementedError Ijk_Ret
NotImplementedError Ijk_Ret
NotImplementedError Ijk_Ret
NotImplementedError Ijk_Ret
NotImplementedError Ijk_Ret
NotImplementedError Ijk_Ret
NotImplementedError Ijk_Ret
NotImplementedError Ijk_Ret
NotImplementedError Ijk_Ret
NotImplementedError Ijk_Ret
NotImplementedError Ijk_Ret
NotImplementedError Ijk_Ret
NotImplementedError Ijk_Ret
NotImplementedError Ijk_Ret
NotImplementedError Ijk_Ret
NotImplementedError Ijk_Ret
NotImplementedError Ijk_Ret
NotImplementedError Ijk_Ret
NotImplementedError Ijk_Ret
NotImplementedError Ijk_Ret
NotImplementedError Ijk_Ret
NotImplementedError Ijk_Ret
Result for dhcp6opt_print:vuln , truth is patch
------------------------------------------
Detecing CVE:CVE-2017-13017
Detection for: /data/zhangxb//binaries/target_clang/tcpdump/tcpdump-4.99-bp-o0-tcpdump
Result for pgm_print:vuln , truth is vuln
------------------------------------------
Detecing CVE:CVE-2017-13018
Detection for: /data/zhangxb//binaries/target_clang/tcpdump/tcpdump-4.9.0-o0-tcpdump
Result for pgm_print:vuln , truth is vuln
------------------------------------------
Detecing CVE:CVE-2017-13018
Detection for: /data/zhangxb//binaries/target_clang/tcpdump/tcpdump-4.8.1-o0-tcpdump
NotImplementedError Ijk_Ret
NotImplementedError Ijk_Ret
NotImplementedError Ijk_Ret
NotImplementedError Ijk_Ret
NotImplementedError Ijk_Ret
NotImplementedError Ijk_Ret
NotImplementedError Ijk_Ret
NotImplementedError Ijk_Ret
NotImplementedError Ijk_Ret
NotImplementedError Ijk_Ret
NotImplementedError Ijk_Ret
NotImplementedError Ijk_Ret
NotImplementedError Ijk_Ret
NotImplementedError Ijk_Ret
NotImplementedError Ijk_Ret
NotImplementedError Ijk_Ret
NotImplementedError Ijk_Ret
NotImplementedError Ijk_Ret
NotImplementedError Ijk_Ret
NotImplementedError Ijk_Ret
NotImplementedError Ijk_Ret
NotImplementedError Ijk_Ret
NotImplementedError Ijk_Ret
NotImplementedError Ijk_Ret
NotImplementedError Ijk_Ret
NotImplementedError Ijk_Ret
NotImplementedError Ijk_Ret
NotImplementedError Ijk_Ret
NotImplementedError Ijk_Ret
NotImplementedError Ijk_Ret
NotImplementedError Ijk_Ret
NotImplementedError Ijk_Ret
NotImplementedError Ijk_Ret
NotImplementedError Ijk_Ret
NotImplementedError Ijk_Ret
NotImplementedError Ijk_Ret
NotImplementedError Ijk_Ret
NotImplementedError Ijk_Ret
NotImplementedError Ijk_Ret
NotImplementedError Ijk_Ret
NotImplementedError Ijk_Ret
NotImplementedError Ijk_Ret
NotImplementedError Ijk_Ret
NotImplementedError Ijk_Ret
NotImplementedError Ijk_Ret
NotImplementedError Ijk_Ret
NotImplementedError Ijk_Ret
NotImplementedError Ijk_Ret
Result for dhcp6opt_print:vuln , truth is patch
------------------------------------------
Detecing CVE:CVE-2017-13018
Detection for: /data/zhangxb//binaries/target_clang/tcpdump/tcpdump-4.9.1-o0-tcpdump
Result for pgm_print:vuln , truth is vuln
------------------------------------------
Detecing CVE:CVE-2017-13018
Detection for: /data/zhangxb//binaries/target_clang/tcpdump/tcpdump-4.9.3-o0-tcpdump
Result for pgm_print:vuln , truth is vuln
------------------------------------------
Detecing CVE:CVE-2017-13018
Detection for: /data/zhangxb//binaries/target_clang/tcpdump/tcpdump-4.9.0-o0-tcpdump
Result for pgm_print:patch , truth is patch
------------------------------------------
Detecing CVE:CVE-2017-13018
Detection for: /data/zhangxb//binaries/target_clang/tcpdump/tcpdump-4.99.0-bp-o0-tcpdump
Result for pgm_print:vuln , truth is vuln
------------------------------------------
Detecing CVE:CVE-2017-13018
Detection for: /data/zhangxb//binaries/target_clang/tcpdump/tcpdump-4.8.1-o0-tcpdump
Result for pgm_print:vuln , truth is patch
------------------------------------------
Detecing CVE:CVE-2017-13018
Detection for: /data/zhangxb//binaries/target_clang/tcpdump/tcpdump-4.99-bp-o0-tcpdump
Result for pgm_print:vuln , truth is vuln
------------------------------------------
Detecing CVE:CVE-2017-13018
Detection for: /data/zhangxb//binaries/target_clang/tcpdump/tcpdump-4.9.3-o0-tcpdump
Result for pgm_print:vuln , truth is patch
------------------------------------------
Detecing CVE:CVE-2017-13019
Detection for: /data/zhangxb//binaries/target_clang/tcpdump/tcpdump-4.9.1-o0-tcpdump
Result for pgm_print:patch , truth is patch
------------------------------------------
Detecing CVE:CVE-2017-13018
Detection for: /data/zhangxb//binaries/target_clang/tcpdump/tcpdump-4.99.0-bp-o0-tcpdump
Result for pgm_print:vuln , truth is patch
------------------------------------------
Detecing CVE:CVE-2017-13018
Result for pgm_print:vuln , truth is vuln
------------------------------------------
Detecing CVE:CVE-2017-13019
Detection for: /data/zhangxb//binaries/target_clang/tcpdump/tcpdump-4.99-bp-o0-tcpdump
Detection for: /data/zhangxb//binaries/target_clang/tcpdump/tcpdump-4.9.0-o0-tcpdump
Result for pgm_print:vuln , truth is patch
------------------------------------------
Detecing CVE:CVE-2017-13019
Detection for: /data/zhangxb//binaries/target_clang/tcpdump/tcpdump-4.9.1-o0-tcpdump
Result for pgm_print:vuln , truth is vuln
------------------------------------------
Detecing CVE:CVE-2017-13019
Detection for: /data/zhangxb//binaries/target_clang/tcpdump/tcpdump-4.8.1-o0-tcpdump
Result for pgm_print:vuln , truth is vuln
------------------------------------------
Detecing CVE:CVE-2017-13019
Detection for: /data/zhangxb//binaries/target_clang/tcpdump/tcpdump-4.9.0-o0-tcpdump
Result for pgm_print:vuln , truth is vuln
------------------------------------------
Detecing CVE:CVE-2017-13019
Detection for: /data/zhangxb//binaries/target_clang/tcpdump/tcpdump-4.9.3-o0-tcpdump
Result for pgm_print:vuln , truth is vuln
------------------------------------------
Detecing CVE:CVE-2017-13019
Detection for: /data/zhangxb//binaries/target_clang/tcpdump/tcpdump-4.8.1-o0-tcpdump
Result for pgm_print:patch , truth is patch
------------------------------------------
Detecing CVE:CVE-2017-13019
Detection for: /data/zhangxb//binaries/target_clang/tcpdump/tcpdump-4.99.0-bp-o0-tcpdump
Result for pgm_print:vuln , truth is vuln
------------------------------------------
Detecing CVE:CVE-2017-13019
Detection for: /data/zhangxb//binaries/target_clang/tcpdump/tcpdump-4.9.3-o0-tcpdump
Result for pgm_print:vuln , truth is patch
------------------------------------------
Detecing CVE:CVE-2017-13019
Detection for: /data/zhangxb//binaries/target_clang/tcpdump/tcpdump-4.99-bp-o0-tcpdump
Result for pgm_print:patch , truth is patch
------------------------------------------
Detecing CVE:CVE-2017-13019
Detection for: /data/zhangxb//binaries/target_clang/tcpdump/tcpdump-4.99.0-bp-o0-tcpdump
Result for pgm_print:vuln , truth is patch
------------------------------------------
Detecing CVE:CVE-2017-13020
Detection for: /data/zhangxb//binaries/target_clang/tcpdump/tcpdump-4.9.1-o0-tcpdump
Result for vtp_print:vuln , truth is vuln
------------------------------------------
Detecing CVE:CVE-2017-13020
Detection for: /data/zhangxb//binaries/target_clang/tcpdump/tcpdump-4.9.0-o0-tcpdump
Result for vtp_print:vuln , truth is vuln
------------------------------------------
Detecing CVE:CVE-2017-13020
Detection for: /data/zhangxb//binaries/target_clang/tcpdump/tcpdump-4.8.1-o0-tcpdump
Result for vtp_print:vuln , truth is vuln
------------------------------------------
Detecing CVE:CVE-2017-13020
Result for pgm_print:vuln , truth is patch
------------------------------------------
Detecing CVE:CVE-2017-13019
Detection for: /data/zhangxb//binaries/target_clang/tcpdump/tcpdump-4.9.3-o0-tcpdump
Detection for: /data/zhangxb//binaries/target_clang/tcpdump/tcpdump-4.99-bp-o0-tcpdump
Result for vtp_print:patch , truth is patch
------------------------------------------
Detecing CVE:CVE-2017-13020
Detection for: /data/zhangxb//binaries/target_clang/tcpdump/tcpdump-4.99.0-bp-o0-tcpdump
Result for vtp_print:vuln , truth is patch
------------------------------------------
Detecing CVE:CVE-2017-13020
Detection for: /data/zhangxb//binaries/target_clang/tcpdump/tcpdump-4.99-bp-o0-tcpdump
Result for vtp_print:vuln , truth is patch
------------------------------------------
Detecing CVE:CVE-2017-13021
Detection for: /data/zhangxb//binaries/target_clang/tcpdump/tcpdump-4.9.1-o0-tcpdump
Result for icmp6_print:patch , truth is vuln
------------------------------------------
Detecing CVE:CVE-2017-13021
Detection for: /data/zhangxb//binaries/target_clang/tcpdump/tcpdump-4.9.0-o0-tcpdump
Result for icmp6_print:patch , truth is vuln
------------------------------------------
Detecing CVE:CVE-2017-13021
Detection for: /data/zhangxb//binaries/target_clang/tcpdump/tcpdump-4.8.1-o0-tcpdump
Result for pgm_print:vuln , truth is patch
------------------------------------------
Detecing CVE:CVE-2017-13020
Detection for: /data/zhangxb//binaries/target_clang/tcpdump/tcpdump-4.9.1-o0-tcpdump
Result for vtp_print:vuln , truth is vuln
------------------------------------------
Detecing CVE:CVE-2017-13020
Result for icmp6_print:vuln , truth is vuln
------------------------------------------
Detecing CVE:CVE-2017-13021
Detection for: /data/zhangxb//binaries/target_clang/tcpdump/tcpdump-4.9.0-o0-tcpdump
Detection for: /data/zhangxb//binaries/target_clang/tcpdump/tcpdump-4.9.3-o0-tcpdump
Result for vtp_print:vuln , truth is vuln
------------------------------------------
Detecing CVE:CVE-2017-13020
Detection for: /data/zhangxb//binaries/target_clang/tcpdump/tcpdump-4.8.1-o0-tcpdump
Result for icmp6_print:patch , truth is patch
------------------------------------------
Detecing CVE:CVE-2017-13021
Detection for: /data/zhangxb//binaries/target_clang/tcpdump/tcpdump-4.99.0-bp-o0-tcpdump
Result for vtp_print:vuln , truth is vuln
------------------------------------------
Detecing CVE:CVE-2017-13020
Detection for: /data/zhangxb//binaries/target_clang/tcpdump/tcpdump-4.9.3-o0-tcpdump
Result for icmp6_print:vuln , truth is patch
------------------------------------------
Detecing CVE:CVE-2017-13021
Detection for: /data/zhangxb//binaries/target_clang/tcpdump/tcpdump-4.99-bp-o0-tcpdump
Result for vtp_print:patch , truth is patch
------------------------------------------
Detecing CVE:CVE-2017-13020
Detection for: /data/zhangxb//binaries/target_clang/tcpdump/tcpdump-4.99.0-bp-o0-tcpdump
Result for icmp6_print:vuln , truth is patch
------------------------------------------
Detecing CVE:CVE-2017-13022
Result for vtp_print:vuln , truth is patch
------------------------------------------
Detecing CVE:CVE-2017-13020
Detection for: /data/zhangxb//binaries/target_clang/tcpdump/tcpdump-4.9.1-o0-tcpdump
Result for ip_printroute:vuln , truth is vuln
Detection for: /data/zhangxb//binaries/target_clang/tcpdump/tcpdump-4.99-bp-o0-tcpdump
Result for ip_optprint:patch , truth is vuln
------------------------------------------
Detecing CVE:CVE-2017-13022
Detection for: /data/zhangxb//binaries/target_clang/tcpdump/tcpdump-4.9.0-o0-tcpdump
Result for vtp_print:vuln , truth is patch
------------------------------------------
Detecing CVE:CVE-2017-13021
Result for ip_printroute:vuln , truth is vuln
Result for ip_optprint:patch , truth is vuln
------------------------------------------
Detecing CVE:CVE-2017-13022
Detection for: /data/zhangxb//binaries/target_clang/tcpdump/tcpdump-4.9.1-o0-tcpdump
Detection for: /data/zhangxb//binaries/target_clang/tcpdump/tcpdump-4.8.1-o0-tcpdump
Result for ip_printroute:vuln , truth is vuln
Result for ip_optprint:patch , truth is vuln
------------------------------------------
Detecing CVE:CVE-2017-13022
Detection for: /data/zhangxb//binaries/target_clang/tcpdump/tcpdump-4.9.3-o0-tcpdump
Result for ip_printroute:patch , truth is patch
Result for ip_optprint:patch , truth is patch
------------------------------------------
Detecing CVE:CVE-2017-13022
Result for icmp6_print:patch , truth is vuln
------------------------------------------
Detecing CVE:CVE-2017-13021
Detection for: /data/zhangxb//binaries/target_clang/tcpdump/tcpdump-4.99.0-bp-o0-tcpdump
Detection for: /data/zhangxb//binaries/target_clang/tcpdump/tcpdump-4.9.0-o0-tcpdump
Result for ip_printroute:vuln , truth is patch
Result for ip_optprint:patch , truth is patch
------------------------------------------
Detecing CVE:CVE-2017-13022
Detection for: /data/zhangxb//binaries/target_clang/tcpdump/tcpdump-4.99-bp-o0-tcpdump
Result for ip_printroute:vuln , truth is patch
Result for ip_optprint:patch , truth is patch
------------------------------------------
Detecing CVE:CVE-2017-13023
Detection for: /data/zhangxb//binaries/target_clang/tcpdump/tcpdump-4.9.1-o0-tcpdump
Result for icmp6_print:patch , truth is vuln
------------------------------------------
Detecing CVE:CVE-2017-13021
Result for mobility_opt_print:vuln , truth is vuln
------------------------------------------
Detecing CVE:CVE-2017-13023
Detection for: /data/zhangxb//binaries/target_clang/tcpdump/tcpdump-4.8.1-o0-tcpdump
Detection for: /data/zhangxb//binaries/target_clang/tcpdump/tcpdump-4.9.0-o0-tcpdump
Result for mobility_opt_print:vuln , truth is vuln
------------------------------------------
Detecing CVE:CVE-2017-13023
Detection for: /data/zhangxb//binaries/target_clang/tcpdump/tcpdump-4.8.1-o0-tcpdump
Result for icmp6_print:vuln , truth is vuln
------------------------------------------
Detecing CVE:CVE-2017-13021
Result for mobility_opt_print:vuln , truth is vuln
------------------------------------------
Detecing CVE:CVE-2017-13023
Detection for: /data/zhangxb//binaries/target_clang/tcpdump/tcpdump-4.9.3-o0-tcpdump
Detection for: /data/zhangxb//binaries/target_clang/tcpdump/tcpdump-4.9.3-o0-tcpdump
Result for mobility_opt_print:patch , truth is patch
------------------------------------------
Detecing CVE:CVE-2017-13023
Detection for: /data/zhangxb//binaries/target_clang/tcpdump/tcpdump-4.99.0-bp-o0-tcpdump
Result for mobility_opt_print:vuln , truth is patch
------------------------------------------
Detecing CVE:CVE-2017-13023
Result for icmp6_print:patch , truth is patch
------------------------------------------
Detecing CVE:CVE-2017-13021
Detection for: /data/zhangxb//binaries/target_clang/tcpdump/tcpdump-4.99-bp-o0-tcpdump
Detection for: /data/zhangxb//binaries/target_clang/tcpdump/tcpdump-4.99.0-bp-o0-tcpdump
Result for mobility_opt_print:vuln , truth is patch
------------------------------------------
Detecing CVE:CVE-2017-13024
Detection for: /data/zhangxb//binaries/target_clang/tcpdump/tcpdump-4.9.1-o0-tcpdump
Result for mobility_opt_print:vuln , truth is vuln
------------------------------------------
Detecing CVE:CVE-2017-13024
Result for icmp6_print:vuln , truth is patch
------------------------------------------
Detecing CVE:CVE-2017-13021
Detection for: /data/zhangxb//binaries/target_clang/tcpdump/tcpdump-4.9.0-o0-tcpdump
Result for mobility_opt_print:vuln , truth is vuln
------------------------------------------
Detecing CVE:CVE-2017-13024
Detection for: /data/zhangxb//binaries/target_clang/tcpdump/tcpdump-4.99-bp-o0-tcpdump
Detection for: /data/zhangxb//binaries/target_clang/tcpdump/tcpdump-4.8.1-o0-tcpdump
Result for mobility_opt_print:vuln , truth is vuln
------------------------------------------
Detecing CVE:CVE-2017-13024
Result for icmp6_print:vuln , truth is patch
------------------------------------------
Detecing CVE:CVE-2017-13022
Detection for: /data/zhangxb//binaries/target_clang/tcpdump/tcpdump-4.9.3-o0-tcpdump
Detection for: /data/zhangxb//binaries/target_clang/tcpdump/tcpdump-4.9.1-o0-tcpdump
Result for mobility_opt_print:patch , truth is patch
------------------------------------------
Detecing CVE:CVE-2017-13024
Result for ip_printroute:vuln , truth is vuln
Result for ip_optprint:patch , truth is vuln
------------------------------------------
Detecing CVE:CVE-2017-13022
Detection for: /data/zhangxb//binaries/target_clang/tcpdump/tcpdump-4.99.0-bp-o0-tcpdump
Detection for: /data/zhangxb//binaries/target_clang/tcpdump/tcpdump-4.9.0-o0-tcpdump
Result for mobility_opt_print:vuln , truth is patch
------------------------------------------
Detecing CVE:CVE-2017-13024
Result for ip_printroute:vuln , truth is vuln
Result for ip_optprint:patch , truth is vuln
------------------------------------------
Detecing CVE:CVE-2017-13022
Detection for: /data/zhangxb//binaries/target_clang/tcpdump/tcpdump-4.99-bp-o0-tcpdump
Result for mobility_opt_print:vuln , truth is patch
------------------------------------------
Detecing CVE:CVE-2017-13025
Detection for: /data/zhangxb//binaries/target_clang/tcpdump/tcpdump-4.8.1-o0-tcpdump
Result for ip_printroute:vuln , truth is vuln
Result for ip_optprint:patch , truth is vuln
------------------------------------------
Detecing CVE:CVE-2017-13022
Detection for: /data/zhangxb//binaries/target_clang/tcpdump/tcpdump-4.9.1-o0-tcpdump
Detection for: /data/zhangxb//binaries/target_clang/tcpdump/tcpdump-4.9.3-o0-tcpdump
Result for mobility_opt_print:vuln , truth is vuln
------------------------------------------
Detecing CVE:CVE-2017-13025
Result for ip_printroute:patch , truth is patch
Result for ip_optprint:patch , truth is patch
------------------------------------------
Detecing CVE:CVE-2017-13022
Detection for: /data/zhangxb//binaries/target_clang/tcpdump/tcpdump-4.9.0-o0-tcpdump
Detection for: /data/zhangxb//binaries/target_clang/tcpdump/tcpdump-4.99.0-bp-o0-tcpdump
Result for mobility_opt_print:vuln , truth is vuln
------------------------------------------
Detecing CVE:CVE-2017-13025
Result for ip_printroute:vuln , truth is patch
Result for ip_optprint:patch , truth is patch
------------------------------------------
Detecing CVE:CVE-2017-13022
Detection for: /data/zhangxb//binaries/target_clang/tcpdump/tcpdump-4.8.1-o0-tcpdump
Detection for: /data/zhangxb//binaries/target_clang/tcpdump/tcpdump-4.99-bp-o0-tcpdump
Result for mobility_opt_print:vuln , truth is vuln
------------------------------------------
Detecing CVE:CVE-2017-13025
Result for ip_printroute:vuln , truth is patch
Result for ip_optprint:patch , truth is patch
------------------------------------------
Detecing CVE:CVE-2017-13023
Detection for: /data/zhangxb//binaries/target_clang/tcpdump/tcpdump-4.9.3-o0-tcpdump
Detection for: /data/zhangxb//binaries/target_clang/tcpdump/tcpdump-4.9.1-o0-tcpdump
Result for mobility_opt_print:patch , truth is patch
------------------------------------------
Detecing CVE:CVE-2017-13025
Result for mobility_opt_print:vuln , truth is vuln
------------------------------------------
Detecing CVE:CVE-2017-13023
Detection for: /data/zhangxb//binaries/target_clang/tcpdump/tcpdump-4.99.0-bp-o0-tcpdump
Detection for: /data/zhangxb//binaries/target_clang/tcpdump/tcpdump-4.9.0-o0-tcpdump
Result for mobility_opt_print:vuln , truth is patch
------------------------------------------
Detecing CVE:CVE-2017-13025
Result for mobility_opt_print:vuln , truth is vuln
------------------------------------------
Detecing CVE:CVE-2017-13023
Detection for: /data/zhangxb//binaries/target_clang/tcpdump/tcpdump-4.99-bp-o0-tcpdump
Detection for: /data/zhangxb//binaries/target_clang/tcpdump/tcpdump-4.8.1-o0-tcpdump
Result for mobility_opt_print:vuln , truth is patch
------------------------------------------
Detecing CVE:CVE-2017-13026
Result for mobility_opt_print:vuln , truth is vuln
------------------------------------------
Detecing CVE:CVE-2017-13023
Detection for: /data/zhangxb//binaries/target_clang/tcpdump/tcpdump-4.9.1-o0-tcpdump
Detection for: /data/zhangxb//binaries/target_clang/tcpdump/tcpdump-4.9.3-o0-tcpdump
Result for mobility_opt_print:patch , truth is patch
------------------------------------------
Detecing CVE:CVE-2017-13023
Result for isis_print_mt_port_cap_subtlv:vuln , truth is vuln
Detection for: /data/zhangxb//binaries/target_clang/tcpdump/tcpdump-4.99.0-bp-o0-tcpdump
Result for mobility_opt_print:vuln , truth is patch
------------------------------------------
Detecing CVE:CVE-2017-13023
Result for isis_print_mt_capability_subtlv:vuln , truth is vuln
------------------------------------------
Detecing CVE:CVE-2017-13026
Detection for: /data/zhangxb//binaries/target_clang/tcpdump/tcpdump-4.99-bp-o0-tcpdump
Detection for: /data/zhangxb//binaries/target_clang/tcpdump/tcpdump-4.9.0-o0-tcpdump
Result for mobility_opt_print:vuln , truth is patch
------------------------------------------
Detecing CVE:CVE-2017-13024
Result for isis_print_mt_port_cap_subtlv:vuln , truth is vuln
Detection for: /data/zhangxb//binaries/target_clang/tcpdump/tcpdump-4.9.1-o0-tcpdump
Result for mobility_opt_print:vuln , truth is vuln
------------------------------------------
Detecing CVE:CVE-2017-13024
Result for isis_print_mt_capability_subtlv:vuln , truth is vuln
------------------------------------------
Detecing CVE:CVE-2017-13026
Detection for: /data/zhangxb//binaries/target_clang/tcpdump/tcpdump-4.9.0-o0-tcpdump
Detection for: /data/zhangxb//binaries/target_clang/tcpdump/tcpdump-4.8.1-o0-tcpdump
Result for mobility_opt_print:vuln , truth is vuln
------------------------------------------
Detecing CVE:CVE-2017-13024
Detection for: /data/zhangxb//binaries/target_clang/tcpdump/tcpdump-4.8.1-o0-tcpdump
Result for isis_print_mt_port_cap_subtlv:vuln , truth is vuln
Result for mobility_opt_print:vuln , truth is vuln
------------------------------------------
Detecing CVE:CVE-2017-13024
Detection for: /data/zhangxb//binaries/target_clang/tcpdump/tcpdump-4.9.3-o0-tcpdump
Result for isis_print_mt_capability_subtlv:patch , truth is vuln
------------------------------------------
Detecing CVE:CVE-2017-13026
Result for mobility_opt_print:patch , truth is patch
------------------------------------------
Detecing CVE:CVE-2017-13024
Detection for: /data/zhangxb//binaries/target_clang/tcpdump/tcpdump-4.9.3-o0-tcpdump
Detection for: /data/zhangxb//binaries/target_clang/tcpdump/tcpdump-4.99.0-bp-o0-tcpdump
Result for mobility_opt_print:vuln , truth is patch
------------------------------------------
Detecing CVE:CVE-2017-13024
Detection for: /data/zhangxb//binaries/target_clang/tcpdump/tcpdump-4.99-bp-o0-tcpdump
Result for isis_print_mt_port_cap_subtlv:vuln , truth is patch
Result for mobility_opt_print:vuln , truth is patch
------------------------------------------
Detecing CVE:CVE-2017-13025
Detection for: /data/zhangxb//binaries/target_clang/tcpdump/tcpdump-4.9.1-o0-tcpdump
Result for isis_print_mt_capability_subtlv:patch , truth is patch
------------------------------------------
Detecing CVE:CVE-2017-13026
Result for mobility_opt_print:vuln , truth is vuln
------------------------------------------
Detecing CVE:CVE-2017-13025
Detection for: /data/zhangxb//binaries/target_clang/tcpdump/tcpdump-4.99.0-bp-o0-tcpdump
Detection for: /data/zhangxb//binaries/target_clang/tcpdump/tcpdump-4.9.0-o0-tcpdump
Result for mobility_opt_print:vuln , truth is vuln
------------------------------------------
Detecing CVE:CVE-2017-13025
Result for isis_print_mt_port_cap_subtlv:vuln , truth is patch
Detection for: /data/zhangxb//binaries/target_clang/tcpdump/tcpdump-4.8.1-o0-tcpdump
Result for mobility_opt_print:vuln , truth is vuln
------------------------------------------
Detecing CVE:CVE-2017-13025
Detection for: /data/zhangxb//binaries/target_clang/tcpdump/tcpdump-4.9.3-o0-tcpdump
fail to determine
Result for isis_print_mt_capability_subtlv:None , truth is patch
------------------------------------------
Detecing CVE:CVE-2017-13026
Result for mobility_opt_print:patch , truth is patch
------------------------------------------
Detecing CVE:CVE-2017-13025
Detection for: /data/zhangxb//binaries/target_clang/tcpdump/tcpdump-4.99-bp-o0-tcpdump
Detection for: /data/zhangxb//binaries/target_clang/tcpdump/tcpdump-4.99.0-bp-o0-tcpdump
Result for mobility_opt_print:vuln , truth is patch
------------------------------------------
Detecing CVE:CVE-2017-13025
Result for isis_print_mt_port_cap_subtlv:vuln , truth is patch
Detection for: /data/zhangxb//binaries/target_clang/tcpdump/tcpdump-4.99-bp-o0-tcpdump
Result for mobility_opt_print:vuln , truth is patch
------------------------------------------
Detecing CVE:CVE-2017-13026
fail to determine
Result for isis_print_mt_capability_subtlv:None , truth is patch
------------------------------------------
Detecing CVE:CVE-2017-13027
Detection for: /data/zhangxb//binaries/target_clang/tcpdump/tcpdump-4.9.1-o0-tcpdump
Detection for: /data/zhangxb//binaries/target_clang/tcpdump/tcpdump-4.9.1-o0-tcpdump
Result for lldp_mgmt_addr_tlv_print:vuln , truth is vuln
------------------------------------------
Detecing CVE:CVE-2017-13027
Detection for: /data/zhangxb//binaries/target_clang/tcpdump/tcpdump-4.9.0-o0-tcpdump
Result for lldp_mgmt_addr_tlv_print:vuln , truth is vuln
------------------------------------------
Detecing CVE:CVE-2017-13027
Result for isis_print_mt_port_cap_subtlv:vuln , truth is vuln
Detection for: /data/zhangxb//binaries/target_clang/tcpdump/tcpdump-4.8.1-o0-tcpdump
Result for lldp_mgmt_addr_tlv_print:vuln , truth is vuln
------------------------------------------
Detecing CVE:CVE-2017-13027
Result for isis_print_mt_capability_subtlv:vuln , truth is vuln
------------------------------------------
Detecing CVE:CVE-2017-13026
Detection for: /data/zhangxb//binaries/target_clang/tcpdump/tcpdump-4.9.3-o0-tcpdump
Result for lldp_mgmt_addr_tlv_print:patch , truth is patch
------------------------------------------
Detecing CVE:CVE-2017-13027
Detection for: /data/zhangxb//binaries/target_clang/tcpdump/tcpdump-4.9.0-o0-tcpdump
Detection for: /data/zhangxb//binaries/target_clang/tcpdump/tcpdump-4.99.0-bp-o0-tcpdump
fail to determine
Result for lldp_mgmt_addr_tlv_print:None , truth is patch
------------------------------------------
Detecing CVE:CVE-2017-13027
Result for isis_print_mt_port_cap_subtlv:vuln , truth is vuln
Detection for: /data/zhangxb//binaries/target_clang/tcpdump/tcpdump-4.99-bp-o0-tcpdump
fail to determine
Result for lldp_mgmt_addr_tlv_print:None , truth is patch
------------------------------------------
Detecing CVE:CVE-2017-13028
Detection for: /data/zhangxb//binaries/target_clang/tcpdump/tcpdump-4.9.1-o0-tcpdump
Result for isis_print_mt_capability_subtlv:vuln , truth is vuln
------------------------------------------
Detecing CVE:CVE-2017-13026
Detection for: /data/zhangxb//binaries/target_clang/tcpdump/tcpdump-4.8.1-o0-tcpdump
Result for bootp_print:vuln , truth is vuln
------------------------------------------
Detecing CVE:CVE-2017-13028
Detection for: /data/zhangxb//binaries/target_clang/tcpdump/tcpdump-4.9.0-o0-tcpdump
Result for isis_print_mt_port_cap_subtlv:vuln , truth is vuln
Result for bootp_print:vuln , truth is vuln
------------------------------------------
Detecing CVE:CVE-2017-13028
Detection for: /data/zhangxb//binaries/target_clang/tcpdump/tcpdump-4.8.1-o0-tcpdump
Result for isis_print_mt_capability_subtlv:patch , truth is vuln
------------------------------------------
Detecing CVE:CVE-2017-13026
Result for bootp_print:vuln , truth is vuln
------------------------------------------
Detecing CVE:CVE-2017-13028
Detection for: /data/zhangxb//binaries/target_clang/tcpdump/tcpdump-4.9.3-o0-tcpdump
Detection for: /data/zhangxb//binaries/target_clang/tcpdump/tcpdump-4.9.3-o0-tcpdump
Result for bootp_print:patch , truth is patch
------------------------------------------
Detecing CVE:CVE-2017-13028
Result for isis_print_mt_port_cap_subtlv:vuln , truth is patch
Detection for: /data/zhangxb//binaries/target_clang/tcpdump/tcpdump-4.99.0-bp-o0-tcpdump
Result for bootp_print:vuln , truth is patch
------------------------------------------
Detecing CVE:CVE-2017-13028
Detection for: /data/zhangxb//binaries/target_clang/tcpdump/tcpdump-4.99-bp-o0-tcpdump
Result for isis_print_mt_capability_subtlv:patch , truth is patch
------------------------------------------
Detecing CVE:CVE-2017-13026
Result for bootp_print:vuln , truth is patch
------------------------------------------
Detecing CVE:CVE-2017-13029
Detection for: /data/zhangxb//binaries/target_clang/tcpdump/tcpdump-4.99.0-bp-o0-tcpdump
Detection for: /data/zhangxb//binaries/target_clang/tcpdump/tcpdump-4.9.1-o0-tcpdump
Result for isis_print_mt_port_cap_subtlv:vuln , truth is patch
fail to determine
Result for print_lcp_config_options:None , truth is vuln
fail to determine
Result for print_ipcp_config_options:None , truth is vuln
Result for print_ccp_config_options:vuln , truth is vuln
fail to determine
Result for print_bacp_config_options:None , truth is vuln
------------------------------------------
Detecing CVE:CVE-2017-13029
fail to determine
Result for isis_print_mt_capability_subtlv:None , truth is patch
------------------------------------------
Detecing CVE:CVE-2017-13026
Detection for: /data/zhangxb//binaries/target_clang/tcpdump/tcpdump-4.9.0-o0-tcpdump
Detection for: /data/zhangxb//binaries/target_clang/tcpdump/tcpdump-4.99-bp-o0-tcpdump
fail to determine
Result for print_lcp_config_options:None , truth is vuln
fail to determine
Result for print_ipcp_config_options:None , truth is vuln
Result for isis_print_mt_port_cap_subtlv:vuln , truth is patch
Result for print_ccp_config_options:vuln , truth is vuln
fail to determine
Result for print_bacp_config_options:None , truth is vuln
------------------------------------------
Detecing CVE:CVE-2017-13029
Detection for: /data/zhangxb//binaries/target_clang/tcpdump/tcpdump-4.8.1-o0-tcpdump
fail to determine
Result for isis_print_mt_capability_subtlv:None , truth is patch
------------------------------------------
Detecing CVE:CVE-2017-13027
Detection for: /data/zhangxb//binaries/target_clang/tcpdump/tcpdump-4.9.1-o0-tcpdump
Result for lldp_mgmt_addr_tlv_print:vuln , truth is vuln
------------------------------------------
Detecing CVE:CVE-2017-13027
fail to determine
Result for print_lcp_config_options:None , truth is vuln
fail to determine
Result for print_ipcp_config_options:None , truth is vuln
Detection for: /data/zhangxb//binaries/target_clang/tcpdump/tcpdump-4.9.0-o0-tcpdump
Result for lldp_mgmt_addr_tlv_print:vuln , truth is vuln
------------------------------------------
Detecing CVE:CVE-2017-13027
fail to determine
Result for print_ccp_config_options:None , truth is vuln
fail to determine
Result for print_bacp_config_options:None , truth is vuln
------------------------------------------
Detecing CVE:CVE-2017-13029
Detection for: /data/zhangxb//binaries/target_clang/tcpdump/tcpdump-4.8.1-o0-tcpdump
Result for lldp_mgmt_addr_tlv_print:vuln , truth is vuln
------------------------------------------
Detecing CVE:CVE-2017-13027
Detection for: /data/zhangxb//binaries/target_clang/tcpdump/tcpdump-4.9.3-o0-tcpdump
Detection for: /data/zhangxb//binaries/target_clang/tcpdump/tcpdump-4.9.3-o0-tcpdump
Result for lldp_mgmt_addr_tlv_print:patch , truth is patch
------------------------------------------
Detecing CVE:CVE-2017-13027
Detection for: /data/zhangxb//binaries/target_clang/tcpdump/tcpdump-4.99.0-bp-o0-tcpdump
fail to determine
Result for print_lcp_config_options:None , truth is patch
fail to determine
Result for lldp_mgmt_addr_tlv_print:None , truth is patch
------------------------------------------
Detecing CVE:CVE-2017-13027
fail to determine
Result for print_ipcp_config_options:None , truth is patch
Detection for: /data/zhangxb//binaries/target_clang/tcpdump/tcpdump-4.99-bp-o0-tcpdump
fail to determine
Result for print_ccp_config_options:None , truth is patch
fail to determine
Result for lldp_mgmt_addr_tlv_print:None , truth is patch
------------------------------------------
Detecing CVE:CVE-2017-13028
fail to determine
Result for print_bacp_config_options:None , truth is patch
------------------------------------------
Detecing CVE:CVE-2017-13029
Detection for: /data/zhangxb//binaries/target_clang/tcpdump/tcpdump-4.9.1-o0-tcpdump
Detection for: /data/zhangxb//binaries/target_clang/tcpdump/tcpdump-4.99.0-bp-o0-tcpdump
Result for bootp_print:vuln , truth is vuln
------------------------------------------
Detecing CVE:CVE-2017-13028
fail to determine
Result for print_lcp_config_options:None , truth is patch
fail to determine
Result for print_ipcp_config_options:None , truth is patch
Detection for: /data/zhangxb//binaries/target_clang/tcpdump/tcpdump-4.9.0-o0-tcpdump
fail to determine
Result for print_ccp_config_options:None , truth is patch
fail to determine
Result for print_bacp_config_options:None , truth is patch
------------------------------------------
Detecing CVE:CVE-2017-13029
Result for bootp_print:vuln , truth is vuln
------------------------------------------
Detecing CVE:CVE-2017-13028
Detection for: /data/zhangxb//binaries/target_clang/tcpdump/tcpdump-4.99-bp-o0-tcpdump
Detection for: /data/zhangxb//binaries/target_clang/tcpdump/tcpdump-4.8.1-o0-tcpdump
Result for bootp_print:vuln , truth is vuln
------------------------------------------
Detecing CVE:CVE-2017-13028
fail to determine
Result for print_lcp_config_options:None , truth is patch
fail to determine
Result for print_ipcp_config_options:None , truth is patch
Detection for: /data/zhangxb//binaries/target_clang/tcpdump/tcpdump-4.9.3-o0-tcpdump
fail to determine
Result for print_ccp_config_options:None , truth is patch
fail to determine
Result for print_bacp_config_options:None , truth is patch
------------------------------------------
Detecing CVE:CVE-2017-13030
Result for bootp_print:patch , truth is patch
------------------------------------------
Detecing CVE:CVE-2017-13028
Detection for: /data/zhangxb//binaries/target_clang/tcpdump/tcpdump-4.9.1-o0-tcpdump
Detection for: /data/zhangxb//binaries/target_clang/tcpdump/tcpdump-4.99.0-bp-o0-tcpdump
Result for bootp_print:vuln , truth is patch
------------------------------------------
Detecing CVE:CVE-2017-13028
Detection for: /data/zhangxb//binaries/target_clang/tcpdump/tcpdump-4.99-bp-o0-tcpdump
Result for pimv1_join_prune_print:vuln , truth is vuln
Result for bootp_print:vuln , truth is patch
------------------------------------------
Detecing CVE:CVE-2017-13029
Result for pimv1_print:vuln , truth is vuln
Detection for: /data/zhangxb//binaries/target_clang/tcpdump/tcpdump-4.9.1-o0-tcpdump
Result for cisco_autorp_print:vuln , truth is vuln
Result for pim_print:patch , truth is vuln
fail to determine
Result for print_lcp_config_options:None , truth is vuln
fail to determine
Result for print_ipcp_config_options:None , truth is vuln
Result for print_ccp_config_options:vuln , truth is vuln
fail to determine
Result for print_bacp_config_options:None , truth is vuln
------------------------------------------
Detecing CVE:CVE-2017-13029
Detection for: /data/zhangxb//binaries/target_clang/tcpdump/tcpdump-4.9.0-o0-tcpdump
Result for pimv2_addr_print:patch , truth is vuln
fail to determine
Result for print_lcp_config_options:None , truth is vuln
fail to determine
Result for print_ipcp_config_options:None , truth is vuln
Result for print_ccp_config_options:vuln , truth is vuln
fail to determine
Result for print_bacp_config_options:None , truth is vuln
------------------------------------------
Detecing CVE:CVE-2017-13029
Detection for: /data/zhangxb//binaries/target_clang/tcpdump/tcpdump-4.8.1-o0-tcpdump
fail to determine
Result for print_lcp_config_options:None , truth is vuln
fail to determine
Result for print_ipcp_config_options:None , truth is vuln
fail to determine
Result for print_ccp_config_options:None , truth is vuln
fail to determine
Result for print_bacp_config_options:None , truth is vuln
------------------------------------------
Detecing CVE:CVE-2017-13029
Detection for: /data/zhangxb//binaries/target_clang/tcpdump/tcpdump-4.9.3-o0-tcpdump
Result for pimv2_print:vuln , truth is vuln
fail to determine
Result for print_lcp_config_options:None , truth is patch
------------------------------------------
Detecing CVE:CVE-2017-13030
fail to determine
Result for print_ipcp_config_options:None , truth is patch
Detection for: /data/zhangxb//binaries/target_clang/tcpdump/tcpdump-4.9.0-o0-tcpdump
fail to determine
Result for print_ccp_config_options:None , truth is patch
fail to determine
Result for print_bacp_config_options:None , truth is patch
------------------------------------------
Detecing CVE:CVE-2017-13029
Detection for: /data/zhangxb//binaries/target_clang/tcpdump/tcpdump-4.99.0-bp-o0-tcpdump
Result for pimv1_join_prune_print:vuln , truth is vuln
fail to determine
Result for print_lcp_config_options:None , truth is patch
Result for pimv1_print:vuln , truth is vuln
fail to determine
Result for print_ipcp_config_options:None , truth is patch
fail to determine
Result for print_ccp_config_options:None , truth is patch
fail to determine
Result for print_bacp_config_options:None , truth is patch
------------------------------------------
Detecing CVE:CVE-2017-13029
Result for cisco_autorp_print:vuln , truth is vuln
Result for pim_print:patch , truth is vuln
Detection for: /data/zhangxb//binaries/target_clang/tcpdump/tcpdump-4.99-bp-o0-tcpdump
fail to determine
Result for print_lcp_config_options:None , truth is patch
fail to determine
Result for print_ipcp_config_options:None , truth is patch
fail to determine
Result for print_ccp_config_options:None , truth is patch
fail to determine
Result for print_bacp_config_options:None , truth is patch
------------------------------------------
Detecing CVE:CVE-2017-13030
Result for pimv2_addr_print:patch , truth is vuln
Detection for: /data/zhangxb//binaries/target_clang/tcpdump/tcpdump-4.9.1-o0-tcpdump
Result for pimv1_join_prune_print:vuln , truth is vuln
Result for pimv1_print:vuln , truth is vuln
Result for cisco_autorp_print:vuln , truth is vuln
Result for pim_print:patch , truth is vuln
Result for pimv2_print:vuln , truth is vuln
------------------------------------------
Detecing CVE:CVE-2017-13030
Result for pimv2_addr_print:patch , truth is vuln
Detection for: /data/zhangxb//binaries/target_clang/tcpdump/tcpdump-4.8.1-o0-tcpdump
fail to determine
Result for pimv1_join_prune_print:None , truth is vuln
Result for pimv1_print:vuln , truth is vuln
Result for cisco_autorp_print:vuln , truth is vuln
Result for pim_print:patch , truth is vuln
Result for pimv2_print:vuln , truth is vuln
------------------------------------------
Detecing CVE:CVE-2017-13030
Result for pimv2_addr_print:patch , truth is vuln
Detection for: /data/zhangxb//binaries/target_clang/tcpdump/tcpdump-4.9.0-o0-tcpdump
Result for pimv1_join_prune_print:vuln , truth is vuln
Result for pimv1_print:vuln , truth is vuln
Result for cisco_autorp_print:vuln , truth is vuln
Result for pim_print:patch , truth is vuln
Result for pimv2_addr_print:patch , truth is vuln
Result for pimv2_print:vuln , truth is vuln
------------------------------------------
Detecing CVE:CVE-2017-13030
Detection for: /data/zhangxb//binaries/target_clang/tcpdump/tcpdump-4.9.3-o0-tcpdump
Result for pimv1_join_prune_print:patch , truth is patch
Result for pimv1_print:patch , truth is patch
Result for pimv2_print:vuln , truth is vuln
------------------------------------------
Detecing CVE:CVE-2017-13030
Result for cisco_autorp_print:patch , truth is patch
Result for pim_print:patch , truth is patch
Detection for: /data/zhangxb//binaries/target_clang/tcpdump/tcpdump-4.8.1-o0-tcpdump
Result for pimv2_addr_print:patch , truth is patch
fail to determine
Result for pimv1_join_prune_print:None , truth is vuln
Result for pimv1_print:vuln , truth is vuln
Result for cisco_autorp_print:vuln , truth is vuln
Result for pim_print:patch , truth is vuln
Result for pimv2_addr_print:patch , truth is vuln
Result for pimv2_print:vuln , truth is vuln
------------------------------------------
Detecing CVE:CVE-2017-13030
Detection for: /data/zhangxb//binaries/target_clang/tcpdump/tcpdump-4.9.3-o0-tcpdump
Result for pimv1_join_prune_print:patch , truth is patch
Result for pimv1_print:patch , truth is patch
Result for cisco_autorp_print:patch , truth is patch
Result for pim_print:patch , truth is patch
Result for pimv2_addr_print:patch , truth is patch
Result for pimv2_print:patch , truth is patch
------------------------------------------
Detecing CVE:CVE-2017-13030
Detection for: /data/zhangxb//binaries/target_clang/tcpdump/tcpdump-4.99.0-bp-o0-tcpdump
Result for pimv1_join_prune_print:patch , truth is patch
Result for pimv1_print:patch , truth is patch
Result for cisco_autorp_print:patch , truth is patch
Result for pim_print:patch , truth is patch
Result for pimv2_addr_print:patch , truth is patch
Result for pimv2_print:patch , truth is patch
------------------------------------------
Detecing CVE:CVE-2017-13030
Detection for: /data/zhangxb//binaries/target_clang/tcpdump/tcpdump-4.99.0-bp-o0-tcpdump
Result for pimv1_join_prune_print:patch , truth is patch
Result for pimv1_print:patch , truth is patch
Result for cisco_autorp_print:patch , truth is patch
Result for pim_print:patch , truth is patch
Result for pimv2_addr_print:patch , truth is patch
Result for pimv2_print:patch , truth is patch
------------------------------------------
Detecing CVE:CVE-2017-13030
Detection for: /data/zhangxb//binaries/target_clang/tcpdump/tcpdump-4.99-bp-o0-tcpdump
Result for pimv1_join_prune_print:patch , truth is patch
Result for pimv1_print:patch , truth is patch
Result for cisco_autorp_print:patch , truth is patch
Result for pim_print:patch , truth is patch
Result for pimv2_addr_print:patch , truth is patch
Result for pimv2_print:patch , truth is patch
------------------------------------------
Detecing CVE:CVE-2017-13030
Detection for: /data/zhangxb//binaries/target_clang/tcpdump/tcpdump-4.99-bp-o0-tcpdump
Result for pimv1_join_prune_print:patch , truth is patch
Result for pimv1_print:patch , truth is patch
Result for cisco_autorp_print:patch , truth is patch
Result for pim_print:patch , truth is patch
Result for pimv2_addr_print:patch , truth is patch
Result for pimv2_print:patch , truth is patch
------------------------------------------
Detecing CVE:CVE-2017-13031
Detection for: /data/zhangxb//binaries/target_clang/tcpdump/tcpdump-4.9.1-o0-tcpdump
Result for frag6_print:vuln , truth is vuln
------------------------------------------
Detecing CVE:CVE-2017-13031
Detection for: /data/zhangxb//binaries/target_clang/tcpdump/tcpdump-4.9.0-o0-tcpdump
Result for frag6_print:vuln , truth is vuln
------------------------------------------
Detecing CVE:CVE-2017-13031
Detection for: /data/zhangxb//binaries/target_clang/tcpdump/tcpdump-4.8.1-o0-tcpdump
fail to determine
Result for frag6_print:None , truth is vuln
------------------------------------------
Detecing CVE:CVE-2017-13031
Detection for: /data/zhangxb//binaries/target_clang/tcpdump/tcpdump-4.9.3-o0-tcpdump
Result for frag6_print:patch , truth is patch
------------------------------------------
Detecing CVE:CVE-2017-13031
Detection for: /data/zhangxb//binaries/target_clang/tcpdump/tcpdump-4.99.0-bp-o0-tcpdump
fail to determine
Result for frag6_print:None , truth is patch
------------------------------------------
Detecing CVE:CVE-2017-13031
Detection for: /data/zhangxb//binaries/target_clang/tcpdump/tcpdump-4.99-bp-o0-tcpdump
fail to determine
Result for frag6_print:None , truth is patch
------------------------------------------
Detecing CVE:CVE-2017-13032
Detection for: /data/zhangxb//binaries/target_clang/tcpdump/tcpdump-4.9.1-o0-tcpdump
fail to determine
Result for print_attr_string:None , truth is vuln
------------------------------------------
Detecing CVE:CVE-2017-13032
Detection for: /data/zhangxb//binaries/target_clang/tcpdump/tcpdump-4.9.0-o0-tcpdump
fail to determine
Result for print_attr_string:None , truth is vuln
------------------------------------------
Detecing CVE:CVE-2017-13032
Detection for: /data/zhangxb//binaries/target_clang/tcpdump/tcpdump-4.8.1-o0-tcpdump
fail to determine
Result for print_attr_string:None , truth is vuln
------------------------------------------
Detecing CVE:CVE-2017-13032
Detection for: /data/zhangxb//binaries/target_clang/tcpdump/tcpdump-4.9.3-o0-tcpdump
fail to determine
Result for print_attr_string:None , truth is patch
------------------------------------------
Detecing CVE:CVE-2017-13032
Detection for: /data/zhangxb//binaries/target_clang/tcpdump/tcpdump-4.99.0-bp-o0-tcpdump
fail to determine
Result for print_attr_string:None , truth is patch
------------------------------------------
Detecing CVE:CVE-2017-13032
Detection for: /data/zhangxb//binaries/target_clang/tcpdump/tcpdump-4.99-bp-o0-tcpdump
fail to determine
Result for print_attr_string:None , truth is patch
------------------------------------------
Detecing CVE:CVE-2017-13033
Detection for: /data/zhangxb//binaries/target_clang/tcpdump/tcpdump-4.9.1-o0-tcpdump
Result for vtp_print:vuln , truth is vuln
------------------------------------------
Detecing CVE:CVE-2017-13033
Detection for: /data/zhangxb//binaries/target_clang/tcpdump/tcpdump-4.9.0-o0-tcpdump
Result for vtp_print:vuln , truth is vuln
------------------------------------------
Detecing CVE:CVE-2017-13033
Detection for: /data/zhangxb//binaries/target_clang/tcpdump/tcpdump-4.8.1-o0-tcpdump
Result for vtp_print:vuln , truth is vuln
------------------------------------------
Detecing CVE:CVE-2017-13033
Detection for: /data/zhangxb//binaries/target_clang/tcpdump/tcpdump-4.9.3-o0-tcpdump
Result for pimv2_print:patch , truth is patch
------------------------------------------
Detecing CVE:CVE-2017-13031
Detection for: /data/zhangxb//binaries/target_clang/tcpdump/tcpdump-4.9.1-o0-tcpdump
Result for frag6_print:vuln , truth is vuln
------------------------------------------
Detecing CVE:CVE-2017-13031
Result for vtp_print:patch , truth is patch
------------------------------------------
Detecing CVE:CVE-2017-13033
Detection for: /data/zhangxb//binaries/target_clang/tcpdump/tcpdump-4.9.0-o0-tcpdump
Result for frag6_print:vuln , truth is vuln
------------------------------------------
Detecing CVE:CVE-2017-13031
Detection for: /data/zhangxb//binaries/target_clang/tcpdump/tcpdump-4.99.0-bp-o0-tcpdump
Detection for: /data/zhangxb//binaries/target_clang/tcpdump/tcpdump-4.8.1-o0-tcpdump
fail to determine
Result for frag6_print:None , truth is vuln
------------------------------------------
Detecing CVE:CVE-2017-13031
Detection for: /data/zhangxb//binaries/target_clang/tcpdump/tcpdump-4.9.3-o0-tcpdump
Result for frag6_print:patch , truth is patch
------------------------------------------
Detecing CVE:CVE-2017-13031
Detection for: /data/zhangxb//binaries/target_clang/tcpdump/tcpdump-4.99.0-bp-o0-tcpdump
fail to determine
Result for frag6_print:None , truth is patch
------------------------------------------
Detecing CVE:CVE-2017-13031
Result for vtp_print:vuln , truth is patch
------------------------------------------
Detecing CVE:CVE-2017-13033
Detection for: /data/zhangxb//binaries/target_clang/tcpdump/tcpdump-4.99-bp-o0-tcpdump
Detection for: /data/zhangxb//binaries/target_clang/tcpdump/tcpdump-4.99-bp-o0-tcpdump
fail to determine
Result for frag6_print:None , truth is patch
------------------------------------------
Detecing CVE:CVE-2017-13032
Detection for: /data/zhangxb//binaries/target_clang/tcpdump/tcpdump-4.9.1-o0-tcpdump
fail to determine
Result for print_attr_string:None , truth is vuln
------------------------------------------
Detecing CVE:CVE-2017-13032
Detection for: /data/zhangxb//binaries/target_clang/tcpdump/tcpdump-4.9.0-o0-tcpdump
fail to determine
Result for print_attr_string:None , truth is vuln
------------------------------------------
Detecing CVE:CVE-2017-13032
Result for vtp_print:vuln , truth is patch
------------------------------------------
Detecing CVE:CVE-2017-13034
Detection for: /data/zhangxb//binaries/target_clang/tcpdump/tcpdump-4.8.1-o0-tcpdump
Detection for: /data/zhangxb//binaries/target_clang/tcpdump/tcpdump-4.9.1-o0-tcpdump
fail to determine
Result for print_attr_string:None , truth is vuln
------------------------------------------
Detecing CVE:CVE-2017-13032
Detection for: /data/zhangxb//binaries/target_clang/tcpdump/tcpdump-4.9.3-o0-tcpdump
fail to determine
Result for print_attr_string:None , truth is patch
------------------------------------------
Detecing CVE:CVE-2017-13032
Detection for: /data/zhangxb//binaries/target_clang/tcpdump/tcpdump-4.99.0-bp-o0-tcpdump
fail to determine
Result for print_attr_string:None , truth is patch
------------------------------------------
Detecing CVE:CVE-2017-13032
Detection for: /data/zhangxb//binaries/target_clang/tcpdump/tcpdump-4.99-bp-o0-tcpdump
fail to determine
Result for print_attr_string:None , truth is patch
------------------------------------------
Detecing CVE:CVE-2017-13033
Detection for: /data/zhangxb//binaries/target_clang/tcpdump/tcpdump-4.9.1-o0-tcpdump
fail to determine
Result for pgm_print:None , truth is vuln
------------------------------------------
Detecing CVE:CVE-2017-13034
Result for vtp_print:vuln , truth is vuln
------------------------------------------
Detecing CVE:CVE-2017-13033
Detection for: /data/zhangxb//binaries/target_clang/tcpdump/tcpdump-4.9.0-o0-tcpdump
Detection for: /data/zhangxb//binaries/target_clang/tcpdump/tcpdump-4.9.0-o0-tcpdump
Result for vtp_print:vuln , truth is vuln
------------------------------------------
Detecing CVE:CVE-2017-13033
Detection for: /data/zhangxb//binaries/target_clang/tcpdump/tcpdump-4.8.1-o0-tcpdump
fail to determine
Result for pgm_print:None , truth is vuln
------------------------------------------
Detecing CVE:CVE-2017-13034
Detection for: /data/zhangxb//binaries/target_clang/tcpdump/tcpdump-4.8.1-o0-tcpdump
Result for vtp_print:vuln , truth is vuln
------------------------------------------
Detecing CVE:CVE-2017-13033
Detection for: /data/zhangxb//binaries/target_clang/tcpdump/tcpdump-4.9.3-o0-tcpdump
fail to determine
Result for pgm_print:None , truth is vuln
------------------------------------------
Detecing CVE:CVE-2017-13034
Result for vtp_print:patch , truth is patch
------------------------------------------
Detecing CVE:CVE-2017-13033
Detection for: /data/zhangxb//binaries/target_clang/tcpdump/tcpdump-4.9.3-o0-tcpdump
Detection for: /data/zhangxb//binaries/target_clang/tcpdump/tcpdump-4.99.0-bp-o0-tcpdump
Result for vtp_print:vuln , truth is patch
------------------------------------------
Detecing CVE:CVE-2017-13033
Detection for: /data/zhangxb//binaries/target_clang/tcpdump/tcpdump-4.99-bp-o0-tcpdump
fail to determine
Result for pgm_print:None , truth is patch
------------------------------------------
Detecing CVE:CVE-2017-13034
Result for vtp_print:vuln , truth is patch
------------------------------------------
Detecing CVE:CVE-2017-13034
Detection for: /data/zhangxb//binaries/target_clang/tcpdump/tcpdump-4.99.0-bp-o0-tcpdump
Detection for: /data/zhangxb//binaries/target_clang/tcpdump/tcpdump-4.9.1-o0-tcpdump
fail to determine
Result for pgm_print:None , truth is vuln
------------------------------------------
Detecing CVE:CVE-2017-13034
Detection for: /data/zhangxb//binaries/target_clang/tcpdump/tcpdump-4.9.0-o0-tcpdump
fail to determine
Result for pgm_print:None , truth is patch
------------------------------------------
Detecing CVE:CVE-2017-13034
Detection for: /data/zhangxb//binaries/target_clang/tcpdump/tcpdump-4.99-bp-o0-tcpdump
fail to determine
Result for pgm_print:None , truth is vuln
------------------------------------------
Detecing CVE:CVE-2017-13034
Detection for: /data/zhangxb//binaries/target_clang/tcpdump/tcpdump-4.8.1-o0-tcpdump
fail to determine
Result for pgm_print:None , truth is patch
------------------------------------------
Detecing CVE:CVE-2017-13035
Detection for: /data/zhangxb//binaries/target_clang/tcpdump/tcpdump-4.9.1-o0-tcpdump
Result for isis_print_id:vuln , truth is vuln
------------------------------------------
Detecing CVE:CVE-2017-13035
Detection for: /data/zhangxb//binaries/target_clang/tcpdump/tcpdump-4.9.0-o0-tcpdump
Result for isis_print_id:vuln , truth is vuln
------------------------------------------
Detecing CVE:CVE-2017-13035
Detection for: /data/zhangxb//binaries/target_clang/tcpdump/tcpdump-4.8.1-o0-tcpdump
Result for isis_print_id:vuln , truth is vuln
------------------------------------------
Detecing CVE:CVE-2017-13035
Detection for: /data/zhangxb//binaries/target_clang/tcpdump/tcpdump-4.9.3-o0-tcpdump
Result for isis_print_id:patch , truth is patch
------------------------------------------
Detecing CVE:CVE-2017-13035
Detection for: /data/zhangxb//binaries/target_clang/tcpdump/tcpdump-4.99.0-bp-o0-tcpdump
Result for isis_print_id:patch , truth is patch
------------------------------------------
Detecing CVE:CVE-2017-13035
fail to determine
Result for pgm_print:None , truth is vuln
------------------------------------------
Detecing CVE:CVE-2017-13034
Detection for: /data/zhangxb//binaries/target_clang/tcpdump/tcpdump-4.99-bp-o0-tcpdump
Result for isis_print_id:patch , truth is patch
------------------------------------------
Detecing CVE:CVE-2017-13036
Detection for: /data/zhangxb//binaries/target_clang/tcpdump/tcpdump-4.9.3-o0-tcpdump
Detection for: /data/zhangxb//binaries/target_clang/tcpdump/tcpdump-4.9.1-o0-tcpdump
Result for ospf6_decode_v3:vuln , truth is vuln
------------------------------------------
Detecing CVE:CVE-2017-13036
Detection for: /data/zhangxb//binaries/target_clang/tcpdump/tcpdump-4.9.0-o0-tcpdump
Result for ospf6_decode_v3:vuln , truth is vuln
------------------------------------------
Detecing CVE:CVE-2017-13036
Detection for: /data/zhangxb//binaries/target_clang/tcpdump/tcpdump-4.8.1-o0-tcpdump
Result for ospf6_decode_v3:vuln , truth is vuln
------------------------------------------
Detecing CVE:CVE-2017-13036
Detection for: /data/zhangxb//binaries/target_clang/tcpdump/tcpdump-4.9.3-o0-tcpdump
Result for ospf6_decode_v3:patch , truth is patch
------------------------------------------
Detecing CVE:CVE-2017-13036
Detection for: /data/zhangxb//binaries/target_clang/tcpdump/tcpdump-4.99.0-bp-o0-tcpdump
Result for ospf6_decode_v3:vuln , truth is patch
------------------------------------------
Detecing CVE:CVE-2017-13036
Detection for: /data/zhangxb//binaries/target_clang/tcpdump/tcpdump-4.99-bp-o0-tcpdump
fail to determine
Result for pgm_print:None , truth is patch
------------------------------------------
Detecing CVE:CVE-2017-13034
Result for ospf6_decode_v3:vuln , truth is patch
------------------------------------------
Detecing CVE:CVE-2017-13037
Detection for: /data/zhangxb//binaries/target_clang/tcpdump/tcpdump-4.99.0-bp-o0-tcpdump
Detection for: /data/zhangxb//binaries/target_clang/tcpdump/tcpdump-4.9.1-o0-tcpdump
fail to determine
Result for ip_printts:None , truth is vuln
Result for ip_optprint:patch , truth is vuln
------------------------------------------
Detecing CVE:CVE-2017-13037
Detection for: /data/zhangxb//binaries/target_clang/tcpdump/tcpdump-4.9.0-o0-tcpdump
fail to determine
Result for ip_printts:None , truth is vuln
Result for ip_optprint:patch , truth is vuln
------------------------------------------
Detecing CVE:CVE-2017-13037
Detection for: /data/zhangxb//binaries/target_clang/tcpdump/tcpdump-4.8.1-o0-tcpdump
fail to determine
Result for ip_printts:None , truth is vuln
Result for ip_optprint:patch , truth is vuln
------------------------------------------
Detecing CVE:CVE-2017-13037
Detection for: /data/zhangxb//binaries/target_clang/tcpdump/tcpdump-4.9.3-o0-tcpdump
fail to determine
Result for ip_printts:None , truth is patch
Result for ip_optprint:patch , truth is patch
------------------------------------------
Detecing CVE:CVE-2017-13037
Detection for: /data/zhangxb//binaries/target_clang/tcpdump/tcpdump-4.99.0-bp-o0-tcpdump
fail to determine
Result for ip_printts:None , truth is patch
Result for ip_optprint:patch , truth is patch
------------------------------------------
Detecing CVE:CVE-2017-13037
Detection for: /data/zhangxb//binaries/target_clang/tcpdump/tcpdump-4.99-bp-o0-tcpdump
fail to determine
Result for ip_printts:None , truth is patch
Result for ip_optprint:patch , truth is patch
------------------------------------------
Detecing CVE:CVE-2017-13038
fail to determine
Result for pgm_print:None , truth is patch
------------------------------------------
Detecing CVE:CVE-2017-13034
Detection for: /data/zhangxb//binaries/target_clang/tcpdump/tcpdump-4.9.1-o0-tcpdump
Result for handle_mlppp:vuln , truth is vuln
------------------------------------------
Detecing CVE:CVE-2017-13038
Detection for: /data/zhangxb//binaries/target_clang/tcpdump/tcpdump-4.99-bp-o0-tcpdump
Detection for: /data/zhangxb//binaries/target_clang/tcpdump/tcpdump-4.9.0-o0-tcpdump
Result for handle_mlppp:vuln , truth is vuln
------------------------------------------
Detecing CVE:CVE-2017-13038
Detection for: /data/zhangxb//binaries/target_clang/tcpdump/tcpdump-4.8.1-o0-tcpdump
Result for handle_mlppp:vuln , truth is vuln
------------------------------------------
Detecing CVE:CVE-2017-13038
Detection for: /data/zhangxb//binaries/target_clang/tcpdump/tcpdump-4.9.3-o0-tcpdump
Result for handle_mlppp:patch , truth is patch
------------------------------------------
Detecing CVE:CVE-2017-13038
Detection for: /data/zhangxb//binaries/target_clang/tcpdump/tcpdump-4.99.0-bp-o0-tcpdump
Result for handle_mlppp:vuln , truth is patch
------------------------------------------
Detecing CVE:CVE-2017-13038
Detection for: /data/zhangxb//binaries/target_clang/tcpdump/tcpdump-4.99-bp-o0-tcpdump
Result for handle_mlppp:vuln , truth is patch
------------------------------------------
Detecing CVE:CVE-2017-13039
Detection for: /data/zhangxb//binaries/target_clang/tcpdump/tcpdump-4.9.1-o0-tcpdump
Result for ikev1_attrmap_print:vuln , truth is vuln
Result for ikev1_t_print:vuln , truth is vuln
Result for ikev1_n_print:vuln , truth is vuln
Result for ikev2_t_print:vuln , truth is vuln
------------------------------------------
Detecing CVE:CVE-2017-13039
Detection for: /data/zhangxb//binaries/target_clang/tcpdump/tcpdump-4.9.0-o0-tcpdump
Result for ikev1_attrmap_print:vuln , truth is vuln
Result for ikev1_t_print:vuln , truth is vuln
fail to determine
Result for pgm_print:None , truth is patch
------------------------------------------
Detecing CVE:CVE-2017-13035
Detection for: /data/zhangxb//binaries/target_clang/tcpdump/tcpdump-4.9.1-o0-tcpdump
Result for ikev1_n_print:vuln , truth is vuln
Result for isis_print_id:vuln , truth is vuln
------------------------------------------
Detecing CVE:CVE-2017-13035
Result for ikev2_t_print:vuln , truth is vuln
------------------------------------------
Detecing CVE:CVE-2017-13039
Detection for: /data/zhangxb//binaries/target_clang/tcpdump/tcpdump-4.9.0-o0-tcpdump
Result for isis_print_id:vuln , truth is vuln
------------------------------------------
Detecing CVE:CVE-2017-13035
Detection for: /data/zhangxb//binaries/target_clang/tcpdump/tcpdump-4.8.1-o0-tcpdump
Result for ikev1_attrmap_print:vuln , truth is vuln
Detection for: /data/zhangxb//binaries/target_clang/tcpdump/tcpdump-4.8.1-o0-tcpdump
Result for ikev1_t_print:vuln , truth is vuln
Result for isis_print_id:vuln , truth is vuln
------------------------------------------
Detecing CVE:CVE-2017-13035
Result for ikev1_n_print:vuln , truth is vuln
Detection for: /data/zhangxb//binaries/target_clang/tcpdump/tcpdump-4.9.3-o0-tcpdump
Result for isis_print_id:patch , truth is patch
------------------------------------------
Detecing CVE:CVE-2017-13035
Result for ikev2_t_print:vuln , truth is vuln
------------------------------------------
Detecing CVE:CVE-2017-13039
Detection for: /data/zhangxb//binaries/target_clang/tcpdump/tcpdump-4.99.0-bp-o0-tcpdump
Result for isis_print_id:patch , truth is patch
------------------------------------------
Detecing CVE:CVE-2017-13035
Detection for: /data/zhangxb//binaries/target_clang/tcpdump/tcpdump-4.9.3-o0-tcpdump
Result for ikev1_attrmap_print:patch , truth is patch
Result for ikev1_t_print:patch , truth is patch
Detection for: /data/zhangxb//binaries/target_clang/tcpdump/tcpdump-4.99-bp-o0-tcpdump
Result for isis_print_id:patch , truth is patch
------------------------------------------
Detecing CVE:CVE-2017-13036
Result for ikev1_n_print:patch , truth is patch
Detection for: /data/zhangxb//binaries/target_clang/tcpdump/tcpdump-4.9.1-o0-tcpdump
Result for ikev2_t_print:patch , truth is patch
------------------------------------------
Detecing CVE:CVE-2017-13039
Result for ospf6_decode_v3:vuln , truth is vuln
------------------------------------------
Detecing CVE:CVE-2017-13036
Detection for: /data/zhangxb//binaries/target_clang/tcpdump/tcpdump-4.99.0-bp-o0-tcpdump
Result for ikev1_attrmap_print:patch , truth is patch
Detection for: /data/zhangxb//binaries/target_clang/tcpdump/tcpdump-4.9.0-o0-tcpdump
Result for ikev1_t_print:patch , truth is patch
Result for ospf6_decode_v3:vuln , truth is vuln
------------------------------------------
Detecing CVE:CVE-2017-13036
Result for ikev1_n_print:patch , truth is patch
Result for ikev2_t_print:patch , truth is patch
------------------------------------------
Detecing CVE:CVE-2017-13039
Detection for: /data/zhangxb//binaries/target_clang/tcpdump/tcpdump-4.8.1-o0-tcpdump
Result for ospf6_decode_v3:vuln , truth is vuln
------------------------------------------
Detecing CVE:CVE-2017-13036
Detection for: /data/zhangxb//binaries/target_clang/tcpdump/tcpdump-4.99-bp-o0-tcpdump
Result for ikev1_attrmap_print:patch , truth is patch
Detection for: /data/zhangxb//binaries/target_clang/tcpdump/tcpdump-4.9.3-o0-tcpdump
Result for ikev1_t_print:patch , truth is patch
Result for ospf6_decode_v3:patch , truth is patch
------------------------------------------
Detecing CVE:CVE-2017-13036
Result for ikev1_n_print:patch , truth is patch
Result for ikev2_t_print:patch , truth is patch
------------------------------------------
Detecing CVE:CVE-2017-13040
Detection for: /data/zhangxb//binaries/target_clang/tcpdump/tcpdump-4.99.0-bp-o0-tcpdump
Result for ospf6_decode_v3:vuln , truth is patch
------------------------------------------
Detecing CVE:CVE-2017-13036
Detection for: /data/zhangxb//binaries/target_clang/tcpdump/tcpdump-4.9.1-o0-tcpdump
fail to determine
Result for mp_capable_print:None , truth is vuln
fail to determine
Result for mp_join_print:None , truth is vuln
------------------------------------------
Detecing CVE:CVE-2017-13040
Detection for: /data/zhangxb//binaries/target_clang/tcpdump/tcpdump-4.99-bp-o0-tcpdump
Detection for: /data/zhangxb//binaries/target_clang/tcpdump/tcpdump-4.9.0-o0-tcpdump
Result for ospf6_decode_v3:vuln , truth is patch
------------------------------------------
Detecing CVE:CVE-2017-13037
fail to determine
Result for mp_capable_print:None , truth is vuln
fail to determine
Result for mp_join_print:None , truth is vuln
------------------------------------------
Detecing CVE:CVE-2017-13040
Detection for: /data/zhangxb//binaries/target_clang/tcpdump/tcpdump-4.9.1-o0-tcpdump
Detection for: /data/zhangxb//binaries/target_clang/tcpdump/tcpdump-4.8.1-o0-tcpdump
fail to determine
Result for ip_printts:None , truth is vuln
fail to determine
Result for mp_capable_print:None , truth is vuln
fail to determine
Result for mp_join_print:None , truth is vuln
------------------------------------------
Detecing CVE:CVE-2017-13040
Result for ip_optprint:patch , truth is vuln
------------------------------------------
Detecing CVE:CVE-2017-13037
Detection for: /data/zhangxb//binaries/target_clang/tcpdump/tcpdump-4.9.3-o0-tcpdump
fail to determine
Result for mp_capable_print:None , truth is patch
Detection for: /data/zhangxb//binaries/target_clang/tcpdump/tcpdump-4.9.0-o0-tcpdump
fail to determine
Result for mp_join_print:None , truth is patch
------------------------------------------
Detecing CVE:CVE-2017-13040
fail to determine
Result for ip_printts:None , truth is vuln
Result for ip_optprint:patch , truth is vuln
------------------------------------------
Detecing CVE:CVE-2017-13037
Detection for: /data/zhangxb//binaries/target_clang/tcpdump/tcpdump-4.99.0-bp-o0-tcpdump
fail to determine
Result for mp_capable_print:None , truth is patch
fail to determine
Result for mp_join_print:None , truth is patch
------------------------------------------
Detecing CVE:CVE-2017-13040
Detection for: /data/zhangxb//binaries/target_clang/tcpdump/tcpdump-4.8.1-o0-tcpdump
fail to determine
Result for ip_printts:None , truth is vuln
Detection for: /data/zhangxb//binaries/target_clang/tcpdump/tcpdump-4.99-bp-o0-tcpdump
Result for ip_optprint:patch , truth is vuln
------------------------------------------
Detecing CVE:CVE-2017-13037
fail to determine
Result for mp_capable_print:None , truth is patch
fail to determine
Result for mp_join_print:None , truth is patch
------------------------------------------
Detecing CVE:CVE-2017-13041
Detection for: /data/zhangxb//binaries/target_clang/tcpdump/tcpdump-4.9.3-o0-tcpdump
Detection for: /data/zhangxb//binaries/target_clang/tcpdump/tcpdump-4.9.1-o0-tcpdump
fail to determine
Result for ip_printts:None , truth is patch
Result for ip_optprint:patch , truth is patch
------------------------------------------
Detecing CVE:CVE-2017-13037
Detection for: /data/zhangxb//binaries/target_clang/tcpdump/tcpdump-4.99.0-bp-o0-tcpdump
fail to determine
Result for ip_printts:None , truth is patch
Result for ip_optprint:patch , truth is patch
------------------------------------------
Detecing CVE:CVE-2017-13037
Detection for: /data/zhangxb//binaries/target_clang/tcpdump/tcpdump-4.99-bp-o0-tcpdump
fail to determine
Result for ip_printts:None , truth is patch
Result for ip_optprint:patch , truth is patch
------------------------------------------
Detecing CVE:CVE-2017-13038
Detection for: /data/zhangxb//binaries/target_clang/tcpdump/tcpdump-4.9.1-o0-tcpdump
Result for handle_mlppp:vuln , truth is vuln
------------------------------------------
Detecing CVE:CVE-2017-13038
Result for icmp6_nodeinfo_print:vuln , truth is vuln
------------------------------------------
Detecing CVE:CVE-2017-13041
Detection for: /data/zhangxb//binaries/target_clang/tcpdump/tcpdump-4.9.0-o0-tcpdump
Result for handle_mlppp:vuln , truth is vuln
------------------------------------------
Detecing CVE:CVE-2017-13038
Detection for: /data/zhangxb//binaries/target_clang/tcpdump/tcpdump-4.9.0-o0-tcpdump
Detection for: /data/zhangxb//binaries/target_clang/tcpdump/tcpdump-4.8.1-o0-tcpdump
Result for handle_mlppp:vuln , truth is vuln
------------------------------------------
Detecing CVE:CVE-2017-13038
Detection for: /data/zhangxb//binaries/target_clang/tcpdump/tcpdump-4.9.3-o0-tcpdump
Result for handle_mlppp:patch , truth is patch
------------------------------------------
Detecing CVE:CVE-2017-13038
Detection for: /data/zhangxb//binaries/target_clang/tcpdump/tcpdump-4.99.0-bp-o0-tcpdump
Result for handle_mlppp:vuln , truth is patch
------------------------------------------
Detecing CVE:CVE-2017-13038
Detection for: /data/zhangxb//binaries/target_clang/tcpdump/tcpdump-4.99-bp-o0-tcpdump
Result for handle_mlppp:vuln , truth is patch
------------------------------------------
Detecing CVE:CVE-2017-13039
Result for icmp6_nodeinfo_print:vuln , truth is vuln
------------------------------------------
Detecing CVE:CVE-2017-13041
Detection for: /data/zhangxb//binaries/target_clang/tcpdump/tcpdump-4.9.1-o0-tcpdump
Detection for: /data/zhangxb//binaries/target_clang/tcpdump/tcpdump-4.8.1-o0-tcpdump
Result for ikev1_attrmap_print:vuln , truth is vuln
Result for ikev1_t_print:vuln , truth is vuln
Result for ikev1_n_print:vuln , truth is vuln
Result for ikev2_t_print:vuln , truth is vuln
------------------------------------------
Detecing CVE:CVE-2017-13039
Detection for: /data/zhangxb//binaries/target_clang/tcpdump/tcpdump-4.9.0-o0-tcpdump
Result for ikev1_attrmap_print:vuln , truth is vuln
Result for ikev1_t_print:vuln , truth is vuln
Result for icmp6_nodeinfo_print:vuln , truth is vuln
------------------------------------------
Detecing CVE:CVE-2017-13041
Result for ikev1_n_print:vuln , truth is vuln
Result for ikev2_t_print:vuln , truth is vuln
------------------------------------------
Detecing CVE:CVE-2017-13039
Detection for: /data/zhangxb//binaries/target_clang/tcpdump/tcpdump-4.9.3-o0-tcpdump
Detection for: /data/zhangxb//binaries/target_clang/tcpdump/tcpdump-4.8.1-o0-tcpdump
Result for ikev1_attrmap_print:vuln , truth is vuln
Result for ikev1_t_print:vuln , truth is vuln
Result for ikev1_n_print:vuln , truth is vuln
Result for ikev2_t_print:vuln , truth is vuln
------------------------------------------
Detecing CVE:CVE-2017-13039
Detection for: /data/zhangxb//binaries/target_clang/tcpdump/tcpdump-4.9.3-o0-tcpdump
Result for icmp6_nodeinfo_print:patch , truth is patch
------------------------------------------
Detecing CVE:CVE-2017-13041
Result for ikev1_attrmap_print:patch , truth is patch
Result for ikev1_t_print:patch , truth is patch
Detection for: /data/zhangxb//binaries/target_clang/tcpdump/tcpdump-4.99.0-bp-o0-tcpdump
Result for ikev1_n_print:patch , truth is patch
Result for ikev2_t_print:patch , truth is patch
------------------------------------------
Detecing CVE:CVE-2017-13039
Detection for: /data/zhangxb//binaries/target_clang/tcpdump/tcpdump-4.99.0-bp-o0-tcpdump
Result for ikev1_attrmap_print:patch , truth is patch
Result for ikev1_t_print:patch , truth is patch
Result for ikev1_n_print:patch , truth is patch
Result for ikev2_t_print:patch , truth is patch
------------------------------------------
Detecing CVE:CVE-2017-13039
Result for icmp6_nodeinfo_print:vuln , truth is patch
------------------------------------------
Detecing CVE:CVE-2017-13041
Detection for: /data/zhangxb//binaries/target_clang/tcpdump/tcpdump-4.99-bp-o0-tcpdump
Detection for: /data/zhangxb//binaries/target_clang/tcpdump/tcpdump-4.99-bp-o0-tcpdump
Result for ikev1_attrmap_print:patch , truth is patch
Result for ikev1_t_print:patch , truth is patch
Result for ikev1_n_print:patch , truth is patch
Result for ikev2_t_print:patch , truth is patch
------------------------------------------
Detecing CVE:CVE-2017-13040
Detection for: /data/zhangxb//binaries/target_clang/tcpdump/tcpdump-4.9.1-o0-tcpdump
fail to determine
Result for mp_capable_print:None , truth is vuln
fail to determine
Result for mp_join_print:None , truth is vuln
------------------------------------------
Detecing CVE:CVE-2017-13040
Result for icmp6_nodeinfo_print:vuln , truth is patch
------------------------------------------
Detecing CVE:CVE-2017-13042
Detection for: /data/zhangxb//binaries/target_clang/tcpdump/tcpdump-4.9.0-o0-tcpdump
fail to determine
Result for mp_capable_print:None , truth is vuln
fail to determine
Result for mp_join_print:None , truth is vuln
------------------------------------------
Detecing CVE:CVE-2017-13040
Detection for: /data/zhangxb//binaries/target_clang/tcpdump/tcpdump-4.9.1-o0-tcpdump
Result for dhcpv6_print:vuln , truth is vuln
------------------------------------------
Detecing CVE:CVE-2017-13042
Detection for: /data/zhangxb//binaries/target_clang/tcpdump/tcpdump-4.8.1-o0-tcpdump
fail to determine
Result for mp_capable_print:None , truth is vuln
fail to determine
Result for mp_join_print:None , truth is vuln
------------------------------------------
Detecing CVE:CVE-2017-13040
Detection for: /data/zhangxb//binaries/target_clang/tcpdump/tcpdump-4.9.0-o0-tcpdump
Result for dhcpv6_print:vuln , truth is vuln
------------------------------------------
Detecing CVE:CVE-2017-13042
Detection for: /data/zhangxb//binaries/target_clang/tcpdump/tcpdump-4.9.3-o0-tcpdump
fail to determine
Result for mp_capable_print:None , truth is patch
fail to determine
Result for mp_join_print:None , truth is patch
------------------------------------------
Detecing CVE:CVE-2017-13040
Detection for: /data/zhangxb//binaries/target_clang/tcpdump/tcpdump-4.8.1-o0-tcpdump
Result for dhcpv6_print:vuln , truth is vuln
------------------------------------------
Detecing CVE:CVE-2017-13042
Detection for: /data/zhangxb//binaries/target_clang/tcpdump/tcpdump-4.99.0-bp-o0-tcpdump
Detection for: /data/zhangxb//binaries/target_clang/tcpdump/tcpdump-4.9.3-o0-tcpdump
fail to determine
Result for mp_capable_print:None , truth is patch
Result for dhcpv6_print:patch , truth is patch
------------------------------------------
Detecing CVE:CVE-2017-13042
fail to determine
Result for mp_join_print:None , truth is patch
------------------------------------------
Detecing CVE:CVE-2017-13040
Detection for: /data/zhangxb//binaries/target_clang/tcpdump/tcpdump-4.99-bp-o0-tcpdump
Detection for: /data/zhangxb//binaries/target_clang/tcpdump/tcpdump-4.99.0-bp-o0-tcpdump
fail to determine
Result for mp_capable_print:None , truth is patch
Result for dhcpv6_print:vuln , truth is patch
------------------------------------------
Detecing CVE:CVE-2017-13042
fail to determine
Result for mp_join_print:None , truth is patch
------------------------------------------
Detecing CVE:CVE-2017-13041
Detection for: /data/zhangxb//binaries/target_clang/tcpdump/tcpdump-4.99-bp-o0-tcpdump
Result for dhcpv6_print:vuln , truth is patch
------------------------------------------
Detecing CVE:CVE-2017-13043
Detection for: /data/zhangxb//binaries/target_clang/tcpdump/tcpdump-4.9.1-o0-tcpdump
Detection for: /data/zhangxb//binaries/target_clang/tcpdump/tcpdump-4.9.1-o0-tcpdump
Result for decode_multicast_vpn:vuln , truth is vuln
------------------------------------------
Detecing CVE:CVE-2017-13043
Detection for: /data/zhangxb//binaries/target_clang/tcpdump/tcpdump-4.9.0-o0-tcpdump
Result for decode_multicast_vpn:vuln , truth is vuln
------------------------------------------
Detecing CVE:CVE-2017-13043
Detection for: /data/zhangxb//binaries/target_clang/tcpdump/tcpdump-4.8.1-o0-tcpdump
Result for decode_multicast_vpn:vuln , truth is vuln
------------------------------------------
Detecing CVE:CVE-2017-13043
Detection for: /data/zhangxb//binaries/target_clang/tcpdump/tcpdump-4.9.3-o0-tcpdump
fail to determine
Result for decode_multicast_vpn:None , truth is patch
------------------------------------------
Detecing CVE:CVE-2017-13043
Result for icmp6_nodeinfo_print:vuln , truth is vuln
------------------------------------------
Detecing CVE:CVE-2017-13041
Detection for: /data/zhangxb//binaries/target_clang/tcpdump/tcpdump-4.99.0-bp-o0-tcpdump
Detection for: /data/zhangxb//binaries/target_clang/tcpdump/tcpdump-4.9.0-o0-tcpdump
fail to determine
Result for decode_multicast_vpn:None , truth is patch
------------------------------------------
Detecing CVE:CVE-2017-13043
Detection for: /data/zhangxb//binaries/target_clang/tcpdump/tcpdump-4.99-bp-o0-tcpdump
fail to determine
Result for decode_multicast_vpn:None , truth is patch
------------------------------------------
Detecing CVE:CVE-2017-13044
Detection for: /data/zhangxb//binaries/target_clang/tcpdump/tcpdump-4.9.1-o0-tcpdump
Result for dhcpv4_print:vuln , truth is vuln
------------------------------------------
Detecing CVE:CVE-2017-13044
Detection for: /data/zhangxb//binaries/target_clang/tcpdump/tcpdump-4.9.0-o0-tcpdump
Result for dhcpv4_print:vuln , truth is vuln
------------------------------------------
Detecing CVE:CVE-2017-13044
Result for icmp6_nodeinfo_print:vuln , truth is vuln
------------------------------------------
Detecing CVE:CVE-2017-13041
Detection for: /data/zhangxb//binaries/target_clang/tcpdump/tcpdump-4.8.1-o0-tcpdump
Result for dhcpv4_print:vuln , truth is vuln
------------------------------------------
Detecing CVE:CVE-2017-13044
Detection for: /data/zhangxb//binaries/target_clang/tcpdump/tcpdump-4.8.1-o0-tcpdump
Detection for: /data/zhangxb//binaries/target_clang/tcpdump/tcpdump-4.9.3-o0-tcpdump
Result for dhcpv4_print:patch , truth is patch
------------------------------------------
Detecing CVE:CVE-2017-13044
Detection for: /data/zhangxb//binaries/target_clang/tcpdump/tcpdump-4.99.0-bp-o0-tcpdump
Result for dhcpv4_print:vuln , truth is patch
------------------------------------------
Detecing CVE:CVE-2017-13044
Detection for: /data/zhangxb//binaries/target_clang/tcpdump/tcpdump-4.99-bp-o0-tcpdump
Result for dhcpv4_print:vuln , truth is patch
------------------------------------------
Detecing CVE:CVE-2017-13045
Detection for: /data/zhangxb//binaries/target_clang/tcpdump/tcpdump-4.9.1-o0-tcpdump
Result for icmp6_nodeinfo_print:vuln , truth is vuln
------------------------------------------
Detecing CVE:CVE-2017-13041
Result for vqp_print:vuln , truth is vuln
------------------------------------------
Detecing CVE:CVE-2017-13045
Detection for: /data/zhangxb//binaries/target_clang/tcpdump/tcpdump-4.9.3-o0-tcpdump
Detection for: /data/zhangxb//binaries/target_clang/tcpdump/tcpdump-4.9.0-o0-tcpdump
Result for vqp_print:vuln , truth is vuln
------------------------------------------
Detecing CVE:CVE-2017-13045
Detection for: /data/zhangxb//binaries/target_clang/tcpdump/tcpdump-4.8.1-o0-tcpdump
Result for vqp_print:vuln , truth is vuln
------------------------------------------
Detecing CVE:CVE-2017-13045
Detection for: /data/zhangxb//binaries/target_clang/tcpdump/tcpdump-4.9.3-o0-tcpdump
Result for icmp6_nodeinfo_print:patch , truth is patch
------------------------------------------
Detecing CVE:CVE-2017-13041
Detection for: /data/zhangxb//binaries/target_clang/tcpdump/tcpdump-4.99.0-bp-o0-tcpdump
Result for vqp_print:patch , truth is patch
------------------------------------------
Detecing CVE:CVE-2017-13045
Detection for: /data/zhangxb//binaries/target_clang/tcpdump/tcpdump-4.99.0-bp-o0-tcpdump
Result for vqp_print:vuln , truth is patch
------------------------------------------
Detecing CVE:CVE-2017-13045
Detection for: /data/zhangxb//binaries/target_clang/tcpdump/tcpdump-4.99-bp-o0-tcpdump
Result for vqp_print:vuln , truth is patch
------------------------------------------
Detecing CVE:CVE-2017-13046
Result for icmp6_nodeinfo_print:vuln , truth is patch
------------------------------------------
Detecing CVE:CVE-2017-13041
Detection for: /data/zhangxb//binaries/target_clang/tcpdump/tcpdump-4.9.1-o0-tcpdump
Detection for: /data/zhangxb//binaries/target_clang/tcpdump/tcpdump-4.99-bp-o0-tcpdump
Result for icmp6_nodeinfo_print:vuln , truth is patch
------------------------------------------
Detecing CVE:CVE-2017-13042
Detection for: /data/zhangxb//binaries/target_clang/tcpdump/tcpdump-4.9.1-o0-tcpdump
Result for dhcpv6_print:vuln , truth is vuln
------------------------------------------
Detecing CVE:CVE-2017-13042
Detection for: /data/zhangxb//binaries/target_clang/tcpdump/tcpdump-4.9.0-o0-tcpdump
Result for dhcpv6_print:vuln , truth is vuln
------------------------------------------
Detecing CVE:CVE-2017-13042
Detection for: /data/zhangxb//binaries/target_clang/tcpdump/tcpdump-4.8.1-o0-tcpdump
Result for dhcpv6_print:vuln , truth is vuln
------------------------------------------
Detecing CVE:CVE-2017-13042
Detection for: /data/zhangxb//binaries/target_clang/tcpdump/tcpdump-4.9.3-o0-tcpdump
Result for dhcpv6_print:patch , truth is patch
------------------------------------------
Detecing CVE:CVE-2017-13042
Detection for: /data/zhangxb//binaries/target_clang/tcpdump/tcpdump-4.99.0-bp-o0-tcpdump
Result for dhcpv6_print:vuln , truth is patch
------------------------------------------
Detecing CVE:CVE-2017-13042
Detection for: /data/zhangxb//binaries/target_clang/tcpdump/tcpdump-4.99-bp-o0-tcpdump
Result for dhcpv6_print:vuln , truth is patch
------------------------------------------
Detecing CVE:CVE-2017-13043
Detection for: /data/zhangxb//binaries/target_clang/tcpdump/tcpdump-4.9.1-o0-tcpdump
Result for decode_multicast_vpn:vuln , truth is vuln
------------------------------------------
Detecing CVE:CVE-2017-13043
Detection for: /data/zhangxb//binaries/target_clang/tcpdump/tcpdump-4.9.0-o0-tcpdump
Result for decode_multicast_vpn:vuln , truth is vuln
------------------------------------------
Detecing CVE:CVE-2017-13043
Detection for: /data/zhangxb//binaries/target_clang/tcpdump/tcpdump-4.8.1-o0-tcpdump
Result for decode_multicast_vpn:vuln , truth is vuln
------------------------------------------
Detecing CVE:CVE-2017-13043
Detection for: /data/zhangxb//binaries/target_clang/tcpdump/tcpdump-4.9.3-o0-tcpdump
fail to determine
Result for decode_multicast_vpn:None , truth is patch
------------------------------------------
Detecing CVE:CVE-2017-13043
Detection for: /data/zhangxb//binaries/target_clang/tcpdump/tcpdump-4.99.0-bp-o0-tcpdump
fail to determine
Result for decode_multicast_vpn:None , truth is patch
------------------------------------------
Detecing CVE:CVE-2017-13043
Detection for: /data/zhangxb//binaries/target_clang/tcpdump/tcpdump-4.99-bp-o0-tcpdump
fail to determine
Result for decode_multicast_vpn:None , truth is patch
------------------------------------------
Detecing CVE:CVE-2017-13044
Detection for: /data/zhangxb//binaries/target_clang/tcpdump/tcpdump-4.9.1-o0-tcpdump
Result for dhcpv4_print:vuln , truth is vuln
------------------------------------------
Detecing CVE:CVE-2017-13044
Detection for: /data/zhangxb//binaries/target_clang/tcpdump/tcpdump-4.9.0-o0-tcpdump
Result for dhcpv4_print:vuln , truth is vuln
------------------------------------------
Detecing CVE:CVE-2017-13044
Detection for: /data/zhangxb//binaries/target_clang/tcpdump/tcpdump-4.8.1-o0-tcpdump
Result for dhcpv4_print:vuln , truth is vuln
------------------------------------------
Detecing CVE:CVE-2017-13044
Detection for: /data/zhangxb//binaries/target_clang/tcpdump/tcpdump-4.9.3-o0-tcpdump
Result for dhcpv4_print:patch , truth is patch
------------------------------------------
Detecing CVE:CVE-2017-13044
Detection for: /data/zhangxb//binaries/target_clang/tcpdump/tcpdump-4.99.0-bp-o0-tcpdump
Result for dhcpv4_print:vuln , truth is patch
------------------------------------------
Detecing CVE:CVE-2017-13044
Detection for: /data/zhangxb//binaries/target_clang/tcpdump/tcpdump-4.99-bp-o0-tcpdump
Result for dhcpv4_print:vuln , truth is patch
------------------------------------------
Detecing CVE:CVE-2017-13045
Detection for: /data/zhangxb//binaries/target_clang/tcpdump/tcpdump-4.9.1-o0-tcpdump
Result for vqp_print:vuln , truth is vuln
------------------------------------------
Detecing CVE:CVE-2017-13045
Detection for: /data/zhangxb//binaries/target_clang/tcpdump/tcpdump-4.9.0-o0-tcpdump
Result for vqp_print:vuln , truth is vuln
------------------------------------------
Detecing CVE:CVE-2017-13045
Detection for: /data/zhangxb//binaries/target_clang/tcpdump/tcpdump-4.8.1-o0-tcpdump
Result for vqp_print:vuln , truth is vuln
------------------------------------------
Detecing CVE:CVE-2017-13045
Detection for: /data/zhangxb//binaries/target_clang/tcpdump/tcpdump-4.9.3-o0-tcpdump
Result for vqp_print:patch , truth is patch
------------------------------------------
Detecing CVE:CVE-2017-13045
Detection for: /data/zhangxb//binaries/target_clang/tcpdump/tcpdump-4.99.0-bp-o0-tcpdump
Result for vqp_print:vuln , truth is patch
------------------------------------------
Detecing CVE:CVE-2017-13045
NotImplementedError Ijk_Ret
fail to determine
Result for bgp_attr_print:None , truth is vuln
------------------------------------------
Detecing CVE:CVE-2017-13046
Detection for: /data/zhangxb//binaries/target_clang/tcpdump/tcpdump-4.99-bp-o0-tcpdump
Result for vqp_print:vuln , truth is patch
------------------------------------------
Detecing CVE:CVE-2017-13046
Detection for: /data/zhangxb//binaries/target_clang/tcpdump/tcpdump-4.9.0-o0-tcpdump
Detection for: /data/zhangxb//binaries/target_clang/tcpdump/tcpdump-4.9.1-o0-tcpdump
NotImplementedError Ijk_Ret
fail to determine
Result for bgp_attr_print:None , truth is vuln
------------------------------------------
Detecing CVE:CVE-2017-13046
Detection for: /data/zhangxb//binaries/target_clang/tcpdump/tcpdump-4.8.1-o0-tcpdump
NotImplementedError Ijk_Ret
fail to determine
Result for bgp_attr_print:None , truth is vuln
------------------------------------------
Detecing CVE:CVE-2017-13046
Detection for: /data/zhangxb//binaries/target_clang/tcpdump/tcpdump-4.9.0-o0-tcpdump
NotImplementedError Ijk_Ret
fail to determine
Result for bgp_attr_print:None , truth is vuln
------------------------------------------
Detecing CVE:CVE-2017-13046
Detection for: /data/zhangxb//binaries/target_clang/tcpdump/tcpdump-4.9.3-o0-tcpdump
NotImplementedError Ijk_Ret
fail to determine
Result for bgp_attr_print:None , truth is vuln
------------------------------------------
Detecing CVE:CVE-2017-13046
Detection for: /data/zhangxb//binaries/target_clang/tcpdump/tcpdump-4.8.1-o0-tcpdump
NotImplementedError Ijk_Ret
fail to determine
Result for bgp_attr_print:None , truth is patch
------------------------------------------
Detecing CVE:CVE-2017-13046
NotImplementedError Ijk_Ret
Detection for: /data/zhangxb//binaries/target_clang/tcpdump/tcpdump-4.99.0-bp-o0-tcpdump
fail to determine
Result for bgp_attr_print:None , truth is vuln
------------------------------------------
Detecing CVE:CVE-2017-13046
Detection for: /data/zhangxb//binaries/target_clang/tcpdump/tcpdump-4.9.3-o0-tcpdump
NotImplementedError Ijk_Ret
fail to determine
Result for bgp_attr_print:None , truth is patch
------------------------------------------
Detecing CVE:CVE-2017-13046
Detection for: /data/zhangxb//binaries/target_clang/tcpdump/tcpdump-4.99-bp-o0-tcpdump
NotImplementedError Ijk_Ret
fail to determine
Result for bgp_attr_print:None , truth is patch
------------------------------------------
Detecing CVE:CVE-2017-13047
Detection for: /data/zhangxb//binaries/target_clang/tcpdump/tcpdump-4.9.1-o0-tcpdump
fail to determine
Result for esis_print:None , truth is vuln
------------------------------------------
Detecing CVE:CVE-2017-13047
Detection for: /data/zhangxb//binaries/target_clang/tcpdump/tcpdump-4.9.0-o0-tcpdump
fail to determine
Result for esis_print:None , truth is vuln
------------------------------------------
Detecing CVE:CVE-2017-13047
Detection for: /data/zhangxb//binaries/target_clang/tcpdump/tcpdump-4.8.1-o0-tcpdump
fail to determine
Result for esis_print:None , truth is vuln
------------------------------------------
Detecing CVE:CVE-2017-13047
Detection for: /data/zhangxb//binaries/target_clang/tcpdump/tcpdump-4.9.3-o0-tcpdump
fail to determine
Result for esis_print:None , truth is patch
------------------------------------------
Detecing CVE:CVE-2017-13047
Detection for: /data/zhangxb//binaries/target_clang/tcpdump/tcpdump-4.99.0-bp-o0-tcpdump
NotImplementedError Ijk_Ret
fail to determine
Result for esis_print:None , truth is patch
------------------------------------------
Detecing CVE:CVE-2017-13047
fail to determine
Result for bgp_attr_print:None , truth is patch
------------------------------------------
Detecing CVE:CVE-2017-13046
Detection for: /data/zhangxb//binaries/target_clang/tcpdump/tcpdump-4.99-bp-o0-tcpdump
Detection for: /data/zhangxb//binaries/target_clang/tcpdump/tcpdump-4.99.0-bp-o0-tcpdump
fail to determine
Result for esis_print:None , truth is patch
------------------------------------------
Detecing CVE:CVE-2017-13048
Detection for: /data/zhangxb//binaries/target_clang/tcpdump/tcpdump-4.9.1-o0-tcpdump
NotImplementedError Ijk_Ret
fail to determine
Result for bgp_attr_print:None , truth is patch
------------------------------------------
Detecing CVE:CVE-2017-13046
Detection for: /data/zhangxb//binaries/target_clang/tcpdump/tcpdump-4.99-bp-o0-tcpdump
NotImplementedError Ijk_Ret
fail to determine
Result for bgp_attr_print:None , truth is patch
------------------------------------------
Detecing CVE:CVE-2017-13047
Detection for: /data/zhangxb//binaries/target_clang/tcpdump/tcpdump-4.9.1-o0-tcpdump
fail to determine
Result for esis_print:None , truth is vuln
------------------------------------------
Detecing CVE:CVE-2017-13047
Detection for: /data/zhangxb//binaries/target_clang/tcpdump/tcpdump-4.9.0-o0-tcpdump
fail to determine
Result for esis_print:None , truth is vuln
------------------------------------------
Detecing CVE:CVE-2017-13047
Detection for: /data/zhangxb//binaries/target_clang/tcpdump/tcpdump-4.8.1-o0-tcpdump
fail to determine
Result for esis_print:None , truth is vuln
------------------------------------------
Detecing CVE:CVE-2017-13047
fail to determine
Result for rsvp_obj_print:None , truth is vuln
------------------------------------------
Detecing CVE:CVE-2017-13048
Detection for: /data/zhangxb//binaries/target_clang/tcpdump/tcpdump-4.9.3-o0-tcpdump
Detection for: /data/zhangxb//binaries/target_clang/tcpdump/tcpdump-4.9.0-o0-tcpdump
fail to determine
Result for esis_print:None , truth is patch
------------------------------------------
Detecing CVE:CVE-2017-13047
Detection for: /data/zhangxb//binaries/target_clang/tcpdump/tcpdump-4.99.0-bp-o0-tcpdump
fail to determine
Result for esis_print:None , truth is patch
------------------------------------------
Detecing CVE:CVE-2017-13047
Detection for: /data/zhangxb//binaries/target_clang/tcpdump/tcpdump-4.99-bp-o0-tcpdump
fail to determine
Result for esis_print:None , truth is patch
------------------------------------------
Detecing CVE:CVE-2017-13048
Detection for: /data/zhangxb//binaries/target_clang/tcpdump/tcpdump-4.9.1-o0-tcpdump
fail to determine
Result for rsvp_obj_print:None , truth is vuln
------------------------------------------
Detecing CVE:CVE-2017-13048
Detection for: /data/zhangxb//binaries/target_clang/tcpdump/tcpdump-4.8.1-o0-tcpdump
fail to determine
Result for rsvp_obj_print:None , truth is vuln
------------------------------------------
Detecing CVE:CVE-2017-13048
Detection for: /data/zhangxb//binaries/target_clang/tcpdump/tcpdump-4.9.0-o0-tcpdump
fail to determine
Result for rsvp_obj_print:None , truth is vuln
------------------------------------------
Detecing CVE:CVE-2017-13048
Detection for: /data/zhangxb//binaries/target_clang/tcpdump/tcpdump-4.9.3-o0-tcpdump
fail to determine
Result for rsvp_obj_print:None , truth is vuln
------------------------------------------
Detecing CVE:CVE-2017-13048
Detection for: /data/zhangxb//binaries/target_clang/tcpdump/tcpdump-4.8.1-o0-tcpdump
fail to determine
Result for rsvp_obj_print:None , truth is patch
------------------------------------------
Detecing CVE:CVE-2017-13048
Detection for: /data/zhangxb//binaries/target_clang/tcpdump/tcpdump-4.99.0-bp-o0-tcpdump
fail to determine
Result for rsvp_obj_print:None , truth is vuln
------------------------------------------
Detecing CVE:CVE-2017-13048
Detection for: /data/zhangxb//binaries/target_clang/tcpdump/tcpdump-4.9.3-o0-tcpdump
fail to determine
Result for rsvp_obj_print:None , truth is patch
------------------------------------------
Detecing CVE:CVE-2017-13048
Detection for: /data/zhangxb//binaries/target_clang/tcpdump/tcpdump-4.99-bp-o0-tcpdump
fail to determine
Result for rsvp_obj_print:None , truth is patch
------------------------------------------
Detecing CVE:CVE-2017-13048
Detection for: /data/zhangxb//binaries/target_clang/tcpdump/tcpdump-4.99.0-bp-o0-tcpdump
fail to determine
Result for rsvp_obj_print:None , truth is patch
------------------------------------------
Detecing CVE:CVE-2017-13049
Detection for: /data/zhangxb//binaries/target_clang/tcpdump/tcpdump-4.9.1-o0-tcpdump
Result for ubik_print:vuln , truth is vuln
------------------------------------------
Detecing CVE:CVE-2017-13049
Detection for: /data/zhangxb//binaries/target_clang/tcpdump/tcpdump-4.9.0-o0-tcpdump
fail to determine
Result for rsvp_obj_print:None , truth is patch
------------------------------------------
Detecing CVE:CVE-2017-13048
Result for ubik_print:vuln , truth is vuln
------------------------------------------
Detecing CVE:CVE-2017-13049
Detection for: /data/zhangxb//binaries/target_clang/tcpdump/tcpdump-4.99-bp-o0-tcpdump
Detection for: /data/zhangxb//binaries/target_clang/tcpdump/tcpdump-4.8.1-o0-tcpdump
Result for ubik_print:vuln , truth is vuln
------------------------------------------
Detecing CVE:CVE-2017-13049
Detection for: /data/zhangxb//binaries/target_clang/tcpdump/tcpdump-4.9.3-o0-tcpdump
Result for ubik_print:patch , truth is patch
------------------------------------------
Detecing CVE:CVE-2017-13049
Detection for: /data/zhangxb//binaries/target_clang/tcpdump/tcpdump-4.99.0-bp-o0-tcpdump
Result for ubik_print:vuln , truth is patch
------------------------------------------
Detecing CVE:CVE-2017-13049
Detection for: /data/zhangxb//binaries/target_clang/tcpdump/tcpdump-4.99-bp-o0-tcpdump
Result for ubik_print:vuln , truth is patch
------------------------------------------
Detecing CVE:CVE-2017-13050
Detection for: /data/zhangxb//binaries/target_clang/tcpdump/tcpdump-4.9.1-o0-tcpdump
NotImplementedError Ijk_Ret
NotImplementedError Ijk_Ret
NotImplementedError Ijk_Ret
NotImplementedError Ijk_Ret
Result for rpki_rtr_pdu_print:vuln , truth is vuln
------------------------------------------
Detecing CVE:CVE-2017-13050
Detection for: /data/zhangxb//binaries/target_clang/tcpdump/tcpdump-4.9.0-o0-tcpdump
NotImplementedError Ijk_Ret
NotImplementedError Ijk_Ret
NotImplementedError Ijk_Ret
NotImplementedError Ijk_Ret
Result for rpki_rtr_pdu_print:vuln , truth is vuln
------------------------------------------
Detecing CVE:CVE-2017-13050
Detection for: /data/zhangxb//binaries/target_clang/tcpdump/tcpdump-4.8.1-o0-tcpdump
NotImplementedError Ijk_Ret
NotImplementedError Ijk_Ret
Result for rpki_rtr_pdu_print:vuln , truth is vuln
------------------------------------------
Detecing CVE:CVE-2017-13050
Detection for: /data/zhangxb//binaries/target_clang/tcpdump/tcpdump-4.9.3-o0-tcpdump
NotImplementedError Ijk_Ret
NotImplementedError Ijk_Ret
NotImplementedError Ijk_Ret
NotImplementedError Ijk_Ret
Result for rpki_rtr_pdu_print:vuln , truth is patch
------------------------------------------
Detecing CVE:CVE-2017-13050
Detection for: /data/zhangxb//binaries/target_clang/tcpdump/tcpdump-4.99.0-bp-o0-tcpdump
NotImplementedError Ijk_Ret
NotImplementedError Ijk_Ret
NotImplementedError Ijk_Ret
Result for rpki_rtr_pdu_print:patch , truth is patch
------------------------------------------
Detecing CVE:CVE-2017-13050
Detection for: /data/zhangxb//binaries/target_clang/tcpdump/tcpdump-4.99-bp-o0-tcpdump
NotImplementedError Ijk_Ret
NotImplementedError Ijk_Ret
NotImplementedError Ijk_Ret
fail to determine
Result for rsvp_obj_print:None , truth is patch
------------------------------------------
Detecing CVE:CVE-2017-13049
Detection for: /data/zhangxb//binaries/target_clang/tcpdump/tcpdump-4.9.1-o0-tcpdump
Result for ubik_print:vuln , truth is vuln
------------------------------------------
Detecing CVE:CVE-2017-13049
Detection for: /data/zhangxb//binaries/target_clang/tcpdump/tcpdump-4.9.0-o0-tcpdump
Result for ubik_print:vuln , truth is vuln
------------------------------------------
Detecing CVE:CVE-2017-13049
Detection for: /data/zhangxb//binaries/target_clang/tcpdump/tcpdump-4.8.1-o0-tcpdump
Result for rpki_rtr_pdu_print:patch , truth is patch
------------------------------------------
Detecing CVE:CVE-2017-13051
Detection for: /data/zhangxb//binaries/target_clang/tcpdump/tcpdump-4.9.1-o0-tcpdump
Result for ubik_print:vuln , truth is vuln
------------------------------------------
Detecing CVE:CVE-2017-13049
Detection for: /data/zhangxb//binaries/target_clang/tcpdump/tcpdump-4.9.3-o0-tcpdump
Result for ubik_print:patch , truth is patch
------------------------------------------
Detecing CVE:CVE-2017-13049
Detection for: /data/zhangxb//binaries/target_clang/tcpdump/tcpdump-4.99.0-bp-o0-tcpdump
Result for ubik_print:vuln , truth is patch
------------------------------------------
Detecing CVE:CVE-2017-13049
Detection for: /data/zhangxb//binaries/target_clang/tcpdump/tcpdump-4.99-bp-o0-tcpdump
Result for ubik_print:vuln , truth is patch
------------------------------------------
Detecing CVE:CVE-2017-13050
Detection for: /data/zhangxb//binaries/target_clang/tcpdump/tcpdump-4.9.1-o0-tcpdump
NotImplementedError Ijk_Ret
NotImplementedError Ijk_Ret
NotImplementedError Ijk_Ret
NotImplementedError Ijk_Ret
Result for rpki_rtr_pdu_print:vuln , truth is vuln
------------------------------------------
Detecing CVE:CVE-2017-13050
Detection for: /data/zhangxb//binaries/target_clang/tcpdump/tcpdump-4.9.0-o0-tcpdump
NotImplementedError Ijk_Ret
NotImplementedError Ijk_Ret
NotImplementedError Ijk_Ret
NotImplementedError Ijk_Ret
Result for rpki_rtr_pdu_print:vuln , truth is vuln
------------------------------------------
Detecing CVE:CVE-2017-13050
Detection for: /data/zhangxb//binaries/target_clang/tcpdump/tcpdump-4.8.1-o0-tcpdump
NotImplementedError Ijk_Ret
NotImplementedError Ijk_Ret
Result for rpki_rtr_pdu_print:vuln , truth is vuln
------------------------------------------
Detecing CVE:CVE-2017-13050
Detection for: /data/zhangxb//binaries/target_clang/tcpdump/tcpdump-4.9.3-o0-tcpdump
NotImplementedError Ijk_Ret
NotImplementedError Ijk_Ret
NotImplementedError Ijk_Ret
NotImplementedError Ijk_Ret
Result for rpki_rtr_pdu_print:vuln , truth is patch
------------------------------------------
Detecing CVE:CVE-2017-13050
Detection for: /data/zhangxb//binaries/target_clang/tcpdump/tcpdump-4.99.0-bp-o0-tcpdump
NotImplementedError Ijk_Ret
NotImplementedError Ijk_Ret
NotImplementedError Ijk_Ret
Result for rpki_rtr_pdu_print:patch , truth is patch
------------------------------------------
Detecing CVE:CVE-2017-13050
Detection for: /data/zhangxb//binaries/target_clang/tcpdump/tcpdump-4.99-bp-o0-tcpdump
NotImplementedError Ijk_Ret
NotImplementedError Ijk_Ret
NotImplementedError Ijk_Ret
fail to determine
Result for rsvp_obj_print:None , truth is vuln
------------------------------------------
Detecing CVE:CVE-2017-13051
Detection for: /data/zhangxb//binaries/target_clang/tcpdump/tcpdump-4.9.0-o0-tcpdump
Result for rpki_rtr_pdu_print:patch , truth is patch
------------------------------------------
Detecing CVE:CVE-2017-13051
Detection for: /data/zhangxb//binaries/target_clang/tcpdump/tcpdump-4.9.1-o0-tcpdump
fail to determine
Result for rsvp_obj_print:None , truth is vuln
------------------------------------------
Detecing CVE:CVE-2017-13051
Detection for: /data/zhangxb//binaries/target_clang/tcpdump/tcpdump-4.8.1-o0-tcpdump
fail to determine
Result for rsvp_obj_print:None , truth is vuln
------------------------------------------
Detecing CVE:CVE-2017-13051
Detection for: /data/zhangxb//binaries/target_clang/tcpdump/tcpdump-4.9.0-o0-tcpdump
fail to determine
Result for rsvp_obj_print:None , truth is vuln
------------------------------------------
Detecing CVE:CVE-2017-13051
Detection for: /data/zhangxb//binaries/target_clang/tcpdump/tcpdump-4.9.3-o0-tcpdump
fail to determine
Result for rsvp_obj_print:None , truth is vuln
------------------------------------------
Detecing CVE:CVE-2017-13051
Detection for: /data/zhangxb//binaries/target_clang/tcpdump/tcpdump-4.8.1-o0-tcpdump
Result for rsvp_obj_print:patch , truth is patch
------------------------------------------
Detecing CVE:CVE-2017-13051
Detection for: /data/zhangxb//binaries/target_clang/tcpdump/tcpdump-4.99.0-bp-o0-tcpdump
fail to determine
Result for rsvp_obj_print:None , truth is vuln
------------------------------------------
Detecing CVE:CVE-2017-13051
Detection for: /data/zhangxb//binaries/target_clang/tcpdump/tcpdump-4.9.3-o0-tcpdump
fail to determine
Result for rsvp_obj_print:None , truth is patch
------------------------------------------
Detecing CVE:CVE-2017-13051
Detection for: /data/zhangxb//binaries/target_clang/tcpdump/tcpdump-4.99-bp-o0-tcpdump
Result for rsvp_obj_print:patch , truth is patch
------------------------------------------
Detecing CVE:CVE-2017-13051
Detection for: /data/zhangxb//binaries/target_clang/tcpdump/tcpdump-4.99.0-bp-o0-tcpdump
fail to determine
Result for rsvp_obj_print:None , truth is patch
------------------------------------------
Detecing CVE:CVE-2017-13052
Detection for: /data/zhangxb//binaries/target_clang/tcpdump/tcpdump-4.9.1-o0-tcpdump
Result for cfm_network_addr_print:vuln , truth is vuln
fail to determine
Result for rsvp_obj_print:None , truth is patch
------------------------------------------
Detecing CVE:CVE-2017-13051
Detection for: /data/zhangxb//binaries/target_clang/tcpdump/tcpdump-4.99-bp-o0-tcpdump
Result for cfm_print:patch , truth is vuln
------------------------------------------
Detecing CVE:CVE-2017-13052
Detection for: /data/zhangxb//binaries/target_clang/tcpdump/tcpdump-4.9.0-o0-tcpdump
Result for cfm_network_addr_print:vuln , truth is vuln
Result for cfm_print:patch , truth is vuln
------------------------------------------
Detecing CVE:CVE-2017-13052
Detection for: /data/zhangxb//binaries/target_clang/tcpdump/tcpdump-4.8.1-o0-tcpdump
Result for cfm_network_addr_print:None , truth is vuln
Result for cfm_print:patch , truth is vuln
------------------------------------------
Detecing CVE:CVE-2017-13052
Detection for: /data/zhangxb//binaries/target_clang/tcpdump/tcpdump-4.9.3-o0-tcpdump
Result for cfm_network_addr_print:patch , truth is patch
Result for cfm_print:patch , truth is patch
------------------------------------------
Detecing CVE:CVE-2017-13052
Detection for: /data/zhangxb//binaries/target_clang/tcpdump/tcpdump-4.99.0-bp-o0-tcpdump
Result for cfm_network_addr_print:patch , truth is patch
Result for cfm_print:patch , truth is patch
------------------------------------------
Detecing CVE:CVE-2017-13052
Detection for: /data/zhangxb//binaries/target_clang/tcpdump/tcpdump-4.99-bp-o0-tcpdump
Result for cfm_network_addr_print:patch , truth is patch
Result for cfm_print:patch , truth is patch
------------------------------------------
Detecing CVE:CVE-2017-13053
Detection for: /data/zhangxb//binaries/target_clang/tcpdump/tcpdump-4.9.1-o0-tcpdump
Result for decode_rt_routing_info:vuln , truth is vuln
------------------------------------------
Detecing CVE:CVE-2017-13053
Detection for: /data/zhangxb//binaries/target_clang/tcpdump/tcpdump-4.9.0-o0-tcpdump
Result for decode_rt_routing_info:vuln , truth is vuln
------------------------------------------
Detecing CVE:CVE-2017-13053
Detection for: /data/zhangxb//binaries/target_clang/tcpdump/tcpdump-4.8.1-o0-tcpdump
fail to determine
Result for decode_rt_routing_info:None , truth is vuln
------------------------------------------
Detecing CVE:CVE-2017-13053
fail to determine
Result for rsvp_obj_print:None , truth is patch
------------------------------------------
Detecing CVE:CVE-2017-13052
Detection for: /data/zhangxb//binaries/target_clang/tcpdump/tcpdump-4.9.3-o0-tcpdump
Result for decode_rt_routing_info:patch , truth is patch
------------------------------------------
Detecing CVE:CVE-2017-13053
Detection for: /data/zhangxb//binaries/target_clang/tcpdump/tcpdump-4.9.1-o0-tcpdump
Result for cfm_network_addr_print:vuln , truth is vuln
Detection for: /data/zhangxb//binaries/target_clang/tcpdump/tcpdump-4.99.0-bp-o0-tcpdump
fail to determine
Result for decode_rt_routing_info:None , truth is patch
------------------------------------------
Detecing CVE:CVE-2017-13053
Detection for: /data/zhangxb//binaries/target_clang/tcpdump/tcpdump-4.99-bp-o0-tcpdump
fail to determine
Result for decode_rt_routing_info:None , truth is patch
------------------------------------------
Detecing CVE:CVE-2017-13054
Detection for: /data/zhangxb//binaries/target_clang/tcpdump/tcpdump-4.9.1-o0-tcpdump
Result for lldp_private_8023_print:vuln , truth is vuln
------------------------------------------
Detecing CVE:CVE-2017-13054
Detection for: /data/zhangxb//binaries/target_clang/tcpdump/tcpdump-4.9.0-o0-tcpdump
Result for lldp_private_8023_print:vuln , truth is vuln
------------------------------------------
Detecing CVE:CVE-2017-13054
Result for cfm_print:patch , truth is vuln
------------------------------------------
Detecing CVE:CVE-2017-13052
Detection for: /data/zhangxb//binaries/target_clang/tcpdump/tcpdump-4.8.1-o0-tcpdump
Result for lldp_private_8023_print:vuln , truth is vuln
------------------------------------------
Detecing CVE:CVE-2017-13054
Detection for: /data/zhangxb//binaries/target_clang/tcpdump/tcpdump-4.9.0-o0-tcpdump
Result for cfm_network_addr_print:vuln , truth is vuln
Detection for: /data/zhangxb//binaries/target_clang/tcpdump/tcpdump-4.9.3-o0-tcpdump
Result for lldp_private_8023_print:patch , truth is patch
------------------------------------------
Detecing CVE:CVE-2017-13054
Detection for: /data/zhangxb//binaries/target_clang/tcpdump/tcpdump-4.99.0-bp-o0-tcpdump
Result for lldp_private_8023_print:patch , truth is patch
------------------------------------------
Detecing CVE:CVE-2017-13054
Detection for: /data/zhangxb//binaries/target_clang/tcpdump/tcpdump-4.99-bp-o0-tcpdump
Result for lldp_private_8023_print:patch , truth is patch
------------------------------------------
Detecing CVE:CVE-2017-13055
Detection for: /data/zhangxb//binaries/target_clang/tcpdump/tcpdump-4.9.1-o0-tcpdump
Result for cfm_print:patch , truth is vuln
------------------------------------------
Detecing CVE:CVE-2017-13052
Result for isis_print_is_reach_subtlv:vuln , truth is vuln
------------------------------------------
Detecing CVE:CVE-2017-13055
Detection for: /data/zhangxb//binaries/target_clang/tcpdump/tcpdump-4.8.1-o0-tcpdump
Result for cfm_network_addr_print:None , truth is vuln
Detection for: /data/zhangxb//binaries/target_clang/tcpdump/tcpdump-4.9.0-o0-tcpdump
Result for isis_print_is_reach_subtlv:vuln , truth is vuln
------------------------------------------
Detecing CVE:CVE-2017-13055
Detection for: /data/zhangxb//binaries/target_clang/tcpdump/tcpdump-4.8.1-o0-tcpdump
Result for cfm_print:patch , truth is vuln
------------------------------------------
Detecing CVE:CVE-2017-13052
Detection for: /data/zhangxb//binaries/target_clang/tcpdump/tcpdump-4.9.3-o0-tcpdump
Result for isis_print_is_reach_subtlv:patch , truth is vuln
------------------------------------------
Detecing CVE:CVE-2017-13055
Result for cfm_network_addr_print:patch , truth is patch
Detection for: /data/zhangxb//binaries/target_clang/tcpdump/tcpdump-4.9.3-o0-tcpdump
Result for isis_print_is_reach_subtlv:patch , truth is patch
------------------------------------------
Detecing CVE:CVE-2017-13055
Detection for: /data/zhangxb//binaries/target_clang/tcpdump/tcpdump-4.99.0-bp-o0-tcpdump
no function dict_keys(['isis_print_is_reach_subtlv']) in target
------------------------------------------
Detecing CVE:CVE-2017-13055
Detection for: /data/zhangxb//binaries/target_clang/tcpdump/tcpdump-4.99-bp-o0-tcpdump
no function dict_keys(['isis_print_is_reach_subtlv']) in target
------------------------------------------
Detecing CVE:CVE-2017-13687
Detection for: /data/zhangxb//binaries/target_clang/tcpdump/tcpdump-4.9.1-o0-tcpdump
Result for chdlc_print:vuln , truth is vuln
------------------------------------------
Detecing CVE:CVE-2017-13687
Result for cfm_print:patch , truth is patch
------------------------------------------
Detecing CVE:CVE-2017-13052
Detection for: /data/zhangxb//binaries/target_clang/tcpdump/tcpdump-4.9.0-o0-tcpdump
Result for chdlc_print:vuln , truth is vuln
------------------------------------------
Detecing CVE:CVE-2017-13687
Detection for: /data/zhangxb//binaries/target_clang/tcpdump/tcpdump-4.99.0-bp-o0-tcpdump
Result for cfm_network_addr_print:patch , truth is patch
Detection for: /data/zhangxb//binaries/target_clang/tcpdump/tcpdump-4.8.1-o0-tcpdump
Result for chdlc_print:vuln , truth is vuln
------------------------------------------
Detecing CVE:CVE-2017-13687
Detection for: /data/zhangxb//binaries/target_clang/tcpdump/tcpdump-4.9.3-o0-tcpdump
Result for chdlc_print:patch , truth is patch
------------------------------------------
Detecing CVE:CVE-2017-13687
Detection for: /data/zhangxb//binaries/target_clang/tcpdump/tcpdump-4.99.0-bp-o0-tcpdump
Result for chdlc_print:vuln , truth is patch
------------------------------------------
Detecing CVE:CVE-2017-13687
Detection for: /data/zhangxb//binaries/target_clang/tcpdump/tcpdump-4.99-bp-o0-tcpdump
Result for chdlc_print:vuln , truth is patch
------------------------------------------
Detecing CVE:CVE-2017-13688
Detection for: /data/zhangxb//binaries/target_clang/tcpdump/tcpdump-4.9.1-o0-tcpdump
Result for cfm_print:patch , truth is patch
------------------------------------------
Detecing CVE:CVE-2017-13052
Detection for: /data/zhangxb//binaries/target_clang/tcpdump/tcpdump-4.99-bp-o0-tcpdump
Result for cfm_network_addr_print:patch , truth is patch
Result for olsr_print:vuln , truth is vuln
------------------------------------------
Detecing CVE:CVE-2017-13688
Detection for: /data/zhangxb//binaries/target_clang/tcpdump/tcpdump-4.9.0-o0-tcpdump
Result for cfm_print:patch , truth is patch
------------------------------------------
Detecing CVE:CVE-2017-13053
Detection for: /data/zhangxb//binaries/target_clang/tcpdump/tcpdump-4.9.1-o0-tcpdump
Result for decode_rt_routing_info:vuln , truth is vuln
------------------------------------------
Detecing CVE:CVE-2017-13053
Result for olsr_print:vuln , truth is vuln
------------------------------------------
Detecing CVE:CVE-2017-13688
Detection for: /data/zhangxb//binaries/target_clang/tcpdump/tcpdump-4.9.0-o0-tcpdump
Detection for: /data/zhangxb//binaries/target_clang/tcpdump/tcpdump-4.8.1-o0-tcpdump
Result for decode_rt_routing_info:vuln , truth is vuln
------------------------------------------
Detecing CVE:CVE-2017-13053
Detection for: /data/zhangxb//binaries/target_clang/tcpdump/tcpdump-4.8.1-o0-tcpdump
fail to determine
Result for decode_rt_routing_info:None , truth is vuln
------------------------------------------
Detecing CVE:CVE-2017-13053
Detection for: /data/zhangxb//binaries/target_clang/tcpdump/tcpdump-4.9.3-o0-tcpdump
Result for decode_rt_routing_info:patch , truth is patch
------------------------------------------
Detecing CVE:CVE-2017-13053
Detection for: /data/zhangxb//binaries/target_clang/tcpdump/tcpdump-4.99.0-bp-o0-tcpdump
Result for olsr_print:patch , truth is vuln
------------------------------------------
Detecing CVE:CVE-2017-13688
fail to determine
Result for decode_rt_routing_info:None , truth is patch
------------------------------------------
Detecing CVE:CVE-2017-13053
Detection for: /data/zhangxb//binaries/target_clang/tcpdump/tcpdump-4.99-bp-o0-tcpdump
Detection for: /data/zhangxb//binaries/target_clang/tcpdump/tcpdump-4.9.3-o0-tcpdump
fail to determine
Result for decode_rt_routing_info:None , truth is patch
------------------------------------------
Detecing CVE:CVE-2017-13054
Detection for: /data/zhangxb//binaries/target_clang/tcpdump/tcpdump-4.9.1-o0-tcpdump
Result for lldp_private_8023_print:vuln , truth is vuln
------------------------------------------
Detecing CVE:CVE-2017-13054
Detection for: /data/zhangxb//binaries/target_clang/tcpdump/tcpdump-4.9.0-o0-tcpdump
Result for lldp_private_8023_print:vuln , truth is vuln
------------------------------------------
Detecing CVE:CVE-2017-13054
Detection for: /data/zhangxb//binaries/target_clang/tcpdump/tcpdump-4.8.1-o0-tcpdump
Result for lldp_private_8023_print:vuln , truth is vuln
------------------------------------------
Detecing CVE:CVE-2017-13054
Result for olsr_print:patch , truth is patch
------------------------------------------
Detecing CVE:CVE-2017-13688
Detection for: /data/zhangxb//binaries/target_clang/tcpdump/tcpdump-4.9.3-o0-tcpdump
Result for lldp_private_8023_print:patch , truth is patch
------------------------------------------
Detecing CVE:CVE-2017-13054
Detection for: /data/zhangxb//binaries/target_clang/tcpdump/tcpdump-4.99.0-bp-o0-tcpdump
Detection for: /data/zhangxb//binaries/target_clang/tcpdump/tcpdump-4.99.0-bp-o0-tcpdump
Result for lldp_private_8023_print:patch , truth is patch
------------------------------------------
Detecing CVE:CVE-2017-13054
Detection for: /data/zhangxb//binaries/target_clang/tcpdump/tcpdump-4.99-bp-o0-tcpdump
Result for lldp_private_8023_print:patch , truth is patch
------------------------------------------
Detecing CVE:CVE-2017-13055
Detection for: /data/zhangxb//binaries/target_clang/tcpdump/tcpdump-4.9.1-o0-tcpdump
Result for isis_print_is_reach_subtlv:vuln , truth is vuln
------------------------------------------
Detecing CVE:CVE-2017-13055
fail to determine
Result for olsr_print:None , truth is patch
------------------------------------------
Detecing CVE:CVE-2017-13688
Detection for: /data/zhangxb//binaries/target_clang/tcpdump/tcpdump-4.9.0-o0-tcpdump
Detection for: /data/zhangxb//binaries/target_clang/tcpdump/tcpdump-4.99-bp-o0-tcpdump
Result for isis_print_is_reach_subtlv:vuln , truth is vuln
------------------------------------------
Detecing CVE:CVE-2017-13055
Detection for: /data/zhangxb//binaries/target_clang/tcpdump/tcpdump-4.8.1-o0-tcpdump
Result for isis_print_is_reach_subtlv:patch , truth is vuln
------------------------------------------
Detecing CVE:CVE-2017-13055
Detection for: /data/zhangxb//binaries/target_clang/tcpdump/tcpdump-4.9.3-o0-tcpdump
Result for isis_print_is_reach_subtlv:patch , truth is patch
------------------------------------------
Detecing CVE:CVE-2017-13055
fail to determine
Result for olsr_print:None , truth is patch
------------------------------------------
Detecing CVE:CVE-2017-13689
Detection for: /data/zhangxb//binaries/target_clang/tcpdump/tcpdump-4.99.0-bp-o0-tcpdump
no function dict_keys(['isis_print_is_reach_subtlv']) in target
------------------------------------------
Detecing CVE:CVE-2017-13055
Detection for: /data/zhangxb//binaries/target_clang/tcpdump/tcpdump-4.9.1-o0-tcpdump
fail to determine
Result for ikev1_id_print:None , truth is vuln
------------------------------------------
Detecing CVE:CVE-2017-13689
Detection for: /data/zhangxb//binaries/target_clang/tcpdump/tcpdump-4.99-bp-o0-tcpdump
no function dict_keys(['isis_print_is_reach_subtlv']) in target
------------------------------------------
Detecing CVE:CVE-2017-13687
Detection for: /data/zhangxb//binaries/target_clang/tcpdump/tcpdump-4.9.1-o0-tcpdump
Detection for: /data/zhangxb//binaries/target_clang/tcpdump/tcpdump-4.9.0-o0-tcpdump
Result for chdlc_print:vuln , truth is vuln
------------------------------------------
Detecing CVE:CVE-2017-13687
fail to determine
Result for ikev1_id_print:None , truth is vuln
------------------------------------------
Detecing CVE:CVE-2017-13689
Detection for: /data/zhangxb//binaries/target_clang/tcpdump/tcpdump-4.9.0-o0-tcpdump
Result for chdlc_print:vuln , truth is vuln
------------------------------------------
Detecing CVE:CVE-2017-13687
Detection for: /data/zhangxb//binaries/target_clang/tcpdump/tcpdump-4.8.1-o0-tcpdump
Detection for: /data/zhangxb//binaries/target_clang/tcpdump/tcpdump-4.8.1-o0-tcpdump
Result for chdlc_print:vuln , truth is vuln
------------------------------------------
Detecing CVE:CVE-2017-13687
fail to determine
Result for ikev1_id_print:None , truth is vuln
------------------------------------------
Detecing CVE:CVE-2017-13689
Detection for: /data/zhangxb//binaries/target_clang/tcpdump/tcpdump-4.9.3-o0-tcpdump
Result for chdlc_print:patch , truth is patch
------------------------------------------
Detecing CVE:CVE-2017-13687
Detection for: /data/zhangxb//binaries/target_clang/tcpdump/tcpdump-4.9.3-o0-tcpdump
Detection for: /data/zhangxb//binaries/target_clang/tcpdump/tcpdump-4.99.0-bp-o0-tcpdump
fail to determine
Result for ikev1_id_print:None , truth is patch
------------------------------------------
Detecing CVE:CVE-2017-13689
Result for chdlc_print:vuln , truth is patch
------------------------------------------
Detecing CVE:CVE-2017-13687
Detection for: /data/zhangxb//binaries/target_clang/tcpdump/tcpdump-4.99.0-bp-o0-tcpdump
Detection for: /data/zhangxb//binaries/target_clang/tcpdump/tcpdump-4.99-bp-o0-tcpdump
Result for chdlc_print:vuln , truth is patch
------------------------------------------
Detecing CVE:CVE-2017-13688
fail to determine
Result for ikev1_id_print:None , truth is patch
------------------------------------------
Detecing CVE:CVE-2017-13689
Detection for: /data/zhangxb//binaries/target_clang/tcpdump/tcpdump-4.9.1-o0-tcpdump
Detection for: /data/zhangxb//binaries/target_clang/tcpdump/tcpdump-4.99-bp-o0-tcpdump
fail to determine
Result for ikev1_id_print:None , truth is patch
------------------------------------------
Detecing CVE:CVE-2017-13690
Detection for: /data/zhangxb//binaries/target_clang/tcpdump/tcpdump-4.9.1-o0-tcpdump
Result for ikev2_ke_print:vuln , truth is vuln
Result for ikev2_ID_print:vuln , truth is vuln
Result for ikev2_auth_print:vuln , truth is vuln
------------------------------------------
Detecing CVE:CVE-2017-13690
Result for olsr_print:vuln , truth is vuln
------------------------------------------
Detecing CVE:CVE-2017-13688
Detection for: /data/zhangxb//binaries/target_clang/tcpdump/tcpdump-4.9.0-o0-tcpdump
Result for ikev2_ke_print:vuln , truth is vuln
Detection for: /data/zhangxb//binaries/target_clang/tcpdump/tcpdump-4.9.0-o0-tcpdump
Result for ikev2_ID_print:vuln , truth is vuln
Result for ikev2_auth_print:vuln , truth is vuln
------------------------------------------
Detecing CVE:CVE-2017-13690
Detection for: /data/zhangxb//binaries/target_clang/tcpdump/tcpdump-4.8.1-o0-tcpdump
fail to determine
Result for ikev2_ke_print:None , truth is vuln
fail to determine
Result for ikev2_ID_print:None , truth is vuln
fail to determine
Result for ikev2_auth_print:None , truth is vuln
------------------------------------------
Detecing CVE:CVE-2017-13690
Detection for: /data/zhangxb//binaries/target_clang/tcpdump/tcpdump-4.9.3-o0-tcpdump
Result for ikev2_ke_print:patch , truth is patch
Result for olsr_print:vuln , truth is vuln
------------------------------------------
Detecing CVE:CVE-2017-13688
Result for ikev2_ID_print:patch , truth is patch
Detection for: /data/zhangxb//binaries/target_clang/tcpdump/tcpdump-4.8.1-o0-tcpdump
Result for ikev2_auth_print:patch , truth is patch
------------------------------------------
Detecing CVE:CVE-2017-13690
Detection for: /data/zhangxb//binaries/target_clang/tcpdump/tcpdump-4.99.0-bp-o0-tcpdump
fail to determine
Result for ikev2_ke_print:None , truth is patch
fail to determine
Result for ikev2_ID_print:None , truth is patch
fail to determine
Result for ikev2_auth_print:None , truth is patch
------------------------------------------
Detecing CVE:CVE-2017-13690
Detection for: /data/zhangxb//binaries/target_clang/tcpdump/tcpdump-4.99-bp-o0-tcpdump
fail to determine
Result for ikev2_ke_print:None , truth is patch
fail to determine
Result for ikev2_ID_print:None , truth is patch
Result for olsr_print:patch , truth is vuln
------------------------------------------
Detecing CVE:CVE-2017-13688
fail to determine
Result for ikev2_auth_print:None , truth is patch
------------------------------------------
Detecing CVE:CVE-2017-13725
Detection for: /data/zhangxb//binaries/target_clang/tcpdump/tcpdump-4.9.3-o0-tcpdump
Detection for: /data/zhangxb//binaries/target_clang/tcpdump/tcpdump-4.9.1-o0-tcpdump
fail to determine
Result for rt6_print:None , truth is vuln
------------------------------------------
Detecing CVE:CVE-2017-13725
Detection for: /data/zhangxb//binaries/target_clang/tcpdump/tcpdump-4.9.0-o0-tcpdump
fail to determine
Result for rt6_print:None , truth is vuln
------------------------------------------
Detecing CVE:CVE-2017-13725
Detection for: /data/zhangxb//binaries/target_clang/tcpdump/tcpdump-4.8.1-o0-tcpdump
fail to determine
Result for rt6_print:None , truth is vuln
------------------------------------------
Detecing CVE:CVE-2017-13725
Detection for: /data/zhangxb//binaries/target_clang/tcpdump/tcpdump-4.9.3-o0-tcpdump
fail to determine
Result for rt6_print:None , truth is patch
------------------------------------------
Detecing CVE:CVE-2017-13725
Result for olsr_print:patch , truth is patch
------------------------------------------
Detecing CVE:CVE-2017-13688
Detection for: /data/zhangxb//binaries/target_clang/tcpdump/tcpdump-4.99.0-bp-o0-tcpdump
fail to determine
Result for rt6_print:None , truth is patch
------------------------------------------
Detecing CVE:CVE-2017-13725
Detection for: /data/zhangxb//binaries/target_clang/tcpdump/tcpdump-4.99.0-bp-o0-tcpdump
Detection for: /data/zhangxb//binaries/target_clang/tcpdump/tcpdump-4.99-bp-o0-tcpdump
fail to determine
Result for rt6_print:None , truth is patch
------------------------------------------
Detecing CVE:CVE-2018-14461
Detection for: /data/zhangxb//binaries/target_clang/tcpdump/tcpdump-4.9.2-o0-tcpdump
fail to determine
Result for olsr_print:None , truth is patch
------------------------------------------
Detecing CVE:CVE-2017-13688
Detection for: /data/zhangxb//binaries/target_clang/tcpdump/tcpdump-4.99-bp-o0-tcpdump
Result for ldp_tlv_print:vuln , truth is vuln
Result for ldp_pdu_print:vuln , truth is vuln
------------------------------------------
Detecing CVE:CVE-2018-14461
Detection for: /data/zhangxb//binaries/target_clang/tcpdump/tcpdump-4.9.1-o0-tcpdump
fail to determine
Result for olsr_print:None , truth is patch
------------------------------------------
Detecing CVE:CVE-2017-13689
Detection for: /data/zhangxb//binaries/target_clang/tcpdump/tcpdump-4.9.1-o0-tcpdump
fail to determine
Result for ikev1_id_print:None , truth is vuln
------------------------------------------
Detecing CVE:CVE-2017-13689
Detection for: /data/zhangxb//binaries/target_clang/tcpdump/tcpdump-4.9.0-o0-tcpdump
Result for ldp_tlv_print:vuln , truth is vuln
Result for ldp_pdu_print:vuln , truth is vuln
------------------------------------------
Detecing CVE:CVE-2018-14461
fail to determine
Result for ikev1_id_print:None , truth is vuln
------------------------------------------
Detecing CVE:CVE-2017-13689
Detection for: /data/zhangxb//binaries/target_clang/tcpdump/tcpdump-4.9.0-o0-tcpdump
Detection for: /data/zhangxb//binaries/target_clang/tcpdump/tcpdump-4.8.1-o0-tcpdump
fail to determine
Result for ikev1_id_print:None , truth is vuln
------------------------------------------
Detecing CVE:CVE-2017-13689
Detection for: /data/zhangxb//binaries/target_clang/tcpdump/tcpdump-4.9.3-o0-tcpdump
fail to determine
Result for ikev1_id_print:None , truth is patch
------------------------------------------
Detecing CVE:CVE-2017-13689
Detection for: /data/zhangxb//binaries/target_clang/tcpdump/tcpdump-4.99.0-bp-o0-tcpdump
Result for ldp_tlv_print:vuln , truth is vuln
Result for ldp_pdu_print:vuln , truth is vuln
------------------------------------------
Detecing CVE:CVE-2018-14461
fail to determine
Result for ikev1_id_print:None , truth is patch
------------------------------------------
Detecing CVE:CVE-2017-13689
Detection for: /data/zhangxb//binaries/target_clang/tcpdump/tcpdump-4.9.3-o0-tcpdump
Detection for: /data/zhangxb//binaries/target_clang/tcpdump/tcpdump-4.99-bp-o0-tcpdump
fail to determine
Result for ikev1_id_print:None , truth is patch
------------------------------------------
Detecing CVE:CVE-2017-13690
Detection for: /data/zhangxb//binaries/target_clang/tcpdump/tcpdump-4.9.1-o0-tcpdump
Result for ikev2_ke_print:vuln , truth is vuln
Result for ikev2_ID_print:vuln , truth is vuln
Result for ikev2_auth_print:vuln , truth is vuln
------------------------------------------
Detecing CVE:CVE-2017-13690
Detection for: /data/zhangxb//binaries/target_clang/tcpdump/tcpdump-4.9.0-o0-tcpdump
fail to determine
Result for ldp_tlv_print:None , truth is patch
Result for ldp_pdu_print:patch , truth is patch
------------------------------------------
Detecing CVE:CVE-2018-14461
Result for ikev2_ke_print:vuln , truth is vuln
Result for ikev2_ID_print:vuln , truth is vuln
Detection for: /data/zhangxb//binaries/target_clang/tcpdump/tcpdump-4.99.0-bp-o0-tcpdump
Result for ikev2_auth_print:vuln , truth is vuln
------------------------------------------
Detecing CVE:CVE-2017-13690
Detection for: /data/zhangxb//binaries/target_clang/tcpdump/tcpdump-4.8.1-o0-tcpdump
fail to determine
Result for ikev2_ke_print:None , truth is vuln
fail to determine
Result for ikev2_ID_print:None , truth is vuln
fail to determine
Result for ikev2_auth_print:None , truth is vuln
------------------------------------------
Detecing CVE:CVE-2017-13690
Detection for: /data/zhangxb//binaries/target_clang/tcpdump/tcpdump-4.9.3-o0-tcpdump
Result for ikev2_ke_print:patch , truth is patch
Result for ikev2_ID_print:patch , truth is patch
Result for ikev2_auth_print:patch , truth is patch
------------------------------------------
Detecing CVE:CVE-2017-13690
Detection for: /data/zhangxb//binaries/target_clang/tcpdump/tcpdump-4.99.0-bp-o0-tcpdump
fail to determine
Result for ldp_tlv_print:None , truth is patch
fail to determine
Result for ldp_pdu_print:None , truth is patch
------------------------------------------
Detecing CVE:CVE-2018-14461
fail to determine
Result for ikev2_ke_print:None , truth is patch
Detection for: /data/zhangxb//binaries/target_clang/tcpdump/tcpdump-4.99-bp-o0-tcpdump
fail to determine
Result for ikev2_ID_print:None , truth is patch
fail to determine
Result for ikev2_auth_print:None , truth is patch
------------------------------------------
Detecing CVE:CVE-2017-13690
Detection for: /data/zhangxb//binaries/target_clang/tcpdump/tcpdump-4.99-bp-o0-tcpdump
fail to determine
Result for ikev2_ke_print:None , truth is patch
fail to determine
Result for ikev2_ID_print:None , truth is patch
fail to determine
Result for ikev2_auth_print:None , truth is patch
------------------------------------------
Detecing CVE:CVE-2017-13725
Detection for: /data/zhangxb//binaries/target_clang/tcpdump/tcpdump-4.9.1-o0-tcpdump
fail to determine
Result for rt6_print:None , truth is vuln
------------------------------------------
Detecing CVE:CVE-2017-13725
Detection for: /data/zhangxb//binaries/target_clang/tcpdump/tcpdump-4.9.0-o0-tcpdump
fail to determine
Result for rt6_print:None , truth is vuln
------------------------------------------
Detecing CVE:CVE-2017-13725
fail to determine
Result for ldp_tlv_print:None , truth is patch
Detection for: /data/zhangxb//binaries/target_clang/tcpdump/tcpdump-4.8.1-o0-tcpdump
fail to determine
Result for ldp_pdu_print:None , truth is patch
------------------------------------------
Detecing CVE:CVE-2018-14462
fail to determine
Result for rt6_print:None , truth is vuln
------------------------------------------
Detecing CVE:CVE-2017-13725
Detection for: /data/zhangxb//binaries/target_clang/tcpdump/tcpdump-4.9.2-o0-tcpdump
Detection for: /data/zhangxb//binaries/target_clang/tcpdump/tcpdump-4.9.3-o0-tcpdump
fail to determine
Result for rt6_print:None , truth is patch
------------------------------------------
Detecing CVE:CVE-2017-13725
Result for icmp_print:vuln , truth is vuln
------------------------------------------
Detecing CVE:CVE-2018-14462
Detection for: /data/zhangxb//binaries/target_clang/tcpdump/tcpdump-4.99.0-bp-o0-tcpdump
fail to determine
Result for rt6_print:None , truth is patch
------------------------------------------
Detecing CVE:CVE-2017-13725
Detection for: /data/zhangxb//binaries/target_clang/tcpdump/tcpdump-4.9.1-o0-tcpdump
Detection for: /data/zhangxb//binaries/target_clang/tcpdump/tcpdump-4.99-bp-o0-tcpdump
fail to determine
Result for rt6_print:None , truth is patch
------------------------------------------
Detecing CVE:CVE-2018-14461
Result for icmp_print:vuln , truth is vuln
------------------------------------------
Detecing CVE:CVE-2018-14462
Detection for: /data/zhangxb//binaries/target_clang/tcpdump/tcpdump-4.9.2-o0-tcpdump
Detection for: /data/zhangxb//binaries/target_clang/tcpdump/tcpdump-4.9.0-o0-tcpdump
Result for icmp_print:vuln , truth is vuln
------------------------------------------
Detecing CVE:CVE-2018-14462
Detection for: /data/zhangxb//binaries/target_clang/tcpdump/tcpdump-4.9.3-o0-tcpdump
Result for icmp_print:patch , truth is patch
------------------------------------------
Detecing CVE:CVE-2018-14462
Detection for: /data/zhangxb//binaries/target_clang/tcpdump/tcpdump-4.99.0-bp-o0-tcpdump
Result for ldp_tlv_print:vuln , truth is vuln
Result for ldp_pdu_print:vuln , truth is vuln
------------------------------------------
Detecing CVE:CVE-2018-14461
Result for icmp_print:vuln , truth is patch
------------------------------------------
Detecing CVE:CVE-2018-14462
Detection for: /data/zhangxb//binaries/target_clang/tcpdump/tcpdump-4.9.1-o0-tcpdump
Detection for: /data/zhangxb//binaries/target_clang/tcpdump/tcpdump-4.99-bp-o0-tcpdump
Result for icmp_print:vuln , truth is patch
------------------------------------------
Detecing CVE:CVE-2018-14463
Detection for: /data/zhangxb//binaries/target_clang/tcpdump/tcpdump-4.9.2-o0-tcpdump
Result for vrrp_print:vuln , truth is vuln
------------------------------------------
Detecing CVE:CVE-2018-14463
Detection for: /data/zhangxb//binaries/target_clang/tcpdump/tcpdump-4.9.1-o0-tcpdump
Result for ldp_tlv_print:vuln , truth is vuln
Result for ldp_pdu_print:vuln , truth is vuln
------------------------------------------
Detecing CVE:CVE-2018-14461
Result for vrrp_print:vuln , truth is vuln
------------------------------------------
Detecing CVE:CVE-2018-14463
Detection for: /data/zhangxb//binaries/target_clang/tcpdump/tcpdump-4.9.0-o0-tcpdump
Detection for: /data/zhangxb//binaries/target_clang/tcpdump/tcpdump-4.9.0-o0-tcpdump
Result for vrrp_print:vuln , truth is vuln
------------------------------------------
Detecing CVE:CVE-2018-14463
Detection for: /data/zhangxb//binaries/target_clang/tcpdump/tcpdump-4.9.3-o0-tcpdump
Result for vrrp_print:patch , truth is patch
------------------------------------------
Detecing CVE:CVE-2018-14463
Detection for: /data/zhangxb//binaries/target_clang/tcpdump/tcpdump-4.99.0-bp-o0-tcpdump
Result for vrrp_print:vuln , truth is patch
------------------------------------------
Detecing CVE:CVE-2018-14463
Detection for: /data/zhangxb//binaries/target_clang/tcpdump/tcpdump-4.99-bp-o0-tcpdump
Result for ldp_tlv_print:vuln , truth is vuln
Result for ldp_pdu_print:vuln , truth is vuln
------------------------------------------
Detecing CVE:CVE-2018-14461
Result for vrrp_print:vuln , truth is patch
------------------------------------------
Detecing CVE:CVE-2018-14464
Detection for: /data/zhangxb//binaries/target_clang/tcpdump/tcpdump-4.9.3-o0-tcpdump
Detection for: /data/zhangxb//binaries/target_clang/tcpdump/tcpdump-4.9.2-o0-tcpdump
Result for lmp_print_data_link_subobjs:vuln , truth is vuln
fail to determine
Result for ldp_tlv_print:None , truth is patch
Result for ldp_pdu_print:patch , truth is patch
------------------------------------------
Detecing CVE:CVE-2018-14461
Detection for: /data/zhangxb//binaries/target_clang/tcpdump/tcpdump-4.99.0-bp-o0-tcpdump
fail to determine
Result for ldp_tlv_print:None , truth is patch
fail to determine
Result for ldp_pdu_print:None , truth is patch
------------------------------------------
Detecing CVE:CVE-2018-14461
Detection for: /data/zhangxb//binaries/target_clang/tcpdump/tcpdump-4.99-bp-o0-tcpdump
fail to determine
Result for ldp_tlv_print:None , truth is patch
fail to determine
Result for ldp_pdu_print:None , truth is patch
------------------------------------------
Detecing CVE:CVE-2018-14462
Detection for: /data/zhangxb//binaries/target_clang/tcpdump/tcpdump-4.9.2-o0-tcpdump
Result for icmp_print:vuln , truth is vuln
------------------------------------------
Detecing CVE:CVE-2018-14462
Detection for: /data/zhangxb//binaries/target_clang/tcpdump/tcpdump-4.9.1-o0-tcpdump
Result for icmp_print:vuln , truth is vuln
------------------------------------------
Detecing CVE:CVE-2018-14462
Detection for: /data/zhangxb//binaries/target_clang/tcpdump/tcpdump-4.9.0-o0-tcpdump
Result for lmp_print:patch , truth is vuln
------------------------------------------
Detecing CVE:CVE-2018-14464
Result for icmp_print:vuln , truth is vuln
------------------------------------------
Detecing CVE:CVE-2018-14462
Detection for: /data/zhangxb//binaries/target_clang/tcpdump/tcpdump-4.9.1-o0-tcpdump
Result for lmp_print_data_link_subobjs:None , truth is vuln
Detection for: /data/zhangxb//binaries/target_clang/tcpdump/tcpdump-4.9.3-o0-tcpdump
Result for icmp_print:patch , truth is patch
------------------------------------------
Detecing CVE:CVE-2018-14462
Detection for: /data/zhangxb//binaries/target_clang/tcpdump/tcpdump-4.99.0-bp-o0-tcpdump
Result for icmp_print:vuln , truth is patch
------------------------------------------
Detecing CVE:CVE-2018-14462
Detection for: /data/zhangxb//binaries/target_clang/tcpdump/tcpdump-4.99-bp-o0-tcpdump
Result for icmp_print:vuln , truth is patch
------------------------------------------
Detecing CVE:CVE-2018-14463
Detection for: /data/zhangxb//binaries/target_clang/tcpdump/tcpdump-4.9.2-o0-tcpdump
Result for vrrp_print:vuln , truth is vuln
------------------------------------------
Detecing CVE:CVE-2018-14463
Detection for: /data/zhangxb//binaries/target_clang/tcpdump/tcpdump-4.9.1-o0-tcpdump
Result for vrrp_print:vuln , truth is vuln
------------------------------------------
Detecing CVE:CVE-2018-14463
Result for lmp_print:patch , truth is vuln
------------------------------------------
Detecing CVE:CVE-2018-14464
Detection for: /data/zhangxb//binaries/target_clang/tcpdump/tcpdump-4.9.0-o0-tcpdump
Result for vrrp_print:vuln , truth is vuln
------------------------------------------
Detecing CVE:CVE-2018-14463
Detection for: /data/zhangxb//binaries/target_clang/tcpdump/tcpdump-4.9.0-o0-tcpdump
Result for lmp_print_data_link_subobjs:None , truth is vuln
Detection for: /data/zhangxb//binaries/target_clang/tcpdump/tcpdump-4.9.3-o0-tcpdump
Result for vrrp_print:patch , truth is patch
------------------------------------------
Detecing CVE:CVE-2018-14463
Detection for: /data/zhangxb//binaries/target_clang/tcpdump/tcpdump-4.99.0-bp-o0-tcpdump
Result for vrrp_print:vuln , truth is patch
------------------------------------------
Detecing CVE:CVE-2018-14463
Detection for: /data/zhangxb//binaries/target_clang/tcpdump/tcpdump-4.99-bp-o0-tcpdump
Result for vrrp_print:vuln , truth is patch
------------------------------------------
Detecing CVE:CVE-2018-14464
Detection for: /data/zhangxb//binaries/target_clang/tcpdump/tcpdump-4.9.2-o0-tcpdump
Result for lmp_print_data_link_subobjs:vuln , truth is vuln
Result for lmp_print:patch , truth is vuln
------------------------------------------
Detecing CVE:CVE-2018-14464
Detection for: /data/zhangxb//binaries/target_clang/tcpdump/tcpdump-4.9.3-o0-tcpdump
Result for lmp_print_data_link_subobjs:patch , truth is patch
Result for lmp_print:patch , truth is vuln
------------------------------------------
Detecing CVE:CVE-2018-14464
Detection for: /data/zhangxb//binaries/target_clang/tcpdump/tcpdump-4.9.1-o0-tcpdump
Result for lmp_print_data_link_subobjs:None , truth is vuln
Result for lmp_print:patch , truth is patch
------------------------------------------
Detecing CVE:CVE-2018-14464
Detection for: /data/zhangxb//binaries/target_clang/tcpdump/tcpdump-4.99.0-bp-o0-tcpdump
Result for lmp_print_data_link_subobjs:vuln , truth is patch
Result for lmp_print:patch , truth is vuln
------------------------------------------
Detecing CVE:CVE-2018-14464
Detection for: /data/zhangxb//binaries/target_clang/tcpdump/tcpdump-4.9.0-o0-tcpdump
Result for lmp_print_data_link_subobjs:None , truth is vuln
Result for lmp_print:patch , truth is vuln
------------------------------------------
Detecing CVE:CVE-2018-14464
Detection for: /data/zhangxb//binaries/target_clang/tcpdump/tcpdump-4.9.3-o0-tcpdump
Result for lmp_print_data_link_subobjs:patch , truth is patch
Result for lmp_print:patch , truth is patch
------------------------------------------
Detecing CVE:CVE-2018-14464
Detection for: /data/zhangxb//binaries/target_clang/tcpdump/tcpdump-4.99-bp-o0-tcpdump
Result for lmp_print_data_link_subobjs:vuln , truth is patch
Result for lmp_print:patch , truth is patch
------------------------------------------
Detecing CVE:CVE-2018-14464
Detection for: /data/zhangxb//binaries/target_clang/tcpdump/tcpdump-4.99.0-bp-o0-tcpdump
Result for lmp_print_data_link_subobjs:vuln , truth is patch
Result for lmp_print:patch , truth is patch
------------------------------------------
Detecing CVE:CVE-2018-14465
Detection for: /data/zhangxb//binaries/target_clang/tcpdump/tcpdump-4.9.2-o0-tcpdump
Result for lmp_print:patch , truth is patch
------------------------------------------
Detecing CVE:CVE-2018-14464
Detection for: /data/zhangxb//binaries/target_clang/tcpdump/tcpdump-4.99-bp-o0-tcpdump
Result for lmp_print_data_link_subobjs:vuln , truth is patch
Result for rsvp_obj_print:patch , truth is vuln
------------------------------------------
Detecing CVE:CVE-2018-14465
Detection for: /data/zhangxb//binaries/target_clang/tcpdump/tcpdump-4.9.1-o0-tcpdump
Result for lmp_print:patch , truth is patch
------------------------------------------
Detecing CVE:CVE-2018-14465
Detection for: /data/zhangxb//binaries/target_clang/tcpdump/tcpdump-4.9.2-o0-tcpdump
Result for rsvp_obj_print:patch , truth is vuln
------------------------------------------
Detecing CVE:CVE-2018-14465
Detection for: /data/zhangxb//binaries/target_clang/tcpdump/tcpdump-4.9.0-o0-tcpdump
Result for rsvp_obj_print:patch , truth is vuln
------------------------------------------
Detecing CVE:CVE-2018-14465
Detection for: /data/zhangxb//binaries/target_clang/tcpdump/tcpdump-4.9.1-o0-tcpdump
Result for rsvp_obj_print:patch , truth is vuln
------------------------------------------
Detecing CVE:CVE-2018-14465
Detection for: /data/zhangxb//binaries/target_clang/tcpdump/tcpdump-4.9.3-o0-tcpdump
Result for rsvp_obj_print:patch , truth is vuln
------------------------------------------
Detecing CVE:CVE-2018-14465
Detection for: /data/zhangxb//binaries/target_clang/tcpdump/tcpdump-4.9.0-o0-tcpdump
Result for rsvp_obj_print:patch , truth is patch
------------------------------------------
Detecing CVE:CVE-2018-14465
Detection for: /data/zhangxb//binaries/target_clang/tcpdump/tcpdump-4.99.0-bp-o0-tcpdump
Result for rsvp_obj_print:patch , truth is vuln
------------------------------------------
Detecing CVE:CVE-2018-14465
Detection for: /data/zhangxb//binaries/target_clang/tcpdump/tcpdump-4.9.3-o0-tcpdump
Result for rsvp_obj_print:vuln , truth is patch
------------------------------------------
Detecing CVE:CVE-2018-14465
Detection for: /data/zhangxb//binaries/target_clang/tcpdump/tcpdump-4.99-bp-o0-tcpdump
Result for rsvp_obj_print:patch , truth is patch
------------------------------------------
Detecing CVE:CVE-2018-14465
Detection for: /data/zhangxb//binaries/target_clang/tcpdump/tcpdump-4.99.0-bp-o0-tcpdump
Result for rsvp_obj_print:vuln , truth is patch
------------------------------------------
Detecing CVE:CVE-2018-14466
Detection for: /data/zhangxb//binaries/target_clang/tcpdump/tcpdump-4.9.2-o0-tcpdump
Result for rx_cache_insert:vuln , truth is vuln
fail to determine
Result for rx_cache_find:None , truth is vuln
------------------------------------------
Detecing CVE:CVE-2018-14466
Detection for: /data/zhangxb//binaries/target_clang/tcpdump/tcpdump-4.9.1-o0-tcpdump
Result for rx_cache_insert:vuln , truth is vuln
fail to determine
Result for rx_cache_find:None , truth is vuln
------------------------------------------
Detecing CVE:CVE-2018-14466
Detection for: /data/zhangxb//binaries/target_clang/tcpdump/tcpdump-4.9.0-o0-tcpdump
Result for rx_cache_insert:vuln , truth is vuln
fail to determine
Result for rx_cache_find:None , truth is vuln
------------------------------------------
Detecing CVE:CVE-2018-14466
Detection for: /data/zhangxb//binaries/target_clang/tcpdump/tcpdump-4.9.3-o0-tcpdump
fail to determine
Result for rx_cache_insert:None , truth is patch
fail to determine
Result for rx_cache_find:None , truth is patch
------------------------------------------
Detecing CVE:CVE-2018-14466
Detection for: /data/zhangxb//binaries/target_clang/tcpdump/tcpdump-4.99.0-bp-o0-tcpdump
fail to determine
Result for rx_cache_insert:None , truth is patch
fail to determine
Result for rx_cache_find:None , truth is patch
------------------------------------------
Detecing CVE:CVE-2018-14466
Detection for: /data/zhangxb//binaries/target_clang/tcpdump/tcpdump-4.99-bp-o0-tcpdump
fail to determine
Result for rx_cache_insert:None , truth is patch
fail to determine
Result for rx_cache_find:None , truth is patch
------------------------------------------
Detecing CVE:CVE-2018-14467
Detection for: /data/zhangxb//binaries/target_clang/tcpdump/tcpdump-4.9.2-o0-tcpdump
Result for bgp_capabilities_print:vuln , truth is vuln
------------------------------------------
Detecing CVE:CVE-2018-14467
Detection for: /data/zhangxb//binaries/target_clang/tcpdump/tcpdump-4.9.1-o0-tcpdump
Result for bgp_capabilities_print:vuln , truth is vuln
------------------------------------------
Detecing CVE:CVE-2018-14467
Detection for: /data/zhangxb//binaries/target_clang/tcpdump/tcpdump-4.9.0-o0-tcpdump
Result for bgp_capabilities_print:vuln , truth is vuln
------------------------------------------
Detecing CVE:CVE-2018-14467
Result for rsvp_obj_print:vuln , truth is patch
------------------------------------------
Detecing CVE:CVE-2018-14465
Detection for: /data/zhangxb//binaries/target_clang/tcpdump/tcpdump-4.9.3-o0-tcpdump
Detection for: /data/zhangxb//binaries/target_clang/tcpdump/tcpdump-4.99-bp-o0-tcpdump
Result for bgp_capabilities_print:patch , truth is patch
------------------------------------------
Detecing CVE:CVE-2018-14467
Detection for: /data/zhangxb//binaries/target_clang/tcpdump/tcpdump-4.99.0-bp-o0-tcpdump
Result for bgp_capabilities_print:vuln , truth is patch
------------------------------------------
Detecing CVE:CVE-2018-14467
Detection for: /data/zhangxb//binaries/target_clang/tcpdump/tcpdump-4.99-bp-o0-tcpdump
Result for bgp_capabilities_print:vuln , truth is patch
------------------------------------------
Detecing CVE:CVE-2018-14468
Detection for: /data/zhangxb//binaries/target_clang/tcpdump/tcpdump-4.9.2-o0-tcpdump
Result for mfr_print:vuln , truth is vuln
------------------------------------------
Detecing CVE:CVE-2018-14468
Detection for: /data/zhangxb//binaries/target_clang/tcpdump/tcpdump-4.9.1-o0-tcpdump
Result for mfr_print:vuln , truth is vuln
------------------------------------------
Detecing CVE:CVE-2018-14468
Detection for: /data/zhangxb//binaries/target_clang/tcpdump/tcpdump-4.9.0-o0-tcpdump
Result for mfr_print:vuln , truth is vuln
------------------------------------------
Detecing CVE:CVE-2018-14468
Detection for: /data/zhangxb//binaries/target_clang/tcpdump/tcpdump-4.9.3-o0-tcpdump
Result for mfr_print:patch , truth is patch
------------------------------------------
Detecing CVE:CVE-2018-14468
Detection for: /data/zhangxb//binaries/target_clang/tcpdump/tcpdump-4.99.0-bp-o0-tcpdump
Result for mfr_print:vuln , truth is patch
------------------------------------------
Detecing CVE:CVE-2018-14468
Detection for: /data/zhangxb//binaries/target_clang/tcpdump/tcpdump-4.99-bp-o0-tcpdump
Result for mfr_print:vuln , truth is patch
------------------------------------------
Detecing CVE:CVE-2018-14469
Detection for: /data/zhangxb//binaries/target_clang/tcpdump/tcpdump-4.9.2-o0-tcpdump
Result for ikev1_n_print:vuln , truth is vuln
------------------------------------------
Detecing CVE:CVE-2018-14469
Detection for: /data/zhangxb//binaries/target_clang/tcpdump/tcpdump-4.9.1-o0-tcpdump
Result for ikev1_n_print:vuln , truth is vuln
------------------------------------------
Detecing CVE:CVE-2018-14469
Detection for: /data/zhangxb//binaries/target_clang/tcpdump/tcpdump-4.9.0-o0-tcpdump
Result for ikev1_n_print:vuln , truth is vuln
------------------------------------------
Detecing CVE:CVE-2018-14469
Detection for: /data/zhangxb//binaries/target_clang/tcpdump/tcpdump-4.9.3-o0-tcpdump
Result for ikev1_n_print:patch , truth is patch
------------------------------------------
Detecing CVE:CVE-2018-14469
Detection for: /data/zhangxb//binaries/target_clang/tcpdump/tcpdump-4.99.0-bp-o0-tcpdump
Result for ikev1_n_print:vuln , truth is patch
------------------------------------------
Detecing CVE:CVE-2018-14469
Detection for: /data/zhangxb//binaries/target_clang/tcpdump/tcpdump-4.99-bp-o0-tcpdump
Result for ikev1_n_print:vuln , truth is patch
------------------------------------------
Detecing CVE:CVE-2018-14470
Detection for: /data/zhangxb//binaries/target_clang/tcpdump/tcpdump-4.9.2-o0-tcpdump
fail to determine
Result for babel_print_v2:None , truth is vuln
------------------------------------------
Detecing CVE:CVE-2018-14470
Detection for: /data/zhangxb//binaries/target_clang/tcpdump/tcpdump-4.9.1-o0-tcpdump
Result for rsvp_obj_print:vuln , truth is patch
------------------------------------------
Detecing CVE:CVE-2018-14466
Detection for: /data/zhangxb//binaries/target_clang/tcpdump/tcpdump-4.9.2-o0-tcpdump
Result for rx_cache_insert:vuln , truth is vuln
fail to determine
Result for rx_cache_find:None , truth is vuln
------------------------------------------
Detecing CVE:CVE-2018-14466
Detection for: /data/zhangxb//binaries/target_clang/tcpdump/tcpdump-4.9.1-o0-tcpdump
Result for rx_cache_insert:vuln , truth is vuln
fail to determine
Result for rx_cache_find:None , truth is vuln
------------------------------------------
Detecing CVE:CVE-2018-14466
Detection for: /data/zhangxb//binaries/target_clang/tcpdump/tcpdump-4.9.0-o0-tcpdump
Result for rx_cache_insert:vuln , truth is vuln
fail to determine
Result for rx_cache_find:None , truth is vuln
------------------------------------------
Detecing CVE:CVE-2018-14466
Detection for: /data/zhangxb//binaries/target_clang/tcpdump/tcpdump-4.9.3-o0-tcpdump
fail to determine
Result for rx_cache_insert:None , truth is patch
fail to determine
Result for rx_cache_find:None , truth is patch
------------------------------------------
Detecing CVE:CVE-2018-14466
fail to determine
Result for babel_print_v2:None , truth is vuln
------------------------------------------
Detecing CVE:CVE-2018-14470
Detection for: /data/zhangxb//binaries/target_clang/tcpdump/tcpdump-4.99.0-bp-o0-tcpdump
fail to determine
Result for rx_cache_insert:None , truth is patch
fail to determine
Result for rx_cache_find:None , truth is patch
------------------------------------------
Detecing CVE:CVE-2018-14466
Detection for: /data/zhangxb//binaries/target_clang/tcpdump/tcpdump-4.9.0-o0-tcpdump
Detection for: /data/zhangxb//binaries/target_clang/tcpdump/tcpdump-4.99-bp-o0-tcpdump
fail to determine
Result for rx_cache_insert:None , truth is patch
fail to determine
Result for rx_cache_find:None , truth is patch
------------------------------------------
Detecing CVE:CVE-2018-14467
Detection for: /data/zhangxb//binaries/target_clang/tcpdump/tcpdump-4.9.2-o0-tcpdump
Result for bgp_capabilities_print:vuln , truth is vuln
------------------------------------------
Detecing CVE:CVE-2018-14467
Detection for: /data/zhangxb//binaries/target_clang/tcpdump/tcpdump-4.9.1-o0-tcpdump
Result for bgp_capabilities_print:vuln , truth is vuln
------------------------------------------
Detecing CVE:CVE-2018-14467
Detection for: /data/zhangxb//binaries/target_clang/tcpdump/tcpdump-4.9.0-o0-tcpdump
fail to determine
Result for babel_print_v2:None , truth is vuln
------------------------------------------
Detecing CVE:CVE-2018-14470
Result for bgp_capabilities_print:vuln , truth is vuln
------------------------------------------
Detecing CVE:CVE-2018-14467
Detection for: /data/zhangxb//binaries/target_clang/tcpdump/tcpdump-4.9.3-o0-tcpdump
Detection for: /data/zhangxb//binaries/target_clang/tcpdump/tcpdump-4.9.3-o0-tcpdump
Result for bgp_capabilities_print:patch , truth is patch
------------------------------------------
Detecing CVE:CVE-2018-14467
Detection for: /data/zhangxb//binaries/target_clang/tcpdump/tcpdump-4.99.0-bp-o0-tcpdump
Result for bgp_capabilities_print:vuln , truth is patch
------------------------------------------
Detecing CVE:CVE-2018-14467
Detection for: /data/zhangxb//binaries/target_clang/tcpdump/tcpdump-4.99-bp-o0-tcpdump
Result for bgp_capabilities_print:vuln , truth is patch
------------------------------------------
Detecing CVE:CVE-2018-14468
Detection for: /data/zhangxb//binaries/target_clang/tcpdump/tcpdump-4.9.2-o0-tcpdump
Result for babel_print_v2:patch , truth is patch
------------------------------------------
Detecing CVE:CVE-2018-14470
Result for mfr_print:vuln , truth is vuln
------------------------------------------
Detecing CVE:CVE-2018-14468
Detection for: /data/zhangxb//binaries/target_clang/tcpdump/tcpdump-4.99.0-bp-o0-tcpdump
fail to determine
Result for babel_print_v2:None , truth is patch
------------------------------------------
Detecing CVE:CVE-2018-14470
Detection for: /data/zhangxb//binaries/target_clang/tcpdump/tcpdump-4.9.1-o0-tcpdump
Result for mfr_print:vuln , truth is vuln
------------------------------------------
Detecing CVE:CVE-2018-14468
Detection for: /data/zhangxb//binaries/target_clang/tcpdump/tcpdump-4.99-bp-o0-tcpdump
fail to determine
Result for babel_print_v2:None , truth is patch
------------------------------------------
Detecing CVE:CVE-2018-14881
Detection for: /data/zhangxb//binaries/target_clang/tcpdump/tcpdump-4.9.0-o0-tcpdump
Result for mfr_print:vuln , truth is vuln
------------------------------------------
Detecing CVE:CVE-2018-14468
Detection for: /data/zhangxb//binaries/target_clang/tcpdump/tcpdump-4.9.2-o0-tcpdump
Detection for: /data/zhangxb//binaries/target_clang/tcpdump/tcpdump-4.9.3-o0-tcpdump
Result for bgp_capabilities_print:vuln , truth is vuln
------------------------------------------
Detecing CVE:CVE-2018-14881
Result for mfr_print:patch , truth is patch
------------------------------------------
Detecing CVE:CVE-2018-14468
Detection for: /data/zhangxb//binaries/target_clang/tcpdump/tcpdump-4.9.1-o0-tcpdump
Result for bgp_capabilities_print:vuln , truth is vuln
------------------------------------------
Detecing CVE:CVE-2018-14881
Detection for: /data/zhangxb//binaries/target_clang/tcpdump/tcpdump-4.99.0-bp-o0-tcpdump
Result for mfr_print:vuln , truth is patch
------------------------------------------
Detecing CVE:CVE-2018-14468
Detection for: /data/zhangxb//binaries/target_clang/tcpdump/tcpdump-4.9.0-o0-tcpdump
Detection for: /data/zhangxb//binaries/target_clang/tcpdump/tcpdump-4.99-bp-o0-tcpdump
Result for mfr_print:vuln , truth is patch
------------------------------------------
Detecing CVE:CVE-2018-14469
Result for bgp_capabilities_print:vuln , truth is vuln
------------------------------------------
Detecing CVE:CVE-2018-14881
Detection for: /data/zhangxb//binaries/target_clang/tcpdump/tcpdump-4.9.3-o0-tcpdump
Detection for: /data/zhangxb//binaries/target_clang/tcpdump/tcpdump-4.9.2-o0-tcpdump
Result for bgp_capabilities_print:patch , truth is patch
------------------------------------------
Detecing CVE:CVE-2018-14881
Result for ikev1_n_print:vuln , truth is vuln
------------------------------------------
Detecing CVE:CVE-2018-14469
Detection for: /data/zhangxb//binaries/target_clang/tcpdump/tcpdump-4.99.0-bp-o0-tcpdump
Detection for: /data/zhangxb//binaries/target_clang/tcpdump/tcpdump-4.9.1-o0-tcpdump
Result for bgp_capabilities_print:vuln , truth is patch
------------------------------------------
Detecing CVE:CVE-2018-14881
Result for ikev1_n_print:vuln , truth is vuln
------------------------------------------
Detecing CVE:CVE-2018-14469
Detection for: /data/zhangxb//binaries/target_clang/tcpdump/tcpdump-4.99-bp-o0-tcpdump
Detection for: /data/zhangxb//binaries/target_clang/tcpdump/tcpdump-4.9.0-o0-tcpdump
Result for ikev1_n_print:vuln , truth is vuln
------------------------------------------
Detecing CVE:CVE-2018-14469
Result for bgp_capabilities_print:vuln , truth is patch
------------------------------------------
Detecing CVE:CVE-2019-15166
Detection for: /data/zhangxb//binaries/target_clang/tcpdump/tcpdump-4.9.3-o0-tcpdump
Detection for: /data/zhangxb//binaries/target_clang/tcpdump/tcpdump-4.9.2-o0-tcpdump
Result for lmp_print_data_link_subobjs:vuln , truth is vuln
Result for ikev1_n_print:patch , truth is patch
------------------------------------------
Detecing CVE:CVE-2018-14469
Detection for: /data/zhangxb//binaries/target_clang/tcpdump/tcpdump-4.99.0-bp-o0-tcpdump
Result for ikev1_n_print:vuln , truth is patch
------------------------------------------
Detecing CVE:CVE-2018-14469
Detection for: /data/zhangxb//binaries/target_clang/tcpdump/tcpdump-4.99-bp-o0-tcpdump
Result for ikev1_n_print:vuln , truth is patch
------------------------------------------
Detecing CVE:CVE-2018-14470
Detection for: /data/zhangxb//binaries/target_clang/tcpdump/tcpdump-4.9.2-o0-tcpdump
fail to determine
Result for babel_print_v2:None , truth is vuln
------------------------------------------
Detecing CVE:CVE-2018-14470
Detection for: /data/zhangxb//binaries/target_clang/tcpdump/tcpdump-4.9.1-o0-tcpdump
fail to determine
Result for babel_print_v2:None , truth is vuln
------------------------------------------
Detecing CVE:CVE-2018-14470
Detection for: /data/zhangxb//binaries/target_clang/tcpdump/tcpdump-4.9.0-o0-tcpdump
fail to determine
Result for lmp_print:None , truth is vuln
------------------------------------------
Detecing CVE:CVE-2019-15166
Detection for: /data/zhangxb//binaries/target_clang/tcpdump/tcpdump-4.9.1-o0-tcpdump
Result for lmp_print_data_link_subobjs:None , truth is vuln
fail to determine
Result for babel_print_v2:None , truth is vuln
------------------------------------------
Detecing CVE:CVE-2018-14470
Detection for: /data/zhangxb//binaries/target_clang/tcpdump/tcpdump-4.9.3-o0-tcpdump
fail to determine
Result for lmp_print:None , truth is vuln
------------------------------------------
Detecing CVE:CVE-2019-15166
Detection for: /data/zhangxb//binaries/target_clang/tcpdump/tcpdump-4.9.0-o0-tcpdump
Result for lmp_print_data_link_subobjs:None , truth is vuln
Result for babel_print_v2:patch , truth is patch
------------------------------------------
Detecing CVE:CVE-2018-14470
Detection for: /data/zhangxb//binaries/target_clang/tcpdump/tcpdump-4.99.0-bp-o0-tcpdump
fail to determine
Result for babel_print_v2:None , truth is patch
------------------------------------------
Detecing CVE:CVE-2018-14470
Detection for: /data/zhangxb//binaries/target_clang/tcpdump/tcpdump-4.99-bp-o0-tcpdump
fail to determine
Result for babel_print_v2:None , truth is patch
------------------------------------------
Detecing CVE:CVE-2018-14881
Detection for: /data/zhangxb//binaries/target_clang/tcpdump/tcpdump-4.9.2-o0-tcpdump
Result for bgp_capabilities_print:vuln , truth is vuln
------------------------------------------
Detecing CVE:CVE-2018-14881
Detection for: /data/zhangxb//binaries/target_clang/tcpdump/tcpdump-4.9.1-o0-tcpdump
fail to determine
Result for lmp_print:None , truth is vuln
------------------------------------------
Detecing CVE:CVE-2019-15166
Result for bgp_capabilities_print:vuln , truth is vuln
------------------------------------------
Detecing CVE:CVE-2018-14881
Detection for: /data/zhangxb//binaries/target_clang/tcpdump/tcpdump-4.9.3-o0-tcpdump
Detection for: /data/zhangxb//binaries/target_clang/tcpdump/tcpdump-4.9.0-o0-tcpdump
Result for lmp_print_data_link_subobjs:patch , truth is patch
Result for bgp_capabilities_print:vuln , truth is vuln
------------------------------------------
Detecing CVE:CVE-2018-14881
Detection for: /data/zhangxb//binaries/target_clang/tcpdump/tcpdump-4.9.3-o0-tcpdump
Result for bgp_capabilities_print:patch , truth is patch
------------------------------------------
Detecing CVE:CVE-2018-14881
Detection for: /data/zhangxb//binaries/target_clang/tcpdump/tcpdump-4.99.0-bp-o0-tcpdump
Result for bgp_capabilities_print:vuln , truth is patch
------------------------------------------
Detecing CVE:CVE-2018-14881
Detection for: /data/zhangxb//binaries/target_clang/tcpdump/tcpdump-4.99-bp-o0-tcpdump
Result for bgp_capabilities_print:vuln , truth is patch
------------------------------------------
Detecing CVE:CVE-2019-15166
Detection for: /data/zhangxb//binaries/target_clang/tcpdump/tcpdump-4.9.2-o0-tcpdump
Result for lmp_print_data_link_subobjs:vuln , truth is vuln
fail to determine
Result for lmp_print:None , truth is patch
------------------------------------------
Detecing CVE:CVE-2019-15166
Detection for: /data/zhangxb//binaries/target_clang/tcpdump/tcpdump-4.99.0-bp-o0-tcpdump
Result for lmp_print_data_link_subobjs:vuln , truth is patch
fail to determine
Result for lmp_print:None , truth is vuln
------------------------------------------
Detecing CVE:CVE-2019-15166
Detection for: /data/zhangxb//binaries/target_clang/tcpdump/tcpdump-4.9.1-o0-tcpdump
Result for lmp_print_data_link_subobjs:None , truth is vuln
fail to determine
Result for lmp_print:None , truth is vuln
------------------------------------------
Detecing CVE:CVE-2019-15166
Detection for: /data/zhangxb//binaries/target_clang/tcpdump/tcpdump-4.9.0-o0-tcpdump
Result for lmp_print_data_link_subobjs:None , truth is vuln
fail to determine
Result for lmp_print:None , truth is patch
------------------------------------------
Detecing CVE:CVE-2019-15166
Detection for: /data/zhangxb//binaries/target_clang/tcpdump/tcpdump-4.99-bp-o0-tcpdump
Result for lmp_print_data_link_subobjs:vuln , truth is patch
fail to determine
Result for lmp_print:None , truth is vuln
------------------------------------------
Detecing CVE:CVE-2019-15166
Detection for: /data/zhangxb//binaries/target_clang/tcpdump/tcpdump-4.9.3-o0-tcpdump
Result for lmp_print_data_link_subobjs:patch , truth is patch
fail to determine
Result for lmp_print:None , truth is patch
------------------------------------------
Detecing CVE:CVE-2019-15167
fail to determine
Result for lmp_print:None , truth is patch
------------------------------------------
Detecing CVE:CVE-2019-15166
Detection for: /data/zhangxb//binaries/target_clang/tcpdump/tcpdump-4.9.2-o0-tcpdump
Detection for: /data/zhangxb//binaries/target_clang/tcpdump/tcpdump-4.99.0-bp-o0-tcpdump
Result for vrrp_print:vuln , truth is vuln
------------------------------------------
Detecing CVE:CVE-2019-15167
Result for lmp_print_data_link_subobjs:vuln , truth is patch
Detection for: /data/zhangxb//binaries/target_clang/tcpdump/tcpdump-4.9.1-o0-tcpdump
Result for vrrp_print:vuln , truth is vuln
------------------------------------------
Detecing CVE:CVE-2019-15167
Detection for: /data/zhangxb//binaries/target_clang/tcpdump/tcpdump-4.9.0-o0-tcpdump
Result for vrrp_print:vuln , truth is vuln
------------------------------------------
Detecing CVE:CVE-2019-15167
Detection for: /data/zhangxb//binaries/target_clang/tcpdump/tcpdump-4.9.3-o0-tcpdump
Result for vrrp_print:patch , truth is patch
------------------------------------------
Detecing CVE:CVE-2019-15167
Detection for: /data/zhangxb//binaries/target_clang/tcpdump/tcpdump-4.99.0-bp-o0-tcpdump
Result for vrrp_print:vuln , truth is patch
------------------------------------------
Detecing CVE:CVE-2019-15167
Detection for: /data/zhangxb//binaries/target_clang/tcpdump/tcpdump-4.99-bp-o0-tcpdump
Result for vrrp_print:vuln , truth is patch
------------------------------------------
Detecing CVE:CVE-2018-14880
Detection for: /data/zhangxb//binaries/target_clang/tcpdump/tcpdump-4.9.2-o0-tcpdump
Result for ospf6_print_lshdr:vuln , truth is vuln
------------------------------------------
Detecing CVE:CVE-2018-14880
Detection for: /data/zhangxb//binaries/target_clang/tcpdump/tcpdump-4.9.1-o0-tcpdump
Result for ospf6_print_lshdr:vuln , truth is vuln
------------------------------------------
Detecing CVE:CVE-2018-14880
Detection for: /data/zhangxb//binaries/target_clang/tcpdump/tcpdump-4.9.0-o0-tcpdump
Result for ospf6_print_lshdr:vuln , truth is vuln
------------------------------------------
Detecing CVE:CVE-2018-14880
Detection for: /data/zhangxb//binaries/target_clang/tcpdump/tcpdump-4.9.3-o0-tcpdump
Result for ospf6_print_lshdr:patch , truth is patch
------------------------------------------
Detecing CVE:CVE-2018-14880
Detection for: /data/zhangxb//binaries/target_clang/tcpdump/tcpdump-4.99.0-bp-o0-tcpdump
fail to determine
Result for ospf6_print_lshdr:None , truth is patch
------------------------------------------
Detecing CVE:CVE-2018-14880
Detection for: /data/zhangxb//binaries/target_clang/tcpdump/tcpdump-4.99-bp-o0-tcpdump
fail to determine
Result for ospf6_print_lshdr:None , truth is patch
------------------------------------------
Detecing CVE:CVE-2018-14882
Detection for: /data/zhangxb//binaries/target_clang/tcpdump/tcpdump-4.9.2-o0-tcpdump
Result for rpl_dio_printopt:patch , truth is vuln
Result for rpl_dio_print:vuln , truth is vuln
Result for rpl_dao_print:vuln , truth is vuln
Result for rpl_daoack_print:vuln , truth is vuln
fail to determine
Result for icmp6_print:None , truth is vuln
Result for icmp6_opt_print:vuln , truth is vuln
fail to determine
Result for mldv2_report_print:None , truth is vuln
fail to determine
Result for mldv2_query_print:None , truth is vuln
fail to determine
Result for lmp_print:None , truth is patch
------------------------------------------
Detecing CVE:CVE-2019-15166
Detection for: /data/zhangxb//binaries/target_clang/tcpdump/tcpdump-4.99-bp-o0-tcpdump
Result for lmp_print_data_link_subobjs:vuln , truth is patch
Result for icmp6_nodeinfo_print:vuln , truth is vuln
fail to determine
Result for icmp6_rrenum_print:None , truth is vuln
------------------------------------------
Detecing CVE:CVE-2018-14882
Detection for: /data/zhangxb//binaries/target_clang/tcpdump/tcpdump-4.9.1-o0-tcpdump
Result for rpl_dio_printopt:patch , truth is vuln
Result for rpl_dio_print:vuln , truth is vuln
Result for rpl_dao_print:vuln , truth is vuln
Result for rpl_daoack_print:vuln , truth is vuln
fail to determine
Result for icmp6_print:None , truth is vuln
Result for icmp6_opt_print:vuln , truth is vuln
fail to determine
Result for mldv2_report_print:None , truth is vuln
fail to determine
Result for mldv2_query_print:None , truth is vuln
Result for icmp6_nodeinfo_print:vuln , truth is vuln
fail to determine
Result for icmp6_rrenum_print:None , truth is vuln
------------------------------------------
Detecing CVE:CVE-2018-14882
Detection for: /data/zhangxb//binaries/target_clang/tcpdump/tcpdump-4.9.0-o0-tcpdump
Result for rpl_dio_printopt:patch , truth is vuln
Result for rpl_dio_print:vuln , truth is vuln
Result for rpl_dao_print:vuln , truth is vuln
Result for rpl_daoack_print:vuln , truth is vuln
fail to determine
Result for icmp6_print:None , truth is vuln
Result for icmp6_opt_print:vuln , truth is vuln
fail to determine
Result for mldv2_report_print:None , truth is vuln
fail to determine
Result for mldv2_query_print:None , truth is vuln
fail to determine
Result for lmp_print:None , truth is patch
------------------------------------------
Detecing CVE:CVE-2019-15167
Result for icmp6_nodeinfo_print:vuln , truth is vuln
Detection for: /data/zhangxb//binaries/target_clang/tcpdump/tcpdump-4.9.2-o0-tcpdump
Result for vrrp_print:vuln , truth is vuln
------------------------------------------
Detecing CVE:CVE-2019-15167
fail to determine
Result for icmp6_rrenum_print:None , truth is vuln
------------------------------------------
Detecing CVE:CVE-2018-14882
Detection for: /data/zhangxb//binaries/target_clang/tcpdump/tcpdump-4.9.1-o0-tcpdump
Detection for: /data/zhangxb//binaries/target_clang/tcpdump/tcpdump-4.9.3-o0-tcpdump
Result for rpl_dio_printopt:patch , truth is patch
Result for rpl_dio_print:patch , truth is patch
fail to determine
Result for rpl_dao_print:None , truth is patch
Result for vrrp_print:vuln , truth is vuln
------------------------------------------
Detecing CVE:CVE-2019-15167
fail to determine
Result for rpl_daoack_print:None , truth is patch
Detection for: /data/zhangxb//binaries/target_clang/tcpdump/tcpdump-4.9.0-o0-tcpdump
Result for vrrp_print:vuln , truth is vuln
------------------------------------------
Detecing CVE:CVE-2019-15167
fail to determine
Result for icmp6_print:None , truth is patch
Detection for: /data/zhangxb//binaries/target_clang/tcpdump/tcpdump-4.9.3-o0-tcpdump
fail to determine
Result for icmp6_opt_print:None , truth is patch
Result for vrrp_print:patch , truth is patch
------------------------------------------
Detecing CVE:CVE-2019-15167
fail to determine
Result for mldv2_report_print:None , truth is patch
fail to determine
Result for mldv2_query_print:None , truth is patch
Detection for: /data/zhangxb//binaries/target_clang/tcpdump/tcpdump-4.99.0-bp-o0-tcpdump
Result for vrrp_print:vuln , truth is patch
------------------------------------------
Detecing CVE:CVE-2019-15167
Detection for: /data/zhangxb//binaries/target_clang/tcpdump/tcpdump-4.99-bp-o0-tcpdump
Result for vrrp_print:vuln , truth is patch
------------------------------------------
Detecing CVE:CVE-2018-14880
Detection for: /data/zhangxb//binaries/target_clang/tcpdump/tcpdump-4.9.2-o0-tcpdump
fail to determine
Result for icmp6_nodeinfo_print:None , truth is patch
Result for ospf6_print_lshdr:vuln , truth is vuln
------------------------------------------
Detecing CVE:CVE-2018-14880
Detection for: /data/zhangxb//binaries/target_clang/tcpdump/tcpdump-4.9.1-o0-tcpdump
Result for ospf6_print_lshdr:vuln , truth is vuln
------------------------------------------
Detecing CVE:CVE-2018-14880
fail to determine
Result for icmp6_rrenum_print:None , truth is patch
------------------------------------------
Detecing CVE:CVE-2018-14882
Detection for: /data/zhangxb//binaries/target_clang/tcpdump/tcpdump-4.9.0-o0-tcpdump
Detection for: /data/zhangxb//binaries/target_clang/tcpdump/tcpdump-4.99.0-bp-o0-tcpdump
Result for rpl_dio_printopt:None , truth is patch
fail to determine
Result for rpl_dio_print:None , truth is patch
Result for ospf6_print_lshdr:vuln , truth is vuln
------------------------------------------
Detecing CVE:CVE-2018-14880
fail to determine
Result for rpl_dao_print:None , truth is patch
fail to determine
Result for rpl_daoack_print:None , truth is patch
Detection for: /data/zhangxb//binaries/target_clang/tcpdump/tcpdump-4.9.3-o0-tcpdump
Result for ospf6_print_lshdr:patch , truth is patch
------------------------------------------
Detecing CVE:CVE-2018-14880
Detection for: /data/zhangxb//binaries/target_clang/tcpdump/tcpdump-4.99.0-bp-o0-tcpdump
fail to determine
Result for ospf6_print_lshdr:None , truth is patch
------------------------------------------
Detecing CVE:CVE-2018-14880
fail to determine
Result for icmp6_print:None , truth is patch
Detection for: /data/zhangxb//binaries/target_clang/tcpdump/tcpdump-4.99-bp-o0-tcpdump
fail to determine
Result for icmp6_opt_print:None , truth is patch
fail to determine
Result for ospf6_print_lshdr:None , truth is patch
------------------------------------------
Detecing CVE:CVE-2018-14882
fail to determine
Result for mldv2_report_print:None , truth is patch
fail to determine
Result for mldv2_query_print:None , truth is patch
Detection for: /data/zhangxb//binaries/target_clang/tcpdump/tcpdump-4.9.2-o0-tcpdump
Result for rpl_dio_printopt:patch , truth is vuln
Result for rpl_dio_print:vuln , truth is vuln
Result for rpl_dao_print:vuln , truth is vuln
Result for rpl_daoack_print:vuln , truth is vuln
fail to determine
Result for icmp6_nodeinfo_print:None , truth is patch
fail to determine
Result for icmp6_print:None , truth is vuln
Result for icmp6_opt_print:vuln , truth is vuln
fail to determine
Result for mldv2_report_print:None , truth is vuln
fail to determine
Result for icmp6_rrenum_print:None , truth is patch
------------------------------------------
Detecing CVE:CVE-2018-14882
fail to determine
Result for mldv2_query_print:None , truth is vuln
Detection for: /data/zhangxb//binaries/target_clang/tcpdump/tcpdump-4.99-bp-o0-tcpdump
Result for rpl_dio_printopt:None , truth is patch
fail to determine
Result for rpl_dio_print:None , truth is patch
fail to determine
Result for rpl_dao_print:None , truth is patch
fail to determine
Result for rpl_daoack_print:None , truth is patch
Result for icmp6_nodeinfo_print:vuln , truth is vuln
fail to determine
Result for icmp6_print:None , truth is patch
fail to determine
Result for icmp6_opt_print:None , truth is patch
fail to determine
Result for mldv2_report_print:None , truth is patch
fail to determine
Result for icmp6_rrenum_print:None , truth is vuln
------------------------------------------
Detecing CVE:CVE-2018-14882
fail to determine
Result for mldv2_query_print:None , truth is patch
Detection for: /data/zhangxb//binaries/target_clang/tcpdump/tcpdump-4.9.1-o0-tcpdump
Result for rpl_dio_printopt:patch , truth is vuln
Result for rpl_dio_print:vuln , truth is vuln
Result for rpl_dao_print:vuln , truth is vuln
Result for rpl_daoack_print:vuln , truth is vuln
fail to determine
Result for icmp6_nodeinfo_print:None , truth is patch
fail to determine
Result for icmp6_print:None , truth is vuln
Result for icmp6_opt_print:vuln , truth is vuln
fail to determine
Result for icmp6_rrenum_print:None , truth is patch
------------------------------------------
Detecing CVE:CVE-2018-16227
fail to determine
Result for mldv2_report_print:None , truth is vuln
fail to determine
Result for mldv2_query_print:None , truth is vuln
Detection for: /data/zhangxb//binaries/target_clang/tcpdump/tcpdump-4.9.2-o0-tcpdump
Result for ieee802_11_print:vuln , truth is vuln
------------------------------------------
Detecing CVE:CVE-2018-16227
Detection for: /data/zhangxb//binaries/target_clang/tcpdump/tcpdump-4.9.1-o0-tcpdump
Result for ieee802_11_print:vuln , truth is vuln
------------------------------------------
Detecing CVE:CVE-2018-16227
Detection for: /data/zhangxb//binaries/target_clang/tcpdump/tcpdump-4.9.0-o0-tcpdump
Result for ieee802_11_print:vuln , truth is vuln
------------------------------------------
Detecing CVE:CVE-2018-16227
Result for icmp6_nodeinfo_print:vuln , truth is vuln
Detection for: /data/zhangxb//binaries/target_clang/tcpdump/tcpdump-4.9.3-o0-tcpdump
Result for ieee802_11_print:patch , truth is patch
------------------------------------------
Detecing CVE:CVE-2018-16227
fail to determine
Result for icmp6_rrenum_print:None , truth is vuln
------------------------------------------
Detecing CVE:CVE-2018-14882
Detection for: /data/zhangxb//binaries/target_clang/tcpdump/tcpdump-4.99.0-bp-o0-tcpdump
Result for ieee802_11_print:vuln , truth is patch
------------------------------------------
Detecing CVE:CVE-2018-16227
Detection for: /data/zhangxb//binaries/target_clang/tcpdump/tcpdump-4.9.0-o0-tcpdump
Result for rpl_dio_printopt:patch , truth is vuln
Result for rpl_dio_print:vuln , truth is vuln
Result for rpl_dao_print:vuln , truth is vuln
Detection for: /data/zhangxb//binaries/target_clang/tcpdump/tcpdump-4.99-bp-o0-tcpdump
Result for rpl_daoack_print:vuln , truth is vuln
Result for ieee802_11_print:vuln , truth is patch
------------------------------------------
Detecing CVE:CVE-2018-16228
Detection for: /data/zhangxb//binaries/target_clang/tcpdump/tcpdump-4.9.2-o0-tcpdump
Result for print_prefix:vuln , truth is vuln
------------------------------------------
Detecing CVE:CVE-2018-16228
Detection for: /data/zhangxb//binaries/target_clang/tcpdump/tcpdump-4.9.1-o0-tcpdump
Result for print_prefix:vuln , truth is vuln
------------------------------------------
Detecing CVE:CVE-2018-16228
fail to determine
Result for icmp6_print:None , truth is vuln
Detection for: /data/zhangxb//binaries/target_clang/tcpdump/tcpdump-4.9.0-o0-tcpdump
Result for print_prefix:vuln , truth is vuln
------------------------------------------
Detecing CVE:CVE-2018-16228
Result for icmp6_opt_print:vuln , truth is vuln
fail to determine
Result for mldv2_report_print:None , truth is vuln
Detection for: /data/zhangxb//binaries/target_clang/tcpdump/tcpdump-4.9.3-o0-tcpdump
fail to determine
Result for mldv2_query_print:None , truth is vuln
Result for print_prefix:patch , truth is patch
------------------------------------------
Detecing CVE:CVE-2018-16228
Detection for: /data/zhangxb//binaries/target_clang/tcpdump/tcpdump-4.99.0-bp-o0-tcpdump
Result for print_prefix:patch , truth is patch
------------------------------------------
Detecing CVE:CVE-2018-16228
Detection for: /data/zhangxb//binaries/target_clang/tcpdump/tcpdump-4.99-bp-o0-tcpdump
Result for print_prefix:patch , truth is patch
------------------------------------------
Detecing CVE:CVE-2018-16229
Detection for: /data/zhangxb//binaries/target_clang/tcpdump/tcpdump-4.9.2-o0-tcpdump
Result for icmp6_nodeinfo_print:vuln , truth is vuln
Result for dccp_print_option:patch , truth is vuln
------------------------------------------
Detecing CVE:CVE-2018-16229
fail to determine
Result for icmp6_rrenum_print:None , truth is vuln
------------------------------------------
Detecing CVE:CVE-2018-14882
Detection for: /data/zhangxb//binaries/target_clang/tcpdump/tcpdump-4.9.1-o0-tcpdump
Detection for: /data/zhangxb//binaries/target_clang/tcpdump/tcpdump-4.9.3-o0-tcpdump
Result for rpl_dio_printopt:patch , truth is patch
Result for rpl_dio_print:patch , truth is patch
fail to determine
Result for rpl_dao_print:None , truth is patch
fail to determine
Result for rpl_daoack_print:None , truth is patch
Result for dccp_print_option:patch , truth is vuln
------------------------------------------
Detecing CVE:CVE-2018-16229
Detection for: /data/zhangxb//binaries/target_clang/tcpdump/tcpdump-4.9.0-o0-tcpdump
fail to determine
Result for icmp6_print:None , truth is patch
Result for dccp_print_option:patch , truth is vuln
------------------------------------------
Detecing CVE:CVE-2018-16229
fail to determine
Result for icmp6_opt_print:None , truth is patch
fail to determine
Result for mldv2_report_print:None , truth is patch
Detection for: /data/zhangxb//binaries/target_clang/tcpdump/tcpdump-4.9.3-o0-tcpdump
fail to determine
Result for mldv2_query_print:None , truth is patch
Result for dccp_print_option:patch , truth is patch
------------------------------------------
Detecing CVE:CVE-2018-16229
Detection for: /data/zhangxb//binaries/target_clang/tcpdump/tcpdump-4.99.0-bp-o0-tcpdump
fail to determine
Result for icmp6_nodeinfo_print:None , truth is patch
fail to determine
Result for dccp_print_option:None , truth is patch
------------------------------------------
Detecing CVE:CVE-2018-16229
fail to determine
Result for icmp6_rrenum_print:None , truth is patch
------------------------------------------
Detecing CVE:CVE-2018-14882
Detection for: /data/zhangxb//binaries/target_clang/tcpdump/tcpdump-4.99-bp-o0-tcpdump
Detection for: /data/zhangxb//binaries/target_clang/tcpdump/tcpdump-4.99.0-bp-o0-tcpdump
Result for rpl_dio_printopt:None , truth is patch
fail to determine
Result for rpl_dio_print:None , truth is patch
fail to determine
Result for rpl_dao_print:None , truth is patch
fail to determine
Result for rpl_daoack_print:None , truth is patch
fail to determine
Result for dccp_print_option:None , truth is patch
------------------------------------------
Detecing CVE:CVE-2018-16230
Detection for: /data/zhangxb//binaries/target_clang/tcpdump/tcpdump-4.9.2-o0-tcpdump
fail to determine
Result for icmp6_print:None , truth is patch
fail to determine
Result for icmp6_opt_print:None , truth is patch
fail to determine
Result for mldv2_report_print:None , truth is patch
fail to determine
Result for mldv2_query_print:None , truth is patch
fail to determine
Result for icmp6_nodeinfo_print:None , truth is patch
fail to determine
Result for icmp6_rrenum_print:None , truth is patch
------------------------------------------
Detecing CVE:CVE-2018-14882
Detection for: /data/zhangxb//binaries/target_clang/tcpdump/tcpdump-4.99-bp-o0-tcpdump
Result for rpl_dio_printopt:None , truth is patch
fail to determine
Result for rpl_dio_print:None , truth is patch
fail to determine
Result for rpl_dao_print:None , truth is patch
fail to determine
Result for rpl_daoack_print:None , truth is patch
fail to determine
Result for icmp6_print:None , truth is patch
fail to determine
Result for icmp6_opt_print:None , truth is patch
fail to determine
Result for mldv2_report_print:None , truth is patch
fail to determine
Result for mldv2_query_print:None , truth is patch
fail to determine
Result for icmp6_nodeinfo_print:None , truth is patch
fail to determine
Result for icmp6_rrenum_print:None , truth is patch
------------------------------------------
Detecing CVE:CVE-2018-16227
Detection for: /data/zhangxb//binaries/target_clang/tcpdump/tcpdump-4.9.2-o0-tcpdump
Result for ieee802_11_print:vuln , truth is vuln
------------------------------------------
Detecing CVE:CVE-2018-16227
Detection for: /data/zhangxb//binaries/target_clang/tcpdump/tcpdump-4.9.1-o0-tcpdump
Result for ieee802_11_print:vuln , truth is vuln
------------------------------------------
Detecing CVE:CVE-2018-16227
Detection for: /data/zhangxb//binaries/target_clang/tcpdump/tcpdump-4.9.0-o0-tcpdump
Result for ieee802_11_print:vuln , truth is vuln
------------------------------------------
Detecing CVE:CVE-2018-16227
Detection for: /data/zhangxb//binaries/target_clang/tcpdump/tcpdump-4.9.3-o0-tcpdump
Result for ieee802_11_print:patch , truth is patch
------------------------------------------
Detecing CVE:CVE-2018-16227
Detection for: /data/zhangxb//binaries/target_clang/tcpdump/tcpdump-4.99.0-bp-o0-tcpdump
Result for ieee802_11_print:vuln , truth is patch
------------------------------------------
Detecing CVE:CVE-2018-16227
Detection for: /data/zhangxb//binaries/target_clang/tcpdump/tcpdump-4.99-bp-o0-tcpdump
Result for ieee802_11_print:vuln , truth is patch
------------------------------------------
Detecing CVE:CVE-2018-16228
Detection for: /data/zhangxb//binaries/target_clang/tcpdump/tcpdump-4.9.2-o0-tcpdump
Result for print_prefix:vuln , truth is vuln
------------------------------------------
Detecing CVE:CVE-2018-16228
Detection for: /data/zhangxb//binaries/target_clang/tcpdump/tcpdump-4.9.1-o0-tcpdump
Result for print_prefix:vuln , truth is vuln
------------------------------------------
Detecing CVE:CVE-2018-16228
Detection for: /data/zhangxb//binaries/target_clang/tcpdump/tcpdump-4.9.0-o0-tcpdump
Result for print_prefix:vuln , truth is vuln
------------------------------------------
Detecing CVE:CVE-2018-16228
Detection for: /data/zhangxb//binaries/target_clang/tcpdump/tcpdump-4.9.3-o0-tcpdump
Result for print_prefix:patch , truth is patch
------------------------------------------
Detecing CVE:CVE-2018-16228
Detection for: /data/zhangxb//binaries/target_clang/tcpdump/tcpdump-4.99.0-bp-o0-tcpdump
Result for print_prefix:patch , truth is patch
------------------------------------------
Detecing CVE:CVE-2018-16228
Detection for: /data/zhangxb//binaries/target_clang/tcpdump/tcpdump-4.99-bp-o0-tcpdump
Result for print_prefix:patch , truth is patch
------------------------------------------
Detecing CVE:CVE-2018-16229
Detection for: /data/zhangxb//binaries/target_clang/tcpdump/tcpdump-4.9.2-o0-tcpdump
NotImplementedError Ijk_Ret
Result for dccp_print_option:patch , truth is vuln
------------------------------------------
Detecing CVE:CVE-2018-16229
Detection for: /data/zhangxb//binaries/target_clang/tcpdump/tcpdump-4.9.1-o0-tcpdump
Result for dccp_print_option:patch , truth is vuln
------------------------------------------
Detecing CVE:CVE-2018-16229
Detection for: /data/zhangxb//binaries/target_clang/tcpdump/tcpdump-4.9.0-o0-tcpdump
Result for bgp_attr_print:patch , truth is vuln
------------------------------------------
Detecing CVE:CVE-2018-16230
Detection for: /data/zhangxb//binaries/target_clang/tcpdump/tcpdump-4.9.1-o0-tcpdump
Result for dccp_print_option:patch , truth is vuln
------------------------------------------
Detecing CVE:CVE-2018-16229
Detection for: /data/zhangxb//binaries/target_clang/tcpdump/tcpdump-4.9.3-o0-tcpdump
Result for dccp_print_option:patch , truth is patch
------------------------------------------
Detecing CVE:CVE-2018-16229
Detection for: /data/zhangxb//binaries/target_clang/tcpdump/tcpdump-4.99.0-bp-o0-tcpdump
fail to determine
Result for dccp_print_option:None , truth is patch
------------------------------------------
Detecing CVE:CVE-2018-16229
Detection for: /data/zhangxb//binaries/target_clang/tcpdump/tcpdump-4.99-bp-o0-tcpdump
fail to determine
Result for dccp_print_option:None , truth is patch
------------------------------------------
Detecing CVE:CVE-2018-16230
Detection for: /data/zhangxb//binaries/target_clang/tcpdump/tcpdump-4.9.2-o0-tcpdump
NotImplementedError Ijk_Ret
Result for bgp_attr_print:patch , truth is vuln
------------------------------------------
Detecing CVE:CVE-2018-16230
Detection for: /data/zhangxb//binaries/target_clang/tcpdump/tcpdump-4.9.0-o0-tcpdump
NotImplementedError Ijk_Ret
Result for bgp_attr_print:patch , truth is vuln
------------------------------------------
Detecing CVE:CVE-2018-16230
Detection for: /data/zhangxb//binaries/target_clang/tcpdump/tcpdump-4.9.1-o0-tcpdump
NotImplementedError Ijk_Ret
Result for bgp_attr_print:patch , truth is vuln
------------------------------------------
Detecing CVE:CVE-2018-16230
Detection for: /data/zhangxb//binaries/target_clang/tcpdump/tcpdump-4.9.3-o0-tcpdump
NotImplementedError Ijk_Ret
Result for bgp_attr_print:patch , truth is vuln
------------------------------------------
Detecing CVE:CVE-2018-16230
Detection for: /data/zhangxb//binaries/target_clang/tcpdump/tcpdump-4.9.0-o0-tcpdump
NotImplementedError Ijk_Ret
Result for bgp_attr_print:patch , truth is patch
------------------------------------------
Detecing CVE:CVE-2018-16230
Detection for: /data/zhangxb//binaries/target_clang/tcpdump/tcpdump-4.99.0-bp-o0-tcpdump
NotImplementedError Ijk_Ret
Result for bgp_attr_print:patch , truth is vuln
------------------------------------------
Detecing CVE:CVE-2018-16230
Detection for: /data/zhangxb//binaries/target_clang/tcpdump/tcpdump-4.9.3-o0-tcpdump
NotImplementedError Ijk_Ret
fail to determine
Result for bgp_attr_print:None , truth is patch
------------------------------------------
Detecing CVE:CVE-2018-16230
Detection for: /data/zhangxb//binaries/target_clang/tcpdump/tcpdump-4.99-bp-o0-tcpdump
NotImplementedError Ijk_Ret
fail to determine
Result for bgp_attr_print:None , truth is patch
------------------------------------------
Detecing CVE:CVE-2018-16300
Detection for: /data/zhangxb//binaries/target_clang/tcpdump/tcpdump-4.9.2-o0-tcpdump
NotImplementedError Ijk_Ret
Result for bgp_attr_print:patch , truth is patch
------------------------------------------
Detecing CVE:CVE-2018-16230
Detection for: /data/zhangxb//binaries/target_clang/tcpdump/tcpdump-4.99.0-bp-o0-tcpdump
NotImplementedError Ijk_Ret
NotImplementedError Ijk_Ret
fail to determine
Result for bgp_attr_print:None , truth is patch
------------------------------------------
Detecing CVE:CVE-2018-16230
Detection for: /data/zhangxb//binaries/target_clang/tcpdump/tcpdump-4.99-bp-o0-tcpdump
Result for bgp_attr_print:patch , truth is vuln
fail to determine
Result for bgp_update_print:None , truth is vuln
------------------------------------------
Detecing CVE:CVE-2018-16300
Detection for: /data/zhangxb//binaries/target_clang/tcpdump/tcpdump-4.9.1-o0-tcpdump
NotImplementedError Ijk_Ret
fail to determine
Result for bgp_attr_print:None , truth is patch
------------------------------------------
Detecing CVE:CVE-2018-16300
Detection for: /data/zhangxb//binaries/target_clang/tcpdump/tcpdump-4.9.2-o0-tcpdump
NotImplementedError Ijk_Ret
Result for bgp_attr_print:patch , truth is vuln
fail to determine
Result for bgp_update_print:None , truth is vuln
------------------------------------------
Detecing CVE:CVE-2018-16300
Detection for: /data/zhangxb//binaries/target_clang/tcpdump/tcpdump-4.9.0-o0-tcpdump
NotImplementedError Ijk_Ret
Result for bgp_attr_print:patch , truth is vuln
fail to determine
Result for bgp_update_print:None , truth is vuln
------------------------------------------
Detecing CVE:CVE-2018-16300
Detection for: /data/zhangxb//binaries/target_clang/tcpdump/tcpdump-4.9.1-o0-tcpdump
NotImplementedError Ijk_Ret
Result for bgp_attr_print:patch , truth is vuln
fail to determine
Result for bgp_update_print:None , truth is vuln
------------------------------------------
Detecing CVE:CVE-2018-16300
Detection for: /data/zhangxb//binaries/target_clang/tcpdump/tcpdump-4.9.3-o0-tcpdump
NotImplementedError Ijk_Ret
Result for bgp_attr_print:patch , truth is vuln
fail to determine
Result for bgp_update_print:None , truth is vuln
------------------------------------------
Detecing CVE:CVE-2018-16300
Detection for: /data/zhangxb//binaries/target_clang/tcpdump/tcpdump-4.9.0-o0-tcpdump
NotImplementedError Ijk_Ret
Result for bgp_attr_print:patch , truth is patch
fail to determine
Result for bgp_update_print:None , truth is patch
------------------------------------------
Detecing CVE:CVE-2018-16300
Detection for: /data/zhangxb//binaries/target_clang/tcpdump/tcpdump-4.99.0-bp-o0-tcpdump
NotImplementedError Ijk_Ret
Result for bgp_attr_print:patch , truth is vuln
fail to determine
Result for bgp_update_print:None , truth is vuln
------------------------------------------
Detecing CVE:CVE-2018-16300
NotImplementedError Ijk_Ret
Detection for: /data/zhangxb//binaries/target_clang/tcpdump/tcpdump-4.9.3-o0-tcpdump
fail to determine
Result for bgp_attr_print:None , truth is patch
fail to determine
Result for bgp_update_print:None , truth is patch
------------------------------------------
Detecing CVE:CVE-2018-16300
Detection for: /data/zhangxb//binaries/target_clang/tcpdump/tcpdump-4.99-bp-o0-tcpdump
NotImplementedError Ijk_Ret
fail to determine
Result for bgp_attr_print:None , truth is patch
fail to determine
Result for bgp_update_print:None , truth is patch
------------------------------------------
Detecing CVE:CVE-2018-16451
Detection for: /data/zhangxb//binaries/target_clang/tcpdump/tcpdump-4.9.2-o0-tcpdump
fail to determine
Result for print_trans:None , truth is vuln
------------------------------------------
Detecing CVE:CVE-2018-16451
Detection for: /data/zhangxb//binaries/target_clang/tcpdump/tcpdump-4.9.1-o0-tcpdump
fail to determine
Result for print_trans:None , truth is vuln
------------------------------------------
Detecing CVE:CVE-2018-16451
Detection for: /data/zhangxb//binaries/target_clang/tcpdump/tcpdump-4.9.0-o0-tcpdump
fail to determine
Result for print_trans:None , truth is vuln
------------------------------------------
Detecing CVE:CVE-2018-16451
Detection for: /data/zhangxb//binaries/target_clang/tcpdump/tcpdump-4.9.3-o0-tcpdump
no function dict_keys(['print_trans']) in target
------------------------------------------
Detecing CVE:CVE-2018-16451
Detection for: /data/zhangxb//binaries/target_clang/tcpdump/tcpdump-4.99.0-bp-o0-tcpdump
no function dict_keys(['print_trans']) in target
------------------------------------------
Detecing CVE:CVE-2018-16451
Detection for: /data/zhangxb//binaries/target_clang/tcpdump/tcpdump-4.99-bp-o0-tcpdump
no function dict_keys(['print_trans']) in target
------------------------------------------
Detecing CVE:CVE-2018-16452
Detection for: /data/zhangxb//binaries/target_clang/tcpdump/tcpdump-4.9.2-o0-tcpdump
NotImplementedError Ijk_Ret
Result for smb_fdata:vuln , truth is vuln
------------------------------------------
Detecing CVE:CVE-2018-16452
Detection for: /data/zhangxb//binaries/target_clang/tcpdump/tcpdump-4.9.1-o0-tcpdump
NotImplementedError Ijk_Ret
Result for smb_fdata:vuln , truth is vuln
------------------------------------------
Detecing CVE:CVE-2018-16452
Detection for: /data/zhangxb//binaries/target_clang/tcpdump/tcpdump-4.9.0-o0-tcpdump
NotImplementedError Ijk_Ret
Result for smb_fdata:vuln , truth is vuln
------------------------------------------
Detecing CVE:CVE-2018-16452
Detection for: /data/zhangxb//binaries/target_clang/tcpdump/tcpdump-4.9.3-o0-tcpdump
no function dict_keys(['smb_fdata']) in target
------------------------------------------
Detecing CVE:CVE-2018-16452
Detection for: /data/zhangxb//binaries/target_clang/tcpdump/tcpdump-4.99.0-bp-o0-tcpdump
no function dict_keys(['smb_fdata']) in target
------------------------------------------
Detecing CVE:CVE-2018-16452
Detection for: /data/zhangxb//binaries/target_clang/tcpdump/tcpdump-4.99-bp-o0-tcpdump
no function dict_keys(['smb_fdata']) in target