=========2025-08-18 15:46:53.629533============
Detect evo Binaries.
------------------------------------------
[*] Detecting CVE: CVE-2017-12893
[*] Detection for /binaries/PatchEvolution/tcpdump/CVE-2017-12893-3a7639e545c0-tcpdump,name_len,1
[*] /s; sim-cal:10.636367
[*] Detection Result:P,1
[*] Detection for /binaries/PatchEvolution/tcpdump/CVE-2017-12893-b3171b9a9f50-tcpdump,name_len,1
[*] /s; sim-cal:10.067379
[*] Detection Result:P,1
[*] Detection for /binaries/PatchEvolution/tcpdump/CVE-2017-12893-1ac29c4be46a-tcpdump,name_len,1
[*] /s; sim-cal:9.956777
[*] Detection Result:P,1
[*] Detection for /binaries/PatchEvolution/tcpdump/CVE-2017-12893-dcca20dd391f-tcpdump,name_len,1
[*] /s; sim-cal:10.040252
[*] Detection Result:P,1
------------------------------------------
[*] Detecting CVE: CVE-2017-12894
[*] Detection for /binaries/PatchEvolution/tcpdump/CVE-2017-12894-d8bf24c8743e-tcpdump,lookup_bytestring,1
[*] /s; sim-cal:9.839374
[*] Detection Result:P 0.5724538440707918/0.6814230398456501 15/14,1
[*] Detection for /binaries/PatchEvolution/tcpdump/CVE-2017-12894-d8bf24c8743e-tcpdump,le64addr_string,1
[*] /s; sim-cal:0.725878
[*] Detection Result:N VP no diff,1
[*] Detection for /binaries/PatchEvolution/tcpdump/CVE-2017-12894-d8bf24c8743e-tcpdump,linkaddr_string,1
[*] /s; sim-cal:0.750192
[*] Detection Result:N VP no diff,1
[*] Detection for /binaries/PatchEvolution/tcpdump/CVE-2017-12894-d8bf24c8743e-tcpdump,lookup_emem,1
[*] /s; sim-cal:0.778787
[*] Detection Result:V 0.7625/0.6789772727272727 7/7,1
[*] Detection for /binaries/PatchEvolution/tcpdump/CVE-2017-12894-db3f9f277f42-tcpdump,lookup_bytestring,1
[*] /s; sim-cal:9.26423
[*] Detection Result:P 0.5724538440707918/0.6814230398456501 15/14,1
[*] Detection for /binaries/PatchEvolution/tcpdump/CVE-2017-12894-db3f9f277f42-tcpdump,le64addr_string,1
[*] /s; sim-cal:0.690846
[*] Detection Result:N VP no diff,1
[*] Detection for /binaries/PatchEvolution/tcpdump/CVE-2017-12894-db3f9f277f42-tcpdump,linkaddr_string,1
[*] /s; sim-cal:0.745278
[*] Detection Result:N VP no diff,1
[*] Detection for /binaries/PatchEvolution/tcpdump/CVE-2017-12894-db3f9f277f42-tcpdump,lookup_emem,1
[*] /s; sim-cal:0.731
[*] Detection Result:V 0.7625/0.6789772727272727 7/7,1
[*] Detection for /binaries/PatchEvolution/tcpdump/CVE-2017-12894-f477e59db0cc-tcpdump,lookup_bytestring,1
[*] /s; sim-cal:10.376337
[*] Detection Result:P 0.5724538440707918/0.6814230398456501 15/14,1
[*] Detection for /binaries/PatchEvolution/tcpdump/CVE-2017-12894-f477e59db0cc-tcpdump,le64addr_string,1
[*] /s; sim-cal:0.773288
[*] Detection Result:N VP no diff,1
[*] Detection for /binaries/PatchEvolution/tcpdump/CVE-2017-12894-f477e59db0cc-tcpdump,linkaddr_string,1
[*] /s; sim-cal:0.736244
[*] Detection Result:N VP no diff,1
[*] Detection for /binaries/PatchEvolution/tcpdump/CVE-2017-12894-f477e59db0cc-tcpdump,lookup_emem,1
[*] /s; sim-cal:0.796915
[*] Detection Result:V 0.7625/0.6789772727272727 7/7,1
[*] Detection for /binaries/PatchEvolution/tcpdump/CVE-2017-12894-3059f3581287-tcpdump,lookup_bytestring,1
[*] /s; sim-cal:10.600703
[*] Detection Result:P 0.5609627769028044/0.667767846222477 15/14,1
[*] Detection for /binaries/PatchEvolution/tcpdump/CVE-2017-12894-3059f3581287-tcpdump,le64addr_string,1
[*] /s; sim-cal:0.743555
[*] Detection Result:N VP no diff,1
[*] Detection for /binaries/PatchEvolution/tcpdump/CVE-2017-12894-3059f3581287-tcpdump,linkaddr_string,1
[*] /s; sim-cal:0.723816
[*] Detection Result:N VP no diff,1
[*] Detection for /binaries/PatchEvolution/tcpdump/CVE-2017-12894-3059f3581287-tcpdump,lookup_emem,1
[*] /s; sim-cal:0.71126
[*] Detection Result:V 0.7541666666666667/0.6715277777777777 7/7,1
------------------------------------------
[*] Detecting CVE: CVE-2017-12895
[*] Detection for /binaries/PatchEvolution/tcpdump/CVE-2017-12895-7a5c4fb61005-tcpdump,icmp_print,1
[*] /s; sim-cal:10.953057
[*] Detection Result:NA too much diff,1
[*] Detection for /binaries/PatchEvolution/tcpdump/CVE-2017-12895-d7efbc8f63e9-tcpdump,icmp_print,1
[*] /s; sim-cal:9.96562
[*] Detection Result:NA too much diff,1
[*] Detection for /binaries/PatchEvolution/tcpdump/CVE-2017-12895-e2982e7f6f0b-tcpdump,icmp_print,1
[*] /s; sim-cal:10.294444
[*] Detection Result:NA too much diff,1
[*] Detection for /binaries/PatchEvolution/tcpdump/CVE-2017-12895-577621026df8-tcpdump,icmp_print,1
[*] /s; sim-cal:10.152005
[*] Detection Result:P 0.3711115346335472/0.9913893672388044 28/17,1
------------------------------------------
[*] Detecting CVE: CVE-2017-12896
[*] Detection for /binaries/PatchEvolution/tcpdump/CVE-2017-12896-4dee61760d29-tcpdump,isakmp_rfc3948_print,1
[*] /s; sim-cal:9.762533
[*] Detection Result:P 0.5848214285714286/0.8049885459116324 8/3,1
[*] Detection for /binaries/PatchEvolution/tcpdump/CVE-2017-12896-e2982e7f6f0b-tcpdump,isakmp_rfc3948_print,1
[*] /s; sim-cal:9.996592
[*] Detection Result:P 0.20089285714285715/1.0 8/1,1
[*] Detection for /binaries/PatchEvolution/tcpdump/CVE-2017-12896-6288c273b66f-tcpdump,isakmp_rfc3948_print,1
[*] /s; sim-cal:11.243676
[*] Detection Result:V 0.44093023255813957/0.34367927050509045 6/6,1
[*] Detection for /binaries/PatchEvolution/tcpdump/CVE-2017-12896-ee68aa36460d-tcpdump,isakmp_rfc3948_print,1
[*] /s; sim-cal:11.578603
[*] Detection Result:P 0.5848214285714286/0.7546554306370641 10/5,1
------------------------------------------
[*] Detecting CVE: CVE-2017-12897
[*] Detection for /binaries/PatchEvolution/tcpdump/CVE-2017-12897-1a04b92e365f-tcpdump,fr_print,1
[*] /s; sim-cal:10.339315
[*] Detection Result:P 0.3333333333333333/0.6666666666666666 24/24,1
[*] Detection for /binaries/PatchEvolution/tcpdump/CVE-2017-12897-1a04b92e365f-tcpdump,handle_ppp,1
[*] /s; sim-cal:0.920443
[*] Detection Result:P,1
[*] Detection for /binaries/PatchEvolution/tcpdump/CVE-2017-12897-1a04b92e365f-tcpdump,ethertype_print,1
[*] /s; sim-cal:0.852739
[*] Detection Result:P,1
[*] Detection for /binaries/PatchEvolution/tcpdump/CVE-2017-12897-1a04b92e365f-tcpdump,juniper_atm1_print,1
target function: juniper_atm1_print not found
[*] Detection for /binaries/PatchEvolution/tcpdump/CVE-2017-12897-1a04b92e365f-tcpdump,gre_print_0,1
[*] /s; sim-cal:0.775543
[*] Detection Result:P 0.15384615384615385/1.0 8/7,1
[*] Detection for /binaries/PatchEvolution/tcpdump/CVE-2017-12897-1a04b92e365f-tcpdump,atm_if_print,1
[*] /s; sim-cal:0.700564
[*] Detection Result:P 0.2954545454545454/0.7910344827586206 3/2,1
[*] Detection for /binaries/PatchEvolution/tcpdump/CVE-2017-12897-1a04b92e365f-tcpdump,juniper_atm2_print,1
target function: juniper_atm2_print not found
[*] Detection for /binaries/PatchEvolution/tcpdump/CVE-2017-12897-1a04b92e365f-tcpdump,null_if_print,1
[*] /s; sim-cal:0.685131
[*] Detection Result:P,1
[*] Detection for /binaries/PatchEvolution/tcpdump/CVE-2017-12897-1a04b92e365f-tcpdump,llc_print,1
[*] /s; sim-cal:0.738037
[*] Detection Result:P,1
[*] Detection for /binaries/PatchEvolution/tcpdump/CVE-2017-12897-1a04b92e365f-tcpdump,chdlc_print,1
[*] /s; sim-cal:0.788493
[*] Detection Result:P 0.37753378378378377/0.488034463034463 16/16,1
[*] Detection for /binaries/PatchEvolution/tcpdump/CVE-2017-12897-1a04b92e365f-tcpdump,juniper_mfr_print,1
target function: juniper_mfr_print not found
[*] Detection for /binaries/PatchEvolution/tcpdump/CVE-2017-12897-1a04b92e365f-tcpdump,juniper_mlppp_print,1
target function: juniper_mlppp_print not found
[*] Detection for /binaries/PatchEvolution/tcpdump/CVE-2017-12897-1a04b92e365f-tcpdump,juniper_mlfr_print,1
target function: juniper_mlfr_print not found
[*] Detection for /binaries/PatchEvolution/tcpdump/CVE-2017-12897-1a04b92e365f-tcpdump,isoclns_print,1
[*] /s; sim-cal:0.680474
[*] Detection Result:P,1
[*] Detection for /binaries/PatchEvolution/tcpdump/CVE-2017-12897-1a04b92e365f-tcpdump,mpls_print,1
[*] /s; sim-cal:0.70249
[*] Detection Result:P 0.4666666666666667/1.0 4/3,1
[*] Detection for /binaries/PatchEvolution/tcpdump/CVE-2017-12897-6e1fdd00a653-tcpdump,fr_print,1
[*] /s; sim-cal:9.803431
[*] Detection Result:P 0.3333333333333333/0.6666666666666666 28/28,1
[*] Detection for /binaries/PatchEvolution/tcpdump/CVE-2017-12897-6e1fdd00a653-tcpdump,handle_ppp,1
[*] /s; sim-cal:0.7815
[*] Detection Result:P,1
[*] Detection for /binaries/PatchEvolution/tcpdump/CVE-2017-12897-6e1fdd00a653-tcpdump,ethertype_print,1
[*] /s; sim-cal:0.834533
[*] Detection Result:P,1
[*] Detection for /binaries/PatchEvolution/tcpdump/CVE-2017-12897-6e1fdd00a653-tcpdump,juniper_atm1_print,1
target function: juniper_atm1_print not found
[*] Detection for /binaries/PatchEvolution/tcpdump/CVE-2017-12897-6e1fdd00a653-tcpdump,gre_print_0,1
[*] /s; sim-cal:0.740291
[*] Detection Result:P 0.15384615384615385/1.0 12/11,1
[*] Detection for /binaries/PatchEvolution/tcpdump/CVE-2017-12897-6e1fdd00a653-tcpdump,atm_if_print,1
[*] /s; sim-cal:0.703565
[*] Detection Result:P 0.45/0.7910344827586206 6/5,1
[*] Detection for /binaries/PatchEvolution/tcpdump/CVE-2017-12897-6e1fdd00a653-tcpdump,juniper_atm2_print,1
target function: juniper_atm2_print not found
[*] Detection for /binaries/PatchEvolution/tcpdump/CVE-2017-12897-6e1fdd00a653-tcpdump,null_if_print,1
[*] /s; sim-cal:0.787363
[*] Detection Result:C can't tell,1
[*] Detection for /binaries/PatchEvolution/tcpdump/CVE-2017-12897-6e1fdd00a653-tcpdump,llc_print,1
[*] /s; sim-cal:0.812707
[*] Detection Result:P 0.7222222222222222/1.0 13/12,1
[*] Detection for /binaries/PatchEvolution/tcpdump/CVE-2017-12897-6e1fdd00a653-tcpdump,chdlc_print,1
[*] /s; sim-cal:0.696383
[*] Detection Result:P 0.37753378378378377/0.488034463034463 17/17,1
[*] Detection for /binaries/PatchEvolution/tcpdump/CVE-2017-12897-6e1fdd00a653-tcpdump,juniper_mfr_print,1
target function: juniper_mfr_print not found
[*] Detection for /binaries/PatchEvolution/tcpdump/CVE-2017-12897-6e1fdd00a653-tcpdump,juniper_mlppp_print,1
target function: juniper_mlppp_print not found
[*] Detection for /binaries/PatchEvolution/tcpdump/CVE-2017-12897-6e1fdd00a653-tcpdump,juniper_mlfr_print,1
target function: juniper_mlfr_print not found
[*] Detection for /binaries/PatchEvolution/tcpdump/CVE-2017-12897-6e1fdd00a653-tcpdump,isoclns_print,1
[*] /s; sim-cal:0.730784
[*] Detection Result:P 0.26595744680851063/0.41843971631205673 5/5,1
[*] Detection for /binaries/PatchEvolution/tcpdump/CVE-2017-12897-6e1fdd00a653-tcpdump,mpls_print,1
[*] /s; sim-cal:0.762223
[*] Detection Result:P 0.4666666666666667/1.0 9/8,1
[*] Detection for /binaries/PatchEvolution/tcpdump/CVE-2017-12897-ee68aa36460d-tcpdump,fr_print,1
[*] /s; sim-cal:10.738674
[*] Detection Result:P 0.5333333333333333/0.9230769230769231 28/28,1
[*] Detection for /binaries/PatchEvolution/tcpdump/CVE-2017-12897-ee68aa36460d-tcpdump,handle_ppp,1
[*] /s; sim-cal:0.748804
[*] Detection Result:P,1
[*] Detection for /binaries/PatchEvolution/tcpdump/CVE-2017-12897-ee68aa36460d-tcpdump,ethertype_print,1
[*] /s; sim-cal:0.747161
[*] Detection Result:P 0.5333333333333333/1.0 2/1,1
[*] Detection for /binaries/PatchEvolution/tcpdump/CVE-2017-12897-ee68aa36460d-tcpdump,juniper_atm1_print,1
target function: juniper_atm1_print not found
[*] Detection for /binaries/PatchEvolution/tcpdump/CVE-2017-12897-ee68aa36460d-tcpdump,gre_print_0,1
[*] /s; sim-cal:0.709852
[*] Detection Result:P 0.15384615384615385/1.0 12/11,1
[*] Detection for /binaries/PatchEvolution/tcpdump/CVE-2017-12897-ee68aa36460d-tcpdump,atm_if_print,1
[*] /s; sim-cal:0.699023
[*] Detection Result:P 0.45/0.7910344827586206 9/8,1
[*] Detection for /binaries/PatchEvolution/tcpdump/CVE-2017-12897-ee68aa36460d-tcpdump,juniper_atm2_print,1
target function: juniper_atm2_print not found
[*] Detection for /binaries/PatchEvolution/tcpdump/CVE-2017-12897-ee68aa36460d-tcpdump,null_if_print,1
[*] /s; sim-cal:0.726565
[*] Detection Result:C can't tell,1
[*] Detection for /binaries/PatchEvolution/tcpdump/CVE-2017-12897-ee68aa36460d-tcpdump,llc_print,1
[*] /s; sim-cal:0.830096
[*] Detection Result:P 0.7222222222222222/1.0 17/16,1
[*] Detection for /binaries/PatchEvolution/tcpdump/CVE-2017-12897-ee68aa36460d-tcpdump,chdlc_print,1
[*] /s; sim-cal:0.729847
[*] Detection Result:P 0.28770976353928296/0.3529254212606615 17/17,1
[*] Detection for /binaries/PatchEvolution/tcpdump/CVE-2017-12897-ee68aa36460d-tcpdump,juniper_mfr_print,1
target function: juniper_mfr_print not found
[*] Detection for /binaries/PatchEvolution/tcpdump/CVE-2017-12897-ee68aa36460d-tcpdump,juniper_mlppp_print,1
target function: juniper_mlppp_print not found
[*] Detection for /binaries/PatchEvolution/tcpdump/CVE-2017-12897-ee68aa36460d-tcpdump,juniper_mlfr_print,1
target function: juniper_mlfr_print not found
[*] Detection for /binaries/PatchEvolution/tcpdump/CVE-2017-12897-ee68aa36460d-tcpdump,isoclns_print,1
[*] /s; sim-cal:0.802593
[*] Detection Result:P 0.36764705882352944/0.5784313725490197 7/7,1
[*] Detection for /binaries/PatchEvolution/tcpdump/CVE-2017-12897-ee68aa36460d-tcpdump,mpls_print,1
[*] /s; sim-cal:0.696634
[*] Detection Result:P 0.4666666666666667/1.0 10/9,1
[*] Detection for /binaries/PatchEvolution/tcpdump/CVE-2017-12897-e2982e7f6f0b-tcpdump,fr_print,1
[*] /s; sim-cal:9.805156
[*] Detection Result:P 0.3333333333333333/0.6666666666666666 28/28,1
[*] Detection for /binaries/PatchEvolution/tcpdump/CVE-2017-12897-e2982e7f6f0b-tcpdump,handle_ppp,1
[*] /s; sim-cal:0.785267
[*] Detection Result:P,1
[*] Detection for /binaries/PatchEvolution/tcpdump/CVE-2017-12897-e2982e7f6f0b-tcpdump,ethertype_print,1
[*] /s; sim-cal:0.747347
[*] Detection Result:P,1
[*] Detection for /binaries/PatchEvolution/tcpdump/CVE-2017-12897-e2982e7f6f0b-tcpdump,juniper_atm1_print,1
target function: juniper_atm1_print not found
[*] Detection for /binaries/PatchEvolution/tcpdump/CVE-2017-12897-e2982e7f6f0b-tcpdump,gre_print_0,1
[*] /s; sim-cal:0.730727
[*] Detection Result:P 0.15384615384615385/1.0 8/7,1
[*] Detection for /binaries/PatchEvolution/tcpdump/CVE-2017-12897-e2982e7f6f0b-tcpdump,atm_if_print,1
[*] /s; sim-cal:0.712257
[*] Detection Result:P 0.2954545454545454/0.7910344827586206 2/1,1
[*] Detection for /binaries/PatchEvolution/tcpdump/CVE-2017-12897-e2982e7f6f0b-tcpdump,juniper_atm2_print,1
target function: juniper_atm2_print not found
[*] Detection for /binaries/PatchEvolution/tcpdump/CVE-2017-12897-e2982e7f6f0b-tcpdump,null_if_print,1
[*] /s; sim-cal:0.789786
[*] Detection Result:P,1
[*] Detection for /binaries/PatchEvolution/tcpdump/CVE-2017-12897-e2982e7f6f0b-tcpdump,llc_print,1
[*] /s; sim-cal:0.758602
[*] Detection Result:P 0.7222222222222222/1.0 2/1,1
[*] Detection for /binaries/PatchEvolution/tcpdump/CVE-2017-12897-e2982e7f6f0b-tcpdump,chdlc_print,1
[*] /s; sim-cal:0.81316
[*] Detection Result:P 0.37753378378378377/0.488034463034463 16/16,1
[*] Detection for /binaries/PatchEvolution/tcpdump/CVE-2017-12897-e2982e7f6f0b-tcpdump,juniper_mfr_print,1
target function: juniper_mfr_print not found
[*] Detection for /binaries/PatchEvolution/tcpdump/CVE-2017-12897-e2982e7f6f0b-tcpdump,juniper_mlppp_print,1
target function: juniper_mlppp_print not found
[*] Detection for /binaries/PatchEvolution/tcpdump/CVE-2017-12897-e2982e7f6f0b-tcpdump,juniper_mlfr_print,1
target function: juniper_mlfr_print not found
[*] Detection for /binaries/PatchEvolution/tcpdump/CVE-2017-12897-e2982e7f6f0b-tcpdump,isoclns_print,1
[*] /s; sim-cal:0.707335
[*] Detection Result:P,1
[*] Detection for /binaries/PatchEvolution/tcpdump/CVE-2017-12897-e2982e7f6f0b-tcpdump,mpls_print,1
[*] /s; sim-cal:0.72194
[*] Detection Result:P 0.4666666666666667/1.0 2/1,1
------------------------------------------
[*] Detecting CVE: CVE-2017-12898
[*] Detection for /binaries/PatchEvolution/tcpdump/CVE-2017-12898-577621026df8-tcpdump,parserep,1
[*] /s; sim-cal:9.871826
[*] Detection Result:P 0.029411764705882353/0.881904761904762 5/3,1
[*] Detection for /binaries/PatchEvolution/tcpdump/CVE-2017-12898-577621026df8-tcpdump,nfsreq_print_noaddr,1
target function: nfsreq_print_noaddr not found
[*] Detection for /binaries/PatchEvolution/tcpdump/CVE-2017-12898-577621026df8-tcpdump,interp_reply,1
[*] /s; sim-cal:0.857942
[*] Detection Result:P 0.3544444444444444/0.4381818181818182 8/6,1
[*] Detection for /binaries/PatchEvolution/tcpdump/CVE-2017-12898-279bd14fc59e-tcpdump,parserep,1
[*] /s; sim-cal:9.483096
[*] Detection Result:P 0.20523809523809522/0.25666666666666665 10/10,1
[*] Detection for /binaries/PatchEvolution/tcpdump/CVE-2017-12898-279bd14fc59e-tcpdump,nfsreq_print_noaddr,1
target function: nfsreq_print_noaddr not found
[*] Detection for /binaries/PatchEvolution/tcpdump/CVE-2017-12898-279bd14fc59e-tcpdump,interp_reply,1
[*] /s; sim-cal:0.92561
[*] Detection Result:NA too much diff,1
[*] Detection for /binaries/PatchEvolution/tcpdump/CVE-2017-12898-e2982e7f6f0b-tcpdump,parserep,1
[*] /s; sim-cal:9.737613
[*] Detection Result:P 0.20523809523809522/0.25666666666666665 9/9,1
[*] Detection for /binaries/PatchEvolution/tcpdump/CVE-2017-12898-e2982e7f6f0b-tcpdump,nfsreq_print_noaddr,1
target function: nfsreq_print_noaddr not found
[*] Detection for /binaries/PatchEvolution/tcpdump/CVE-2017-12898-e2982e7f6f0b-tcpdump,interp_reply,1
[*] /s; sim-cal:0.904473
[*] Detection Result:NA too much diff,1
[*] Detection for /binaries/PatchEvolution/tcpdump/CVE-2017-12898-21b12733b62c-tcpdump,parserep,1
[*] /s; sim-cal:10.788167
[*] Detection Result:V 0.15406162464985995/0.12317460317460316 6/6,1
[*] Detection for /binaries/PatchEvolution/tcpdump/CVE-2017-12898-21b12733b62c-tcpdump,nfsreq_print_noaddr,1
target function: nfsreq_print_noaddr not found
[*] Detection for /binaries/PatchEvolution/tcpdump/CVE-2017-12898-21b12733b62c-tcpdump,interp_reply,1
[*] /s; sim-cal:1.191871
[*] Detection Result:NA too much diff,1
------------------------------------------
[*] Detecting CVE: CVE-2017-12899
[*] Detection for /binaries/PatchEvolution/tcpdump/CVE-2017-12899-5c2027db8817-tcpdump,decnet_print,1
[*] /s; sim-cal:0.773016
[*] Detection Result:C can't tell,1
[*] Detection for /binaries/PatchEvolution/tcpdump/CVE-2017-12899-8bbad56e3761-tcpdump,decnet_print,1
[*] /s; sim-cal:0.797918
[*] Detection Result:P 0.30434782608695654/0.5813742837883383 32/32,1
[*] Detection for /binaries/PatchEvolution/tcpdump/CVE-2017-12899-bef667db65b1-tcpdump,decnet_print,1
[*] /s; sim-cal:0.868521
[*] Detection Result:C can't tell,1
[*] Detection for /binaries/PatchEvolution/tcpdump/CVE-2017-12899-ee68aa36460d-tcpdump,decnet_print,1
[*] /s; sim-cal:0.765416
[*] Detection Result:C can't tell,1
------------------------------------------
[*] Detecting CVE: CVE-2017-12901
[*] Detection for /binaries/PatchEvolution/tcpdump/CVE-2017-12901-59d37c7ec5a7-tcpdump,eigrp_print,1
[*] /s; sim-cal:10.648661
[*] Detection Result:NA too much diff,1
[*] Detection for /binaries/PatchEvolution/tcpdump/CVE-2017-12901-e2982e7f6f0b-tcpdump,eigrp_print,1
[*] /s; sim-cal:10.390478
[*] Detection Result:NA too much diff,1
[*] Detection for /binaries/PatchEvolution/tcpdump/CVE-2017-12901-ee68aa36460d-tcpdump,eigrp_print,1
[*] /s; sim-cal:11.18109
[*] Detection Result:NA too much diff,1
[*] Detection for /binaries/PatchEvolution/tcpdump/CVE-2017-12901-e150c713a2ea-tcpdump,eigrp_print,1
[*] /s; sim-cal:10.859665
[*] Detection Result:NA too much diff,1
------------------------------------------
[*] Detecting CVE: CVE-2017-12902
[*] Detection for /binaries/PatchEvolution/tcpdump/CVE-2017-12902-e2982e7f6f0b-tcpdump,zephyr_print,1
[*] /s; sim-cal:10.283364
[*] Detection Result:NA too much diff,1
[*] Detection for /binaries/PatchEvolution/tcpdump/CVE-2017-12902-29973d83e8ce-tcpdump,zephyr_print,1
[*] /s; sim-cal:10.892846
[*] Detection Result:NA too much diff,1
[*] Detection for /binaries/PatchEvolution/tcpdump/CVE-2017-12902-546558eabd81-tcpdump,zephyr_print,1
[*] /s; sim-cal:10.285356
[*] Detection Result:NA too much diff,1
[*] Detection for /binaries/PatchEvolution/tcpdump/CVE-2017-12902-676778970d1c-tcpdump,zephyr_print,1
[*] /s; sim-cal:11.060214
[*] Detection Result:NA too much diff,1
------------------------------------------
[*] Detecting CVE: CVE-2017-12985
[*] Detection for /binaries/PatchEvolution/tcpdump/CVE-2017-12985-2055e39f2af0-tcpdump,ip6_print,1
[*] /s; sim-cal:11.697778
[*] Detection Result:NA too much diff,1
[*] Detection for /binaries/PatchEvolution/tcpdump/CVE-2017-12985-2055e39f2af0-tcpdump,mobility_print,1
[*] /s; sim-cal:0.850587
[*] Detection Result:NA too much diff,1
[*] Detection for /binaries/PatchEvolution/tcpdump/CVE-2017-12985-e2982e7f6f0b-tcpdump,ip6_print,1
[*] /s; sim-cal:10.055542
[*] Detection Result:NA too much diff,1
[*] Detection for /binaries/PatchEvolution/tcpdump/CVE-2017-12985-e2982e7f6f0b-tcpdump,mobility_print,1
[*] /s; sim-cal:0.776462
[*] Detection Result:NA too much diff,1
[*] Detection for /binaries/PatchEvolution/tcpdump/CVE-2017-12985-db7a7633e65e-tcpdump,ip6_print,1
[*] /s; sim-cal:10.714249
[*] Detection Result:NA too much diff,1
[*] Detection for /binaries/PatchEvolution/tcpdump/CVE-2017-12985-db7a7633e65e-tcpdump,mobility_print,1
[*] /s; sim-cal:0.870613
[*] Detection Result:NA too much diff,1
[*] Detection for /binaries/PatchEvolution/tcpdump/CVE-2017-12985-ca71c847281b-tcpdump,ip6_print,1
[*] /s; sim-cal:11.009637
[*] Detection Result:NA too much diff,1
[*] Detection for /binaries/PatchEvolution/tcpdump/CVE-2017-12985-ca71c847281b-tcpdump,mobility_print,1
[*] /s; sim-cal:0.766561
[*] Detection Result:NA too much diff,1
------------------------------------------
[*] Detecting CVE: CVE-2017-12987
[*] Detection for /binaries/PatchEvolution/tcpdump/CVE-2017-12987-ee68aa36460d-tcpdump,parse_elements,1
[*] /s; sim-cal:10.735645
[*] Detection Result:P 0.8674568965517242/0.882183908045977 13/13,1
[*] Detection for /binaries/PatchEvolution/tcpdump/CVE-2017-12987-cb9b66505924-tcpdump,parse_elements,1
[*] /s; sim-cal:10.520707
[*] Detection Result:P 0.9533923303834808/0.968928220255654 1/1,1
[*] Detection for /binaries/PatchEvolution/tcpdump/CVE-2017-12987-e2982e7f6f0b-tcpdump,parse_elements,1
[*] /s; sim-cal:10.623974
[*] Detection Result:P 0.893211289092296/0.9084668192219679 2/2,1
[*] Detection for /binaries/PatchEvolution/tcpdump/CVE-2017-12987-39c8c55aa9ff-tcpdump,parse_elements,1
[*] /s; sim-cal:9.911104
[*] Detection Result:P 0.893211289092296/0.9084668192219679 2/2,1
------------------------------------------
[*] Detecting CVE: CVE-2017-12988
[*] Detection for /binaries/PatchEvolution/tcpdump/CVE-2017-12988-e2982e7f6f0b-tcpdump,telnet_parse,1
[*] /s; sim-cal:10.107593
[*] Detection Result:P 0.4531746031746032/0.5833333333333334 9/7,1
[*] Detection for /binaries/PatchEvolution/tcpdump/CVE-2017-12988-ba8936b39b0c-tcpdump,telnet_parse,1
[*] /s; sim-cal:9.754104
[*] Detection Result:P 0.4531746031746032/0.5833333333333334 25/23,1
[*] Detection for /binaries/PatchEvolution/tcpdump/CVE-2017-12988-abc8c2d61c65-tcpdump,telnet_parse,1
[*] /s; sim-cal:10.927328
[*] Detection Result:NA too much diff,1
[*] Detection for /binaries/PatchEvolution/tcpdump/CVE-2017-12988-56d8c43b671a-tcpdump,telnet_parse,1
[*] /s; sim-cal:10.030092
[*] Detection Result:P 0.4531746031746032/0.5833333333333334 18/16,1
------------------------------------------
[*] Detecting CVE: CVE-2017-12989
[*] Detection for /binaries/PatchEvolution/tcpdump/CVE-2017-12989-29517faf6cf8-tcpdump,resp_get_length,1
[*] /s; sim-cal:9.973945
[*] Detection Result:P 0.32139929262487577/0.7221743515861163 8/2,1
[*] Detection for /binaries/PatchEvolution/tcpdump/CVE-2017-12989-ee68aa36460d-tcpdump,resp_get_length,1
[*] /s; sim-cal:10.807066
[*] Detection Result:P 0.23694491033144902/0.3045829251711605 26/26,1
[*] Detection for /binaries/PatchEvolution/tcpdump/CVE-2017-12989-03a2d9c4c1e3-tcpdump,resp_get_length,1
[*] /s; sim-cal:9.860285
[*] Detection Result:P 0.32139929262487577/0.7221743515861163 8/2,1
[*] Detection for /binaries/PatchEvolution/tcpdump/CVE-2017-12989-abc8c2d61c65-tcpdump,resp_get_length,1
[*] /s; sim-cal:11.484881
[*] Detection Result:P 0.23809612839443178/0.30495057222998395 22/22,1
------------------------------------------
[*] Detecting CVE: CVE-2017-12990
[*] Detection for /binaries/PatchEvolution/tcpdump/CVE-2017-12990-d526e47658b6-tcpdump,ikev1_n_print,1
[*] /s; sim-cal:10.079202
[*] Detection Result:NA too much diff,1
[*] Detection for /binaries/PatchEvolution/tcpdump/CVE-2017-12990-d526e47658b6-tcpdump,ikev2_n_print,1
[*] /s; sim-cal:1.005155
[*] Detection Result:P 0.37366986054907425/0.4857021358253558 21/18,1
[*] Detection for /binaries/PatchEvolution/tcpdump/CVE-2017-12990-d526e47658b6-tcpdump,ikev1_nonce_print,1
[*] /s; sim-cal:0.72008
[*] Detection Result:P 0.2890770565877302/0.3412984006734006 7/6,1
[*] Detection for /binaries/PatchEvolution/tcpdump/CVE-2017-12990-d526e47658b6-tcpdump,ikev2_auth_print,1
[*] /s; sim-cal:0.737387
[*] Detection Result:P 0.37038795523147877/0.6493218862759736 9/7,1
[*] Detection for /binaries/PatchEvolution/tcpdump/CVE-2017-12990-e9b059b7a948-tcpdump,ikev1_n_print,1
[*] /s; sim-cal:11.018688
[*] Detection Result:NA too much diff,1
[*] Detection for /binaries/PatchEvolution/tcpdump/CVE-2017-12990-e9b059b7a948-tcpdump,ikev2_n_print,1
[*] /s; sim-cal:0.976645
[*] Detection Result:NA too much diff,1
[*] Detection for /binaries/PatchEvolution/tcpdump/CVE-2017-12990-e9b059b7a948-tcpdump,ikev1_nonce_print,1
[*] /s; sim-cal:0.68497
[*] Detection Result:V 0.2890770565877302/0.2344632768361582 9/8,1
[*] Detection for /binaries/PatchEvolution/tcpdump/CVE-2017-12990-e9b059b7a948-tcpdump,ikev2_auth_print,1
[*] /s; sim-cal:0.874676
[*] Detection Result:P 0.37038795523147877/0.40371609067261244 11/9,1
[*] Detection for /binaries/PatchEvolution/tcpdump/CVE-2017-12990-794a259a335c-tcpdump,ikev1_n_print,1
[*] /s; sim-cal:10.794917
[*] Detection Result:NA too much diff,1
[*] Detection for /binaries/PatchEvolution/tcpdump/CVE-2017-12990-794a259a335c-tcpdump,ikev2_n_print,1
[*] /s; sim-cal:0.867463
[*] Detection Result:V 0.3609755664954515/0.31105482352674063 25/22,1
[*] Detection for /binaries/PatchEvolution/tcpdump/CVE-2017-12990-794a259a335c-tcpdump,ikev1_nonce_print,1
[*] /s; sim-cal:0.75459
[*] Detection Result:V 0.2890770565877302/0.2344632768361582 9/8,1
[*] Detection for /binaries/PatchEvolution/tcpdump/CVE-2017-12990-794a259a335c-tcpdump,ikev2_auth_print,1
[*] /s; sim-cal:0.702027
[*] Detection Result:P 0.37038795523147877/0.40371609067261244 11/9,1
[*] Detection for /binaries/PatchEvolution/tcpdump/CVE-2017-12990-e2982e7f6f0b-tcpdump,ikev1_n_print,1
[*] /s; sim-cal:10.025654
[*] Detection Result:NA too much diff,1
[*] Detection for /binaries/PatchEvolution/tcpdump/CVE-2017-12990-e2982e7f6f0b-tcpdump,ikev2_n_print,1
[*] /s; sim-cal:0.797849
[*] Detection Result:P 0.37366986054907425/0.4857021358253558 21/18,1
[*] Detection for /binaries/PatchEvolution/tcpdump/CVE-2017-12990-e2982e7f6f0b-tcpdump,ikev1_nonce_print,1
[*] /s; sim-cal:0.704532
[*] Detection Result:P 0.2890770565877302/0.3412984006734006 7/6,1
[*] Detection for /binaries/PatchEvolution/tcpdump/CVE-2017-12990-e2982e7f6f0b-tcpdump,ikev2_auth_print,1
[*] /s; sim-cal:0.762108
[*] Detection Result:P 0.37038795523147877/0.6493218862759736 9/7,1
------------------------------------------
[*] Detecting CVE: CVE-2017-12991
[*] Detection for /binaries/PatchEvolution/tcpdump/CVE-2017-12991-24df77f09e26-tcpdump,bgp_attr_print,1
[*] /s; sim-cal:11.515378
[*] Detection Result:NA too much diff,1
[*] Detection for /binaries/PatchEvolution/tcpdump/CVE-2017-12991-f9c2c905b118-tcpdump,bgp_attr_print,1
[*] /s; sim-cal:11.59522
[*] Detection Result:NA too much diff,1
[*] Detection for /binaries/PatchEvolution/tcpdump/CVE-2017-12991-756d0a1356a4-tcpdump,bgp_attr_print,1
[*] /s; sim-cal:11.581121
[*] Detection Result:NA too much diff,1
[*] Detection for /binaries/PatchEvolution/tcpdump/CVE-2017-12991-e2982e7f6f0b-tcpdump,bgp_attr_print,1
[*] /s; sim-cal:10.992939
[*] Detection Result:NA too much diff,1
------------------------------------------
[*] Detecting CVE: CVE-2017-12992
[*] Detection for /binaries/PatchEvolution/tcpdump/CVE-2017-12992-ff2bbd6ffe2b-tcpdump,ripng_print,1
[*] /s; sim-cal:10.169586
[*] Detection Result:NA too much diff,1
[*] Detection for /binaries/PatchEvolution/tcpdump/CVE-2017-12992-57b0a999a9fa-tcpdump,ripng_print,1
[*] /s; sim-cal:10.7751
[*] Detection Result:NA too much diff,1
[*] Detection for /binaries/PatchEvolution/tcpdump/CVE-2017-12992-59d37c7ec5a7-tcpdump,ripng_print,1
[*] /s; sim-cal:11.353335
[*] Detection Result:NA too much diff,1
[*] Detection for /binaries/PatchEvolution/tcpdump/CVE-2017-12992-efc775d05163-tcpdump,ripng_print,1
[*] /s; sim-cal:10.790927
[*] Detection Result:NA too much diff,1
------------------------------------------
[*] Detecting CVE: CVE-2017-12993
[*] Detection for /binaries/PatchEvolution/tcpdump/CVE-2017-12993-e2982e7f6f0b-tcpdump,juniper_es_print,1
target function: juniper_es_print not found
[*] Detection for /binaries/PatchEvolution/tcpdump/CVE-2017-12993-e2982e7f6f0b-tcpdump,juniper_atm1_print,1
target function: juniper_atm1_print not found
[*] Detection for /binaries/PatchEvolution/tcpdump/CVE-2017-12993-e2982e7f6f0b-tcpdump,juniper_monitor_print,1
target function: juniper_monitor_print not found
[*] Detection for /binaries/PatchEvolution/tcpdump/CVE-2017-12993-e2982e7f6f0b-tcpdump,juniper_services_print,1
target function: juniper_services_print not found
[*] Detection for /binaries/PatchEvolution/tcpdump/CVE-2017-12993-e2982e7f6f0b-tcpdump,juniper_parse_header,1
[*] /s; sim-cal:0.936516
[*] Detection Result:P 0.17142857142857143/0.9939939939939939 21/14,1
[*] Detection for /binaries/PatchEvolution/tcpdump/CVE-2017-12993-e2982e7f6f0b-tcpdump,juniper_ggsn_print,1
target function: juniper_ggsn_print not found
[*] Detection for /binaries/PatchEvolution/tcpdump/CVE-2017-12993-e2982e7f6f0b-tcpdump,juniper_atm2_print,1
target function: juniper_atm2_print not found
[*] Detection for /binaries/PatchEvolution/tcpdump/CVE-2017-12993-e2982e7f6f0b-tcpdump,juniper_pppoe_atm_print,1
target function: juniper_pppoe_atm_print not found
[*] Detection for /binaries/PatchEvolution/tcpdump/CVE-2017-12993-21b12733b62c-tcpdump,juniper_es_print,1
target function: juniper_es_print not found
[*] Detection for /binaries/PatchEvolution/tcpdump/CVE-2017-12993-21b12733b62c-tcpdump,juniper_atm1_print,1
target function: juniper_atm1_print not found
[*] Detection for /binaries/PatchEvolution/tcpdump/CVE-2017-12993-21b12733b62c-tcpdump,juniper_monitor_print,1
target function: juniper_monitor_print not found
[*] Detection for /binaries/PatchEvolution/tcpdump/CVE-2017-12993-21b12733b62c-tcpdump,juniper_services_print,1
target function: juniper_services_print not found
[*] Detection for /binaries/PatchEvolution/tcpdump/CVE-2017-12993-21b12733b62c-tcpdump,juniper_parse_header,1
[*] /s; sim-cal:0.800648
[*] Detection Result:NA too much diff,1
[*] Detection for /binaries/PatchEvolution/tcpdump/CVE-2017-12993-21b12733b62c-tcpdump,juniper_ggsn_print,1
target function: juniper_ggsn_print not found
[*] Detection for /binaries/PatchEvolution/tcpdump/CVE-2017-12993-21b12733b62c-tcpdump,juniper_atm2_print,1
target function: juniper_atm2_print not found
[*] Detection for /binaries/PatchEvolution/tcpdump/CVE-2017-12993-21b12733b62c-tcpdump,juniper_pppoe_atm_print,1
target function: juniper_pppoe_atm_print not found
[*] Detection for /binaries/PatchEvolution/tcpdump/CVE-2017-12993-3712d818767d-tcpdump,juniper_es_print,1
target function: juniper_es_print not found
[*] Detection for /binaries/PatchEvolution/tcpdump/CVE-2017-12993-3712d818767d-tcpdump,juniper_atm1_print,1
target function: juniper_atm1_print not found
[*] Detection for /binaries/PatchEvolution/tcpdump/CVE-2017-12993-3712d818767d-tcpdump,juniper_monitor_print,1
target function: juniper_monitor_print not found
[*] Detection for /binaries/PatchEvolution/tcpdump/CVE-2017-12993-3712d818767d-tcpdump,juniper_services_print,1
target function: juniper_services_print not found
[*] Detection for /binaries/PatchEvolution/tcpdump/CVE-2017-12993-3712d818767d-tcpdump,juniper_parse_header,1
[*] /s; sim-cal:0.943675
[*] Detection Result:P 0.17142857142857143/0.7928323778323778 25/18,1
[*] Detection for /binaries/PatchEvolution/tcpdump/CVE-2017-12993-3712d818767d-tcpdump,juniper_ggsn_print,1
target function: juniper_ggsn_print not found
[*] Detection for /binaries/PatchEvolution/tcpdump/CVE-2017-12993-3712d818767d-tcpdump,juniper_atm2_print,1
target function: juniper_atm2_print not found
[*] Detection for /binaries/PatchEvolution/tcpdump/CVE-2017-12993-3712d818767d-tcpdump,juniper_pppoe_atm_print,1
target function: juniper_pppoe_atm_print not found
[*] Detection for /binaries/PatchEvolution/tcpdump/CVE-2017-12993-61c422a88cae-tcpdump,juniper_es_print,1
target function: juniper_es_print not found
[*] Detection for /binaries/PatchEvolution/tcpdump/CVE-2017-12993-61c422a88cae-tcpdump,juniper_atm1_print,1
target function: juniper_atm1_print not found
[*] Detection for /binaries/PatchEvolution/tcpdump/CVE-2017-12993-61c422a88cae-tcpdump,juniper_monitor_print,1
target function: juniper_monitor_print not found
[*] Detection for /binaries/PatchEvolution/tcpdump/CVE-2017-12993-61c422a88cae-tcpdump,juniper_services_print,1
target function: juniper_services_print not found
[*] Detection for /binaries/PatchEvolution/tcpdump/CVE-2017-12993-61c422a88cae-tcpdump,juniper_parse_header,1
[*] /s; sim-cal:0.82853
[*] Detection Result:P 0.17142857142857143/0.9939939939939939 21/14,1
[*] Detection for /binaries/PatchEvolution/tcpdump/CVE-2017-12993-61c422a88cae-tcpdump,juniper_ggsn_print,1
target function: juniper_ggsn_print not found
[*] Detection for /binaries/PatchEvolution/tcpdump/CVE-2017-12993-61c422a88cae-tcpdump,juniper_atm2_print,1
target function: juniper_atm2_print not found
[*] Detection for /binaries/PatchEvolution/tcpdump/CVE-2017-12993-61c422a88cae-tcpdump,juniper_pppoe_atm_print,1
target function: juniper_pppoe_atm_print not found
------------------------------------------
[*] Detecting CVE: CVE-2017-12994
[*] Detection for /binaries/PatchEvolution/tcpdump/CVE-2017-12994-abc8c2d61c65-tcpdump,bgp_attr_print,1
[*] /s; sim-cal:11.409903
[*] Detection Result:NA too much diff,1
[*] Detection for /binaries/PatchEvolution/tcpdump/CVE-2017-12994-577621026df8-tcpdump,bgp_attr_print,1
[*] /s; sim-cal:10.431961
[*] Detection Result:NA too much diff,1
[*] Detection for /binaries/PatchEvolution/tcpdump/CVE-2017-12994-c376b499aed0-tcpdump,bgp_attr_print,1
[*] /s; sim-cal:12.010428
[*] Detection Result:NA too much diff,1
[*] Detection for /binaries/PatchEvolution/tcpdump/CVE-2017-12994-e2982e7f6f0b-tcpdump,bgp_attr_print,1
[*] /s; sim-cal:11.484627
[*] Detection Result:NA too much diff,1
------------------------------------------
[*] Detecting CVE: CVE-2017-12995
[*] Detection for /binaries/PatchEvolution/tcpdump/CVE-2017-12995-6bb25b4b4c84-tcpdump,ns_nprint,1
target function: ns_nprint not found
[*] Detection for /binaries/PatchEvolution/tcpdump/CVE-2017-12995-3e3e6d2ef4c1-tcpdump,ns_nprint,1
[*] /s; sim-cal:10.051226
[*] Detection Result:P 0.19595302296469944/0.20105105943907964 28/27,1
[*] Detection for /binaries/PatchEvolution/tcpdump/CVE-2017-12995-f853e73acf39-tcpdump,ns_nprint,1
target function: ns_nprint not found
[*] Detection for /binaries/PatchEvolution/tcpdump/CVE-2017-12995-e2877011a1fc-tcpdump,ns_nprint,1
target function: ns_nprint not found
------------------------------------------
[*] Detecting CVE: CVE-2017-12996
[*] Detection for /binaries/PatchEvolution/tcpdump/CVE-2017-12996-f68c3e3ec011-tcpdump,pimv2_print,1
[*] /s; sim-cal:10.209818
[*] Detection Result:NA too much diff,1
[*] Detection for /binaries/PatchEvolution/tcpdump/CVE-2017-12996-e2982e7f6f0b-tcpdump,pimv2_print,1
[*] /s; sim-cal:9.892066
[*] Detection Result:NA too much diff,1
[*] Detection for /binaries/PatchEvolution/tcpdump/CVE-2017-12996-034c2fc03a6b-tcpdump,pimv2_print,1
[*] /s; sim-cal:10.246083
[*] Detection Result:NA too much diff,1
[*] Detection for /binaries/PatchEvolution/tcpdump/CVE-2017-12996-577621026df8-tcpdump,pimv2_print,1
[*] /s; sim-cal:10.220743
[*] Detection Result:NA too much diff,1
------------------------------------------
[*] Detecting CVE: CVE-2017-12997
[*] Detection for /binaries/PatchEvolution/tcpdump/CVE-2017-12997-da20bc56d610-tcpdump,lldp_private_8021_print,1
[*] /s; sim-cal:10.081862
[*] Detection Result:V 0.4571428571428572/0.13114754098360654 11/5,1
[*] Detection for /binaries/PatchEvolution/tcpdump/CVE-2017-12997-dc36fbcfb329-tcpdump,lldp_private_8021_print,1
[*] /s; sim-cal:10.898771
[*] Detection Result:V 0.4571428571428572/0.12121212121212122 23/18,1
[*] Detection for /binaries/PatchEvolution/tcpdump/CVE-2017-12997-e2982e7f6f0b-tcpdump,lldp_private_8021_print,1
[*] /s; sim-cal:10.105557
[*] Detection Result:V 0.4571428571428572/0.13114754098360654 13/7,1
[*] Detection for /binaries/PatchEvolution/tcpdump/CVE-2017-12997-577621026df8-tcpdump,lldp_private_8021_print,1
[*] /s; sim-cal:9.664232
[*] Detection Result:V 0.4571428571428572/0.13114754098360654 11/5,1
------------------------------------------
[*] Detecting CVE: CVE-2017-12998
[*] Detection for /binaries/PatchEvolution/tcpdump/CVE-2017-12998-1ed63b5d0630-tcpdump,isis_print_extd_ip_reach,1
[*] /s; sim-cal:10.69876
[*] Detection Result:C can't tell,1
[*] Detection for /binaries/PatchEvolution/tcpdump/CVE-2017-12998-abc8c2d61c65-tcpdump,isis_print_extd_ip_reach,1
[*] /s; sim-cal:11.17291
[*] Detection Result:C can't tell,1
[*] Detection for /binaries/PatchEvolution/tcpdump/CVE-2017-12998-e2982e7f6f0b-tcpdump,isis_print_extd_ip_reach,1
[*] /s; sim-cal:10.048279
[*] Detection Result:C can't tell,1
[*] Detection for /binaries/PatchEvolution/tcpdump/CVE-2017-12998-3db38df8ed9d-tcpdump,isis_print_extd_ip_reach,1
[*] /s; sim-cal:10.446483
[*] Detection Result:C can't tell,1
------------------------------------------
[*] Detecting CVE: CVE-2017-12999
[*] Detection for /binaries/PatchEvolution/tcpdump/CVE-2017-12999-77a49fcb6ee8-tcpdump,isis_print,1
[*] /s; sim-cal:10.206844
[*] Detection Result:NA too much diff,1
[*] Detection for /binaries/PatchEvolution/tcpdump/CVE-2017-12999-6e15ad4b9938-tcpdump,isis_print,1
[*] /s; sim-cal:10.703177
[*] Detection Result:NA too much diff,1
[*] Detection for /binaries/PatchEvolution/tcpdump/CVE-2017-12999-3e3e6d2ef4c1-tcpdump,isis_print,1
[*] /s; sim-cal:10.266804
[*] Detection Result:NA too much diff,1
[*] Detection for /binaries/PatchEvolution/tcpdump/CVE-2017-12999-b09710dfcdd5-tcpdump,isis_print,1
[*] /s; sim-cal:11.800707
[*] Detection Result:NA too much diff,1
------------------------------------------
[*] Detecting CVE: CVE-2017-13000
[*] Detection for /binaries/PatchEvolution/tcpdump/CVE-2017-13000-10dd76aef1d2-tcpdump,ieee802_15_4_if_print,1
[*] /s; sim-cal:9.829042
[*] Detection Result:NA too much diff,1
[*] Detection for /binaries/PatchEvolution/tcpdump/CVE-2017-13000-e2982e7f6f0b-tcpdump,ieee802_15_4_if_print,1
[*] /s; sim-cal:10.212212
[*] Detection Result:P,1
[*] Detection for /binaries/PatchEvolution/tcpdump/CVE-2017-13000-851273488322-tcpdump,ieee802_15_4_if_print,1
[*] /s; sim-cal:9.598378
[*] Detection Result:P,1
------------------------------------------
[*] Detecting CVE: CVE-2017-13002
[*] Detection for /binaries/PatchEvolution/tcpdump/CVE-2017-13002-8186bd1a7693-tcpdump,aodv_extension,1
[*] /s; sim-cal:10.359858
[*] Detection Result:P 0.4171539961013645/0.9841269841269842 6/1,1
[*] Detection for /binaries/PatchEvolution/tcpdump/CVE-2017-13002-ef5323efe6c0-tcpdump,aodv_extension,1
[*] /s; sim-cal:11.023226
[*] Detection Result:V 0.45714285714285713/0.3991254732576121 8/8,1
[*] Detection for /binaries/PatchEvolution/tcpdump/CVE-2017-13002-e2982e7f6f0b-tcpdump,aodv_extension,1
[*] /s; sim-cal:10.325689
[*] Detection Result:P 0.4171539961013645/0.9841269841269842 6/1,1
[*] Detection for /binaries/PatchEvolution/tcpdump/CVE-2017-13002-d526e47658b6-tcpdump,aodv_extension,1
[*] /s; sim-cal:10.258834
[*] Detection Result:P 0.4171539961013645/0.9841269841269842 6/1,1
------------------------------------------
[*] Detecting CVE: CVE-2017-13003
[*] Detection for /binaries/PatchEvolution/tcpdump/CVE-2017-13003-577621026df8-tcpdump,lmp_print,1
[*] /s; sim-cal:10.479333
[*] Detection Result:NA too much diff,1
[*] Detection for /binaries/PatchEvolution/tcpdump/CVE-2017-13003-84ef17ac0eec-tcpdump,lmp_print,1
[*] /s; sim-cal:10.301677
[*] Detection Result:NA too much diff,1
[*] Detection for /binaries/PatchEvolution/tcpdump/CVE-2017-13003-e2982e7f6f0b-tcpdump,lmp_print,1
[*] /s; sim-cal:10.346881
[*] Detection Result:NA too much diff,1
[*] Detection for /binaries/PatchEvolution/tcpdump/CVE-2017-13003-46efa1bc471e-tcpdump,lmp_print,1
[*] /s; sim-cal:10.012816
[*] Detection Result:NA too much diff,1
------------------------------------------
[*] Detecting CVE: CVE-2017-13004
[*] Detection for /binaries/PatchEvolution/tcpdump/CVE-2017-13004-480af1cdceda-tcpdump,juniper_parse_header,1
[*] /s; sim-cal:9.776767
[*] Detection Result:P 0.3925663063594098/0.6301423801423801 18/16,1
[*] Detection for /binaries/PatchEvolution/tcpdump/CVE-2017-13004-e2982e7f6f0b-tcpdump,juniper_parse_header,1
[*] /s; sim-cal:10.140119
[*] Detection Result:P 0.3925663063594098/0.8050305550305551 14/12,1
[*] Detection for /binaries/PatchEvolution/tcpdump/CVE-2017-13004-3712d818767d-tcpdump,juniper_parse_header,1
[*] /s; sim-cal:9.997396
[*] Detection Result:P 0.3925663063594098/0.6301423801423801 18/16,1
[*] Detection for /binaries/PatchEvolution/tcpdump/CVE-2017-13004-57be4eb7ed49-tcpdump,juniper_parse_header,1
[*] /s; sim-cal:10.866144
[*] Detection Result:NA too much diff,1
------------------------------------------
[*] Detecting CVE: CVE-2017-13005
[*] Detection for /binaries/PatchEvolution/tcpdump/CVE-2017-13005-577621026df8-tcpdump,xid_map_enter,1
[*] /s; sim-cal:9.804834
[*] Detection Result:V 0.9195144724556489/0.5103357499380305 2/1,1
[*] Detection for /binaries/PatchEvolution/tcpdump/CVE-2017-13005-224629731a82-tcpdump,xid_map_enter,1
[*] /s; sim-cal:10.074244
[*] Detection Result:V 0.9195144724556489/0.5103357499380305 2/1,1
[*] Detection for /binaries/PatchEvolution/tcpdump/CVE-2017-13005-da20bc56d610-tcpdump,xid_map_enter,1
[*] /s; sim-cal:10.106314
[*] Detection Result:V 0.9195144724556489/0.5103357499380305 2/1,1
[*] Detection for /binaries/PatchEvolution/tcpdump/CVE-2017-13005-0ee15606e2bd-tcpdump,xid_map_enter,1
[*] /s; sim-cal:10.594532
[*] Detection Result:V 0.9195144724556489/0.5103357499380305 2/1,1
------------------------------------------
[*] Detecting CVE: CVE-2017-13006
[*] Detection for /binaries/PatchEvolution/tcpdump/CVE-2017-13006-577621026df8-tcpdump,l2tp_result_code_print,1
[*] /s; sim-cal:10.574654
[*] Detection Result:C can't tell,1
[*] Detection for /binaries/PatchEvolution/tcpdump/CVE-2017-13006-577621026df8-tcpdump,print_32bits_val,1
[*] /s; sim-cal:0.667385
[*] Detection Result:N VP no diff,1
[*] Detection for /binaries/PatchEvolution/tcpdump/CVE-2017-13006-577621026df8-tcpdump,l2tp_framing_cap_print,1
[*] /s; sim-cal:0.764572
[*] Detection Result:P 0.525503170664461/0.9433357969943336 5/2,1
[*] Detection for /binaries/PatchEvolution/tcpdump/CVE-2017-13006-577621026df8-tcpdump,l2tp_ppp_discon_cc_print,1
[*] /s; sim-cal:0.661879
[*] Detection Result:C can't tell,1
[*] Detection for /binaries/PatchEvolution/tcpdump/CVE-2017-13006-577621026df8-tcpdump,l2tp_avp_print,1
[*] /s; sim-cal:0.822385
[*] Detection Result:P 0.5714285714285713/1.0 24/6,1
[*] Detection for /binaries/PatchEvolution/tcpdump/CVE-2017-13006-577621026df8-tcpdump,l2tp_bearer_type_print,1
[*] /s; sim-cal:0.678958
[*] Detection Result:P 0.525503170664461/0.9433357969943336 5/2,1
[*] Detection for /binaries/PatchEvolution/tcpdump/CVE-2017-13006-577621026df8-tcpdump,l2tp_bearer_cap_print,1
[*] /s; sim-cal:0.681688
[*] Detection Result:P 0.525503170664461/0.9433357969943336 5/2,1
[*] Detection for /binaries/PatchEvolution/tcpdump/CVE-2017-13006-cfa9ab5f80dd-tcpdump,l2tp_result_code_print,1
[*] /s; sim-cal:10.933505
[*] Detection Result:C can't tell,1
[*] Detection for /binaries/PatchEvolution/tcpdump/CVE-2017-13006-cfa9ab5f80dd-tcpdump,print_32bits_val,1
[*] /s; sim-cal:0.670952
[*] Detection Result:N VP no diff,1
[*] Detection for /binaries/PatchEvolution/tcpdump/CVE-2017-13006-cfa9ab5f80dd-tcpdump,l2tp_framing_cap_print,1
[*] /s; sim-cal:0.695954
[*] Detection Result:C can't tell,1
[*] Detection for /binaries/PatchEvolution/tcpdump/CVE-2017-13006-cfa9ab5f80dd-tcpdump,l2tp_ppp_discon_cc_print,1
[*] /s; sim-cal:0.770473
[*] Detection Result:C can't tell,1
[*] Detection for /binaries/PatchEvolution/tcpdump/CVE-2017-13006-cfa9ab5f80dd-tcpdump,l2tp_avp_print,1
[*] /s; sim-cal:0.796504
[*] Detection Result:P 0.4285714285714285/0.8972548117475654 31/13,1
[*] Detection for /binaries/PatchEvolution/tcpdump/CVE-2017-13006-cfa9ab5f80dd-tcpdump,l2tp_bearer_type_print,1
[*] /s; sim-cal:0.723301
[*] Detection Result:C can't tell,1
[*] Detection for /binaries/PatchEvolution/tcpdump/CVE-2017-13006-cfa9ab5f80dd-tcpdump,l2tp_bearer_cap_print,1
[*] /s; sim-cal:0.702139
[*] Detection Result:C can't tell,1
[*] Detection for /binaries/PatchEvolution/tcpdump/CVE-2017-13006-e2982e7f6f0b-tcpdump,l2tp_result_code_print,1
[*] /s; sim-cal:10.200458
[*] Detection Result:C can't tell,1
[*] Detection for /binaries/PatchEvolution/tcpdump/CVE-2017-13006-e2982e7f6f0b-tcpdump,print_32bits_val,1
[*] /s; sim-cal:0.80225
[*] Detection Result:N VP no diff,1
[*] Detection for /binaries/PatchEvolution/tcpdump/CVE-2017-13006-e2982e7f6f0b-tcpdump,l2tp_framing_cap_print,1
[*] /s; sim-cal:0.725545
[*] Detection Result:P 0.4739454094292804/0.8659768415865977 6/3,1
[*] Detection for /binaries/PatchEvolution/tcpdump/CVE-2017-13006-e2982e7f6f0b-tcpdump,l2tp_ppp_discon_cc_print,1
[*] /s; sim-cal:0.722452
[*] Detection Result:C can't tell,1
[*] Detection for /binaries/PatchEvolution/tcpdump/CVE-2017-13006-e2982e7f6f0b-tcpdump,l2tp_avp_print,1
[*] /s; sim-cal:0.760197
[*] Detection Result:P 0.5714285714285713/1.0 24/6,1
[*] Detection for /binaries/PatchEvolution/tcpdump/CVE-2017-13006-e2982e7f6f0b-tcpdump,l2tp_bearer_type_print,1
[*] /s; sim-cal:0.769534
[*] Detection Result:P 0.4739454094292804/0.8659768415865977 6/3,1
[*] Detection for /binaries/PatchEvolution/tcpdump/CVE-2017-13006-e2982e7f6f0b-tcpdump,l2tp_bearer_cap_print,1
[*] /s; sim-cal:0.674576
[*] Detection Result:P 0.4739454094292804/0.8659768415865977 6/3,1
[*] Detection for /binaries/PatchEvolution/tcpdump/CVE-2017-13006-ee68aa36460d-tcpdump,l2tp_result_code_print,1
[*] /s; sim-cal:10.87862
[*] Detection Result:C can't tell,1
[*] Detection for /binaries/PatchEvolution/tcpdump/CVE-2017-13006-ee68aa36460d-tcpdump,print_32bits_val,1
[*] /s; sim-cal:0.724238
[*] Detection Result:N VP no diff,1
[*] Detection for /binaries/PatchEvolution/tcpdump/CVE-2017-13006-ee68aa36460d-tcpdump,l2tp_framing_cap_print,1
[*] /s; sim-cal:0.68698
[*] Detection Result:C can't tell,1
[*] Detection for /binaries/PatchEvolution/tcpdump/CVE-2017-13006-ee68aa36460d-tcpdump,l2tp_ppp_discon_cc_print,1
[*] /s; sim-cal:0.682532
[*] Detection Result:C can't tell,1
[*] Detection for /binaries/PatchEvolution/tcpdump/CVE-2017-13006-ee68aa36460d-tcpdump,l2tp_avp_print,1
[*] /s; sim-cal:0.763256
[*] Detection Result:P 0.4285714285714285/0.8972548117475654 28/10,1
[*] Detection for /binaries/PatchEvolution/tcpdump/CVE-2017-13006-ee68aa36460d-tcpdump,l2tp_bearer_type_print,1
[*] /s; sim-cal:0.640297
[*] Detection Result:C can't tell,1
[*] Detection for /binaries/PatchEvolution/tcpdump/CVE-2017-13006-ee68aa36460d-tcpdump,l2tp_bearer_cap_print,1
[*] /s; sim-cal:0.645079
[*] Detection Result:C can't tell,1
------------------------------------------
[*] Detecting CVE: CVE-2017-13009
[*] Detection for /binaries/PatchEvolution/tcpdump/CVE-2017-13009-f68c3e3ec011-tcpdump,mobility_print,1
[*] /s; sim-cal:9.53955
[*] Detection Result:NA too much diff,1
[*] Detection for /binaries/PatchEvolution/tcpdump/CVE-2017-13009-e2982e7f6f0b-tcpdump,mobility_print,1
[*] /s; sim-cal:10.527387
[*] Detection Result:NA too much diff,1
[*] Detection for /binaries/PatchEvolution/tcpdump/CVE-2017-13009-39c8c55aa9ff-tcpdump,mobility_print,1
[*] /s; sim-cal:10.604895
[*] Detection Result:NA too much diff,1
[*] Detection for /binaries/PatchEvolution/tcpdump/CVE-2017-13009-306c2a0384af-tcpdump,mobility_print,1
[*] /s; sim-cal:11.178297
[*] Detection Result:NA too much diff,1
------------------------------------------
[*] Detecting CVE: CVE-2017-13011
[*] Detection for /binaries/PatchEvolution/tcpdump/CVE-2017-13011-857656d29151-tcpdump,bittok2str_internal,1
[*] /s; sim-cal:10.873476
[*] Detection Result:C can't tell,1
[*] Detection for /binaries/PatchEvolution/tcpdump/CVE-2017-13011-63610e417b2d-tcpdump,bittok2str_internal,1
[*] /s; sim-cal:10.787453
[*] Detection Result:C can't tell,1
------------------------------------------
[*] Detecting CVE: CVE-2017-13012
[*] Detection for /binaries/PatchEvolution/tcpdump/CVE-2017-13012-e2982e7f6f0b-tcpdump,icmp_print,1
[*] /s; sim-cal:10.455499
[*] Detection Result:NA too much diff,1
[*] Detection for /binaries/PatchEvolution/tcpdump/CVE-2017-13012-1ed63b5d0630-tcpdump,icmp_print,1
[*] /s; sim-cal:11.040833
[*] Detection Result:NA too much diff,1
[*] Detection for /binaries/PatchEvolution/tcpdump/CVE-2017-13012-7a5c4fb61005-tcpdump,icmp_print,1
[*] /s; sim-cal:10.897526
[*] Detection Result:NA too much diff,1
[*] Detection for /binaries/PatchEvolution/tcpdump/CVE-2017-13012-6d3b0e4599c5-tcpdump,icmp_print,1
[*] /s; sim-cal:11.170209
[*] Detection Result:NA too much diff,1
------------------------------------------
[*] Detecting CVE: CVE-2017-13013
[*] Detection for /binaries/PatchEvolution/tcpdump/CVE-2017-13013-e2982e7f6f0b-tcpdump,atmarp_print,1
[*] /s; sim-cal:10.156194
[*] Detection Result:P 0.38789125869951474/1.0 6/1,1
[*] Detection for /binaries/PatchEvolution/tcpdump/CVE-2017-13013-e2982e7f6f0b-tcpdump,isnonzero,1
[*] /s; sim-cal:0.694711
[*] Detection Result:N VP no diff,1
[*] Detection for /binaries/PatchEvolution/tcpdump/CVE-2017-13013-e2982e7f6f0b-tcpdump,arp_print,1
[*] /s; sim-cal:0.792592
[*] Detection Result:P 0.3577298263282091/1.0 6/1,1
[*] Detection for /binaries/PatchEvolution/tcpdump/CVE-2017-13013-e2982e7f6f0b-tcpdump,atmarp_addr_print,1
[*] /s; sim-cal:0.710515
[*] Detection Result:N VP no diff,1
[*] Detection for /binaries/PatchEvolution/tcpdump/CVE-2017-13013-1af20c3adc4d-tcpdump,atmarp_print,1
[*] /s; sim-cal:10.093113
[*] Detection Result:P 0.38789125869951474/0.4725663716814159 11/6,1
[*] Detection for /binaries/PatchEvolution/tcpdump/CVE-2017-13013-1af20c3adc4d-tcpdump,isnonzero,1
[*] /s; sim-cal:0.669347
[*] Detection Result:N VP no diff,1
[*] Detection for /binaries/PatchEvolution/tcpdump/CVE-2017-13013-1af20c3adc4d-tcpdump,arp_print,1
[*] /s; sim-cal:0.726276
[*] Detection Result:C can't tell,1
[*] Detection for /binaries/PatchEvolution/tcpdump/CVE-2017-13013-1af20c3adc4d-tcpdump,atmarp_addr_print,1
[*] /s; sim-cal:0.796472
[*] Detection Result:N VP no diff,1
[*] Detection for /binaries/PatchEvolution/tcpdump/CVE-2017-13013-306c2a0384af-tcpdump,atmarp_print,1
[*] /s; sim-cal:11.09874
[*] Detection Result:C can't tell,1
[*] Detection for /binaries/PatchEvolution/tcpdump/CVE-2017-13013-306c2a0384af-tcpdump,isnonzero,1
[*] /s; sim-cal:0.724127
[*] Detection Result:N VP no diff,1
[*] Detection for /binaries/PatchEvolution/tcpdump/CVE-2017-13013-306c2a0384af-tcpdump,arp_print,1
[*] /s; sim-cal:0.804886
[*] Detection Result:C can't tell,1
[*] Detection for /binaries/PatchEvolution/tcpdump/CVE-2017-13013-306c2a0384af-tcpdump,atmarp_addr_print,1
[*] /s; sim-cal:0.741688
[*] Detection Result:N VP no diff,1
[*] Detection for /binaries/PatchEvolution/tcpdump/CVE-2017-13013-84ef17ac0eec-tcpdump,atmarp_print,1
[*] /s; sim-cal:9.909776
[*] Detection Result:P 0.38789125869951474/1.0 6/1,1
[*] Detection for /binaries/PatchEvolution/tcpdump/CVE-2017-13013-84ef17ac0eec-tcpdump,isnonzero,1
[*] /s; sim-cal:0.697552
[*] Detection Result:N VP no diff,1
[*] Detection for /binaries/PatchEvolution/tcpdump/CVE-2017-13013-84ef17ac0eec-tcpdump,arp_print,1
[*] /s; sim-cal:0.798382
[*] Detection Result:P 0.3577298263282091/1.0 6/1,1
[*] Detection for /binaries/PatchEvolution/tcpdump/CVE-2017-13013-84ef17ac0eec-tcpdump,atmarp_addr_print,1
[*] /s; sim-cal:0.714044
[*] Detection Result:N VP no diff,1
------------------------------------------
[*] Detecting CVE: CVE-2017-13014
[*] Detection for /binaries/PatchEvolution/tcpdump/CVE-2017-13014-d526e47658b6-tcpdump,wb_prep,1
[*] /s; sim-cal:9.958771
[*] Detection Result:P 0.056129032258064517/0.9573170731707317 8/5,1
[*] Detection for /binaries/PatchEvolution/tcpdump/CVE-2017-13014-d526e47658b6-tcpdump,wb_print,1
[*] /s; sim-cal:0.725774
[*] Detection Result:C can't tell,1
[*] Detection for /binaries/PatchEvolution/tcpdump/CVE-2017-13014-e2982e7f6f0b-tcpdump,wb_prep,1
[*] /s; sim-cal:9.859843
[*] Detection Result:P 0.056129032258064517/0.9573170731707317 8/5,1
[*] Detection for /binaries/PatchEvolution/tcpdump/CVE-2017-13014-e2982e7f6f0b-tcpdump,wb_print,1
[*] /s; sim-cal:0.712793
[*] Detection Result:C can't tell,1
[*] Detection for /binaries/PatchEvolution/tcpdump/CVE-2017-13014-0dad1934af3d-tcpdump,wb_prep,1
[*] /s; sim-cal:9.991332
[*] Detection Result:P 0.056129032258064517/0.9573170731707317 8/5,1
[*] Detection for /binaries/PatchEvolution/tcpdump/CVE-2017-13014-0dad1934af3d-tcpdump,wb_print,1
[*] /s; sim-cal:0.700658
[*] Detection Result:C can't tell,1
[*] Detection for /binaries/PatchEvolution/tcpdump/CVE-2017-13014-306c2a0384af-tcpdump,wb_prep,1
[*] /s; sim-cal:11.262874
[*] Detection Result:P 0.056129032258064517/0.9573170731707317 8/5,1
[*] Detection for /binaries/PatchEvolution/tcpdump/CVE-2017-13014-306c2a0384af-tcpdump,wb_print,1
[*] /s; sim-cal:0.838806
[*] Detection Result:C can't tell,1
------------------------------------------
[*] Detecting CVE: CVE-2017-13015
[*] Detection for /binaries/PatchEvolution/tcpdump/CVE-2017-13015-61d5da84a02a-tcpdump,eap_print,1
[*] /s; sim-cal:11.222308
[*] Detection Result:NA too much diff,1
[*] Detection for /binaries/PatchEvolution/tcpdump/CVE-2017-13015-e10fe19f4578-tcpdump,eap_print,1
[*] /s; sim-cal:10.34928
[*] Detection Result:NA too much diff,1
[*] Detection for /binaries/PatchEvolution/tcpdump/CVE-2017-13015-e2982e7f6f0b-tcpdump,eap_print,1
[*] /s; sim-cal:9.808961
[*] Detection Result:P 0.2678516185161289/0.7777971223308598 31/9,1
[*] Detection for /binaries/PatchEvolution/tcpdump/CVE-2017-13015-5cea2703185c-tcpdump,eap_print,1
[*] /s; sim-cal:10.029068
[*] Detection Result:P 0.2678516185161289/0.8367317502887324 30/8,1
------------------------------------------
[*] Detecting CVE: CVE-2017-13016
[*] Detection for /binaries/PatchEvolution/tcpdump/CVE-2017-13016-228f225ca02d-tcpdump,esis_print,1
[*] /s; sim-cal:11.411141
[*] Detection Result:V 0.5817791005291005/0.5478081326529597 34/32,1
[*] Detection for /binaries/PatchEvolution/tcpdump/CVE-2017-13016-306c2a0384af-tcpdump,esis_print,1
[*] /s; sim-cal:11.736912
[*] Detection Result:V 0.5817791005291005/0.5478081326529597 32/30,1
[*] Detection for /binaries/PatchEvolution/tcpdump/CVE-2017-13016-1dbc62cb8386-tcpdump,esis_print,1
[*] /s; sim-cal:9.541082
[*] Detection Result:P 0.11581349206349206/0.5685885314606481 23/16,1
[*] Detection for /binaries/PatchEvolution/tcpdump/CVE-2017-13016-e2982e7f6f0b-tcpdump,esis_print,1
[*] /s; sim-cal:10.225751
[*] Detection Result:P 0.11581349206349206/0.5685885314606481 18/10,1
------------------------------------------
[*] Detecting CVE: CVE-2017-13017
[*] Detection for /binaries/PatchEvolution/tcpdump/CVE-2017-13017-ee68aa36460d-tcpdump,dhcp6opt_print,1
[*] /s; sim-cal:11.043731
[*] Detection Result:NA too much diff,1
[*] Detection for /binaries/PatchEvolution/tcpdump/CVE-2017-13017-3e3e6d2ef4c1-tcpdump,dhcp6opt_print,1
[*] /s; sim-cal:10.310524
[*] Detection Result:NA too much diff,1
[*] Detection for /binaries/PatchEvolution/tcpdump/CVE-2017-13017-40ae3ad744d9-tcpdump,dhcp6opt_print,1
[*] /s; sim-cal:9.825265
[*] Detection Result:NA too much diff,1
[*] Detection for /binaries/PatchEvolution/tcpdump/CVE-2017-13017-f6a0369dfc99-tcpdump,dhcp6opt_print,1
[*] /s; sim-cal:11.229637
[*] Detection Result:NA too much diff,1
------------------------------------------
[*] Detecting CVE: CVE-2017-13018
[*] Detection for /binaries/PatchEvolution/tcpdump/CVE-2017-13018-57caa8d3383f-tcpdump,pgm_print,1
[*] /s; sim-cal:11.743925
[*] Detection Result:NA too much diff,1
[*] Detection for /binaries/PatchEvolution/tcpdump/CVE-2017-13018-a95802aa0d87-tcpdump,pgm_print,1
[*] /s; sim-cal:10.48957
[*] Detection Result:NA too much diff,1
[*] Detection for /binaries/PatchEvolution/tcpdump/CVE-2017-13018-51e180c4fb05-tcpdump,pgm_print,1
[*] /s; sim-cal:11.548486
[*] Detection Result:NA too much diff,1
[*] Detection for /binaries/PatchEvolution/tcpdump/CVE-2017-13018-e2982e7f6f0b-tcpdump,pgm_print,1
[*] /s; sim-cal:10.548848
[*] Detection Result:NA too much diff,1
------------------------------------------
[*] Detecting CVE: CVE-2017-13019
[*] Detection for /binaries/PatchEvolution/tcpdump/CVE-2017-13019-e2982e7f6f0b-tcpdump,pgm_print,1
[*] /s; sim-cal:10.285433
[*] Detection Result:NA too much diff,1
[*] Detection for /binaries/PatchEvolution/tcpdump/CVE-2017-13019-51e180c4fb05-tcpdump,pgm_print,1
[*] /s; sim-cal:11.151285
[*] Detection Result:NA too much diff,1
[*] Detection for /binaries/PatchEvolution/tcpdump/CVE-2017-13019-a95802aa0d87-tcpdump,pgm_print,1
[*] /s; sim-cal:10.290634
[*] Detection Result:NA too much diff,1
[*] Detection for /binaries/PatchEvolution/tcpdump/CVE-2017-13019-57caa8d3383f-tcpdump,pgm_print,1
[*] /s; sim-cal:11.086144
[*] Detection Result:NA too much diff,1
------------------------------------------
[*] Detecting CVE: CVE-2017-13020
[*] Detection for /binaries/PatchEvolution/tcpdump/CVE-2017-13020-abc8c2d61c65-tcpdump,vtp_print,1
[*] /s; sim-cal:11.34811
[*] Detection Result:NA too much diff,1
[*] Detection for /binaries/PatchEvolution/tcpdump/CVE-2017-13020-3e3e6d2ef4c1-tcpdump,vtp_print,1
[*] /s; sim-cal:10.545279
[*] Detection Result:NA too much diff,1
[*] Detection for /binaries/PatchEvolution/tcpdump/CVE-2017-13020-57ff158eb0b5-tcpdump,vtp_print,1
[*] /s; sim-cal:11.638626
[*] Detection Result:NA too much diff,1
[*] Detection for /binaries/PatchEvolution/tcpdump/CVE-2017-13020-40ae3ad744d9-tcpdump,vtp_print,1
[*] /s; sim-cal:9.865808
[*] Detection Result:NA too much diff,1
------------------------------------------
[*] Detecting CVE: CVE-2017-13021
[*] Detection for /binaries/PatchEvolution/tcpdump/CVE-2017-13021-6e15ad4b9938-tcpdump,icmp6_print,1
[*] /s; sim-cal:10.551193
[*] Detection Result:NA too much diff,1
[*] Detection for /binaries/PatchEvolution/tcpdump/CVE-2017-13021-01c04c916b3d-tcpdump,icmp6_print,1
[*] /s; sim-cal:10.698754
[*] Detection Result:NA too much diff,1
[*] Detection for /binaries/PatchEvolution/tcpdump/CVE-2017-13021-e2982e7f6f0b-tcpdump,icmp6_print,1
[*] /s; sim-cal:10.53709
[*] Detection Result:NA too much diff,1
[*] Detection for /binaries/PatchEvolution/tcpdump/CVE-2017-13021-98440166f7d7-tcpdump,icmp6_print,1
[*] /s; sim-cal:10.29321
[*] Detection Result:NA too much diff,1
------------------------------------------
[*] Detecting CVE: CVE-2017-13022
[*] Detection for /binaries/PatchEvolution/tcpdump/CVE-2017-13022-39c8c55aa9ff-tcpdump,ip_optprint,1
[*] /s; sim-cal:10.107851
[*] Detection Result:P 0.5/0.9736842105263158 11/8,1
[*] Detection for /binaries/PatchEvolution/tcpdump/CVE-2017-13022-39c8c55aa9ff-tcpdump,ip_printroute,1
[*] /s; sim-cal:0.691182
[*] Detection Result:P,1
[*] Detection for /binaries/PatchEvolution/tcpdump/CVE-2017-13022-00b189d27cd2-tcpdump,ip_optprint,1
[*] /s; sim-cal:10.06713
[*] Detection Result:P 0.5/0.9736842105263158 11/8,1
[*] Detection for /binaries/PatchEvolution/tcpdump/CVE-2017-13022-00b189d27cd2-tcpdump,ip_printroute,1
[*] /s; sim-cal:0.731871
[*] Detection Result:P,1
[*] Detection for /binaries/PatchEvolution/tcpdump/CVE-2017-13022-c98ea428912f-tcpdump,ip_optprint,1
[*] /s; sim-cal:10.887417
[*] Detection Result:P 0.2727272727272727/0.40789473684210525 26/24,1
[*] Detection for /binaries/PatchEvolution/tcpdump/CVE-2017-13022-c98ea428912f-tcpdump,ip_printroute,1
[*] /s; sim-cal:0.806195
[*] Detection Result:P 0.396410212175537/0.44957051186772545 15/11,1
[*] Detection for /binaries/PatchEvolution/tcpdump/CVE-2017-13022-e2982e7f6f0b-tcpdump,ip_optprint,1
[*] /s; sim-cal:9.930722
[*] Detection Result:P 0.2727272727272727/0.5760869565217391 28/26,1
[*] Detection for /binaries/PatchEvolution/tcpdump/CVE-2017-13022-e2982e7f6f0b-tcpdump,ip_printroute,1
[*] /s; sim-cal:0.869654
[*] Detection Result:P 0.36813043400738804/0.6448903218751489 17/12,1
------------------------------------------
[*] Detecting CVE: CVE-2017-13023
[*] Detection for /binaries/PatchEvolution/tcpdump/CVE-2017-13023-e2982e7f6f0b-tcpdump,mobility_opt_print,1
[*] /s; sim-cal:10.040128
[*] Detection Result:P 0.6094094094094094/0.9216216216216216 15/14,1
[*] Detection for /binaries/PatchEvolution/tcpdump/CVE-2017-13023-1a90fd99d279-tcpdump,mobility_opt_print,1
[*] /s; sim-cal:9.794484
[*] Detection Result:P 0.6094094094094094/0.9216216216216216 12/11,1
[*] Detection for /binaries/PatchEvolution/tcpdump/CVE-2017-13023-f68c3e3ec011-tcpdump,mobility_opt_print,1
[*] /s; sim-cal:9.863826
[*] Detection Result:P 0.6094094094094094/0.9216216216216216 10/9,1
[*] Detection for /binaries/PatchEvolution/tcpdump/CVE-2017-13023-abc8c2d61c65-tcpdump,mobility_opt_print,1
[*] /s; sim-cal:11.044003
[*] Detection Result:V 1.0/0.5103103103103103 12/12,1
------------------------------------------
[*] Detecting CVE: CVE-2017-13024
[*] Detection for /binaries/PatchEvolution/tcpdump/CVE-2017-13024-abc8c2d61c65-tcpdump,mobility_opt_print,1
[*] /s; sim-cal:11.172965
[*] Detection Result:V 1.0/0.44525692762980895 12/12,1
[*] Detection for /binaries/PatchEvolution/tcpdump/CVE-2017-13024-f68c3e3ec011-tcpdump,mobility_opt_print,1
[*] /s; sim-cal:9.707318
[*] Detection Result:P 0.4994942157654022/0.9065778853914447 9/7,1
[*] Detection for /binaries/PatchEvolution/tcpdump/CVE-2017-13024-e2982e7f6f0b-tcpdump,mobility_opt_print,1
[*] /s; sim-cal:10.518302
[*] Detection Result:P 0.4994942157654022/0.9065778853914447 14/12,1
[*] Detection for /binaries/PatchEvolution/tcpdump/CVE-2017-13024-1a90fd99d279-tcpdump,mobility_opt_print,1
[*] /s; sim-cal:10.196479
[*] Detection Result:P 0.4994942157654022/0.9065778853914447 11/9,1
------------------------------------------
[*] Detecting CVE: CVE-2017-13025
[*] Detection for /binaries/PatchEvolution/tcpdump/CVE-2017-13025-1a90fd99d279-tcpdump,mobility_opt_print,1
[*] /s; sim-cal:10.48294
[*] Detection Result:P 0.6113060428849902/0.9315789473684211 9/8,1
[*] Detection for /binaries/PatchEvolution/tcpdump/CVE-2017-13025-abc8c2d61c65-tcpdump,mobility_opt_print,1
[*] /s; sim-cal:11.577088
[*] Detection Result:P 0.6446393762183236/0.9228070175438597 12/11,1
[*] Detection for /binaries/PatchEvolution/tcpdump/CVE-2017-13025-f68c3e3ec011-tcpdump,mobility_opt_print,1
[*] /s; sim-cal:10.138676
[*] Detection Result:P 0.6113060428849902/0.9491228070175438 7/6,1
[*] Detection for /binaries/PatchEvolution/tcpdump/CVE-2017-13025-e2982e7f6f0b-tcpdump,mobility_opt_print,1
[*] /s; sim-cal:10.883127
[*] Detection Result:P 0.6113060428849902/0.9315789473684211 12/11,1
------------------------------------------
[*] Detecting CVE: CVE-2017-13026
[*] Detection for /binaries/PatchEvolution/tcpdump/CVE-2017-13026-0fa0692de376-tcpdump,isis_print_mt_capability_subtlv,1
[*] /s; sim-cal:10.899673
[*] Detection Result:P 0.16273266375433607/0.4422709714724228 22/17,1
[*] Detection for /binaries/PatchEvolution/tcpdump/CVE-2017-13026-0fa0692de376-tcpdump,isis_print_mt_port_cap_subtlv,1
[*] /s; sim-cal:0.82666
[*] Detection Result:P 0.2407852564102564/0.27820024572454927 28/21,1
[*] Detection for /binaries/PatchEvolution/tcpdump/CVE-2017-13026-2f6c71013128-tcpdump,isis_print_mt_capability_subtlv,1
[*] /s; sim-cal:9.214572
[*] Detection Result:P 0.18803927284196878/0.4859356649749799 22/15,1
[*] Detection for /binaries/PatchEvolution/tcpdump/CVE-2017-13026-2f6c71013128-tcpdump,isis_print_mt_port_cap_subtlv,1
[*] /s; sim-cal:0.740078
[*] Detection Result:V 0.2679492978000441/0.0 21/14,1
[*] Detection for /binaries/PatchEvolution/tcpdump/CVE-2017-13026-51e180c4fb05-tcpdump,isis_print_mt_capability_subtlv,1
[*] /s; sim-cal:10.946984
[*] Detection Result:C can't tell,1
[*] Detection for /binaries/PatchEvolution/tcpdump/CVE-2017-13026-51e180c4fb05-tcpdump,isis_print_mt_port_cap_subtlv,1
[*] /s; sim-cal:0.80406
[*] Detection Result:P 0.1910569105691057/0.19542302728812208 27/21,1
[*] Detection for /binaries/PatchEvolution/tcpdump/CVE-2017-13026-e2982e7f6f0b-tcpdump,isis_print_mt_capability_subtlv,1
[*] /s; sim-cal:9.994547
[*] Detection Result:P 0.2707601084696884/0.5793033481354778 22/15,1
[*] Detection for /binaries/PatchEvolution/tcpdump/CVE-2017-13026-e2982e7f6f0b-tcpdump,isis_print_mt_port_cap_subtlv,1
[*] /s; sim-cal:0.786089
[*] Detection Result:V 0.637917637917638/0.0 21/14,1
------------------------------------------
[*] Detecting CVE: CVE-2017-13028
[*] Detection for /binaries/PatchEvolution/tcpdump/CVE-2017-13028-2a1c7a3975cd-tcpdump,bootp_print,1
[*] /s; sim-cal:10.074413
[*] Detection Result:NA too much diff,1
[*] Detection for /binaries/PatchEvolution/tcpdump/CVE-2017-13028-ea0d29f7436f-tcpdump,bootp_print,1
[*] /s; sim-cal:10.817426
[*] Detection Result:NA too much diff,1
[*] Detection for /binaries/PatchEvolution/tcpdump/CVE-2017-13028-306c2a0384af-tcpdump,bootp_print,1
[*] /s; sim-cal:11.590374
[*] Detection Result:NA too much diff,1
[*] Detection for /binaries/PatchEvolution/tcpdump/CVE-2017-13028-3e3e6d2ef4c1-tcpdump,bootp_print,1
[*] /s; sim-cal:11.007485
[*] Detection Result:NA too much diff,1
------------------------------------------
[*] Detecting CVE: CVE-2017-13029
[*] Detection for /binaries/PatchEvolution/tcpdump/CVE-2017-13029-84ef17ac0eec-tcpdump,print_ipcp_config_options,1
[*] /s; sim-cal:10.168498
[*] Detection Result:N VP no diff,1
[*] Detection for /binaries/PatchEvolution/tcpdump/CVE-2017-13029-84ef17ac0eec-tcpdump,print_bacp_config_options,1
[*] /s; sim-cal:0.719213
[*] Detection Result:N VP no diff,1
[*] Detection for /binaries/PatchEvolution/tcpdump/CVE-2017-13029-84ef17ac0eec-tcpdump,print_ccp_config_options,1
[*] /s; sim-cal:0.921564
[*] Detection Result:P 0.6796776888457704/0.8967313386317595 11/9,1
[*] Detection for /binaries/PatchEvolution/tcpdump/CVE-2017-13029-84ef17ac0eec-tcpdump,print_lcp_config_options,1
[*] /s; sim-cal:0.892484
[*] Detection Result:N VP no diff,1
[*] Detection for /binaries/PatchEvolution/tcpdump/CVE-2017-13029-e2982e7f6f0b-tcpdump,print_ipcp_config_options,1
[*] /s; sim-cal:10.131627
[*] Detection Result:N VP no diff,1
[*] Detection for /binaries/PatchEvolution/tcpdump/CVE-2017-13029-e2982e7f6f0b-tcpdump,print_bacp_config_options,1
[*] /s; sim-cal:0.7563
[*] Detection Result:N VP no diff,1
[*] Detection for /binaries/PatchEvolution/tcpdump/CVE-2017-13029-e2982e7f6f0b-tcpdump,print_ccp_config_options,1
[*] /s; sim-cal:0.776433
[*] Detection Result:P 0.6796776888457704/0.8967313386317595 11/9,1
[*] Detection for /binaries/PatchEvolution/tcpdump/CVE-2017-13029-e2982e7f6f0b-tcpdump,print_lcp_config_options,1
[*] /s; sim-cal:0.816759
[*] Detection Result:N VP no diff,1
[*] Detection for /binaries/PatchEvolution/tcpdump/CVE-2017-13029-ee68aa36460d-tcpdump,print_ipcp_config_options,1
[*] /s; sim-cal:11.063351
[*] Detection Result:N VP no diff,1
[*] Detection for /binaries/PatchEvolution/tcpdump/CVE-2017-13029-ee68aa36460d-tcpdump,print_bacp_config_options,1
[*] /s; sim-cal:0.87724
[*] Detection Result:N VP no diff,1
[*] Detection for /binaries/PatchEvolution/tcpdump/CVE-2017-13029-ee68aa36460d-tcpdump,print_ccp_config_options,1
[*] /s; sim-cal:0.784738
[*] Detection Result:P 0.17948717948717952/0.41762308998302206 23/21,1
[*] Detection for /binaries/PatchEvolution/tcpdump/CVE-2017-13029-ee68aa36460d-tcpdump,print_lcp_config_options,1
[*] /s; sim-cal:0.854265
[*] Detection Result:N VP no diff,1
[*] Detection for /binaries/PatchEvolution/tcpdump/CVE-2017-13029-ff1c209392b2-tcpdump,print_ipcp_config_options,1
[*] /s; sim-cal:10.096373
[*] Detection Result:N VP no diff,1
[*] Detection for /binaries/PatchEvolution/tcpdump/CVE-2017-13029-ff1c209392b2-tcpdump,print_bacp_config_options,1
[*] /s; sim-cal:0.775402
[*] Detection Result:N VP no diff,1
[*] Detection for /binaries/PatchEvolution/tcpdump/CVE-2017-13029-ff1c209392b2-tcpdump,print_ccp_config_options,1
[*] /s; sim-cal:0.745218
[*] Detection Result:P 0.6796776888457704/0.8967313386317595 11/9,1
[*] Detection for /binaries/PatchEvolution/tcpdump/CVE-2017-13029-ff1c209392b2-tcpdump,print_lcp_config_options,1
[*] /s; sim-cal:0.859675
[*] Detection Result:N VP no diff,1
------------------------------------------
[*] Detecting CVE: CVE-2017-13030
[*] Detection for /binaries/PatchEvolution/tcpdump/CVE-2017-13030-577621026df8-tcpdump,pimv2_addr_print,1
[*] /s; sim-cal:10.039723
[*] Detection Result:P,1
[*] Detection for /binaries/PatchEvolution/tcpdump/CVE-2017-13030-577621026df8-tcpdump,pim_print,1
[*] /s; sim-cal:0.76524
[*] Detection Result:P,1
[*] Detection for /binaries/PatchEvolution/tcpdump/CVE-2017-13030-577621026df8-tcpdump,pimv1_print,1
[*] /s; sim-cal:0.79147
[*] Detection Result:P 0.44830264263100084/0.8249939760850576 9/5,1
[*] Detection for /binaries/PatchEvolution/tcpdump/CVE-2017-13030-577621026df8-tcpdump,pimv1_join_prune_print,1
[*] /s; sim-cal:0.840236
[*] Detection Result:NA too much diff,1
[*] Detection for /binaries/PatchEvolution/tcpdump/CVE-2017-13030-577621026df8-tcpdump,pimv2_print,1
[*] /s; sim-cal:1.06582
[*] Detection Result:NA too much diff,1
[*] Detection for /binaries/PatchEvolution/tcpdump/CVE-2017-13030-577621026df8-tcpdump,cisco_autorp_print,1
[*] /s; sim-cal:0.819874
[*] Detection Result:NA too much diff,1
[*] Detection for /binaries/PatchEvolution/tcpdump/CVE-2017-13030-e2982e7f6f0b-tcpdump,pimv2_addr_print,1
[*] /s; sim-cal:10.061437
[*] Detection Result:P 0.2032091700845381/0.851926758791838 24/6,1
[*] Detection for /binaries/PatchEvolution/tcpdump/CVE-2017-13030-e2982e7f6f0b-tcpdump,pim_print,1
[*] /s; sim-cal:0.741812
[*] Detection Result:C can't tell,1
[*] Detection for /binaries/PatchEvolution/tcpdump/CVE-2017-13030-e2982e7f6f0b-tcpdump,pimv1_print,1
[*] /s; sim-cal:0.745743
[*] Detection Result:P 0.5760157366127514/0.6865494024096175 29/28,1
[*] Detection for /binaries/PatchEvolution/tcpdump/CVE-2017-13030-e2982e7f6f0b-tcpdump,pimv1_join_prune_print,1
[*] /s; sim-cal:0.771755
[*] Detection Result:NA too much diff,1
[*] Detection for /binaries/PatchEvolution/tcpdump/CVE-2017-13030-e2982e7f6f0b-tcpdump,pimv2_print,1
[*] /s; sim-cal:0.980725
[*] Detection Result:NA too much diff,1
[*] Detection for /binaries/PatchEvolution/tcpdump/CVE-2017-13030-e2982e7f6f0b-tcpdump,cisco_autorp_print,1
[*] /s; sim-cal:0.784337
[*] Detection Result:NA too much diff,1
[*] Detection for /binaries/PatchEvolution/tcpdump/CVE-2017-13030-315fe447eadb-tcpdump,pimv2_addr_print,1
[*] /s; sim-cal:10.862888
[*] Detection Result:NA too much diff,1
[*] Detection for /binaries/PatchEvolution/tcpdump/CVE-2017-13030-315fe447eadb-tcpdump,pim_print,1
[*] /s; sim-cal:0.732427
[*] Detection Result:C can't tell,1
[*] Detection for /binaries/PatchEvolution/tcpdump/CVE-2017-13030-315fe447eadb-tcpdump,pimv1_print,1
[*] /s; sim-cal:0.832124
[*] Detection Result:P 0.4353952995313987/0.5204775097783573 30/29,1
[*] Detection for /binaries/PatchEvolution/tcpdump/CVE-2017-13030-315fe447eadb-tcpdump,pimv1_join_prune_print,1
[*] /s; sim-cal:0.857962
[*] Detection Result:NA too much diff,1
[*] Detection for /binaries/PatchEvolution/tcpdump/CVE-2017-13030-315fe447eadb-tcpdump,pimv2_print,1
[*] /s; sim-cal:1.002539
[*] Detection Result:NA too much diff,1
[*] Detection for /binaries/PatchEvolution/tcpdump/CVE-2017-13030-315fe447eadb-tcpdump,cisco_autorp_print,1
[*] /s; sim-cal:0.749508
[*] Detection Result:NA too much diff,1
[*] Detection for /binaries/PatchEvolution/tcpdump/CVE-2017-13030-8c8d5ecba440-tcpdump,pimv2_addr_print,1
[*] /s; sim-cal:10.816546
[*] Detection Result:NA too much diff,1
[*] Detection for /binaries/PatchEvolution/tcpdump/CVE-2017-13030-8c8d5ecba440-tcpdump,pim_print,1
[*] /s; sim-cal:0.851522
[*] Detection Result:C can't tell,1
[*] Detection for /binaries/PatchEvolution/tcpdump/CVE-2017-13030-8c8d5ecba440-tcpdump,pimv1_print,1
[*] /s; sim-cal:0.777688
[*] Detection Result:P 0.4353952995313987/0.5204775097783573 30/29,1
[*] Detection for /binaries/PatchEvolution/tcpdump/CVE-2017-13030-8c8d5ecba440-tcpdump,pimv1_join_prune_print,1
[*] /s; sim-cal:0.875547
[*] Detection Result:NA too much diff,1
[*] Detection for /binaries/PatchEvolution/tcpdump/CVE-2017-13030-8c8d5ecba440-tcpdump,pimv2_print,1
[*] /s; sim-cal:1.05835
[*] Detection Result:NA too much diff,1
[*] Detection for /binaries/PatchEvolution/tcpdump/CVE-2017-13030-8c8d5ecba440-tcpdump,cisco_autorp_print,1
[*] /s; sim-cal:0.758787
[*] Detection Result:NA too much diff,1
------------------------------------------
[*] Detecting CVE: CVE-2017-13031
[*] Detection for /binaries/PatchEvolution/tcpdump/CVE-2017-13031-2e943ce0c947-tcpdump,frag6_print,1
[*] /s; sim-cal:10.772169
[*] Detection Result:C can't tell,1
[*] Detection for /binaries/PatchEvolution/tcpdump/CVE-2017-13031-d526e47658b6-tcpdump,frag6_print,1
[*] /s; sim-cal:9.949094
[*] Detection Result:P 0.41647241647241645/0.47241647241647233 6/6,1
[*] Detection for /binaries/PatchEvolution/tcpdump/CVE-2017-13031-d7a661b5d3e7-tcpdump,frag6_print,1
[*] /s; sim-cal:10.646375
[*] Detection Result:C can't tell,1
[*] Detection for /binaries/PatchEvolution/tcpdump/CVE-2017-13031-e2982e7f6f0b-tcpdump,frag6_print,1
[*] /s; sim-cal:10.36443
[*] Detection Result:P 0.41647241647241645/0.47241647241647233 6/6,1
------------------------------------------
[*] Detecting CVE: CVE-2017-13032
[*] Detection for /binaries/PatchEvolution/tcpdump/CVE-2017-13032-ba8936b39b0c-tcpdump,print_attr_string,1
[*] /s; sim-cal:9.905458
[*] Detection Result:P 0.16034662146364273/0.27748434891292034 26/20,1
[*] Detection for /binaries/PatchEvolution/tcpdump/CVE-2017-13032-03a2d9c4c1e3-tcpdump,print_attr_string,1
[*] /s; sim-cal:10.059783
[*] Detection Result:P 0.5471655408574913/0.875 10/2,1
[*] Detection for /binaries/PatchEvolution/tcpdump/CVE-2017-13032-e2982e7f6f0b-tcpdump,print_attr_string,1
[*] /s; sim-cal:10.568206
[*] Detection Result:P 0.16034662146364273/0.27748434891292034 26/20,1
[*] Detection for /binaries/PatchEvolution/tcpdump/CVE-2017-13032-5cea2703185c-tcpdump,print_attr_string,1
[*] /s; sim-cal:10.275876
[*] Detection Result:P 0.16034662146364273/0.27748434891292034 26/20,1
------------------------------------------
[*] Detecting CVE: CVE-2017-13033
[*] Detection for /binaries/PatchEvolution/tcpdump/CVE-2017-13033-3c8f3e13b033-tcpdump,vtp_print,1
[*] /s; sim-cal:10.259533
[*] Detection Result:P 0.4616971764193203/0.8704439701385488 29/13,1
[*] Detection for /binaries/PatchEvolution/tcpdump/CVE-2017-13033-40ae3ad744d9-tcpdump,vtp_print,1
[*] /s; sim-cal:10.446134
[*] Detection Result:NA too much diff,1
[*] Detection for /binaries/PatchEvolution/tcpdump/CVE-2017-13033-3e3e6d2ef4c1-tcpdump,vtp_print,1
[*] /s; sim-cal:10.374142
[*] Detection Result:NA too much diff,1
[*] Detection for /binaries/PatchEvolution/tcpdump/CVE-2017-13033-577621026df8-tcpdump,vtp_print,1
[*] /s; sim-cal:10.398974
[*] Detection Result:P 0.4616971764193203/0.8704439701385488 28/12,1
------------------------------------------
[*] Detecting CVE: CVE-2017-13034
[*] Detection for /binaries/PatchEvolution/tcpdump/CVE-2017-13034-abc8c2d61c65-tcpdump,pgm_print,1
[*] /s; sim-cal:11.5171
[*] Detection Result:NA too much diff,1
[*] Detection for /binaries/PatchEvolution/tcpdump/CVE-2017-13034-e2982e7f6f0b-tcpdump,pgm_print,1
[*] /s; sim-cal:10.405367
[*] Detection Result:NA too much diff,1
[*] Detection for /binaries/PatchEvolution/tcpdump/CVE-2017-13034-bff53faf16b8-tcpdump,pgm_print,1
[*] /s; sim-cal:10.770499
[*] Detection Result:NA too much diff,1
[*] Detection for /binaries/PatchEvolution/tcpdump/CVE-2017-13034-a95802aa0d87-tcpdump,pgm_print,1
[*] /s; sim-cal:10.366554
[*] Detection Result:P 0.4392156862745098/0.6698464373464373 35/33,1
------------------------------------------
[*] Detecting CVE: CVE-2017-13035
[*] Detection for /binaries/PatchEvolution/tcpdump/CVE-2017-13035-ee68aa36460d-tcpdump,isis_print_id,1
[*] /s; sim-cal:11.193391
[*] Detection Result:V 0.3236111111111111/0.31676120249574585 8/6,1
[*] Detection for /binaries/PatchEvolution/tcpdump/CVE-2017-13035-1af20c3adc4d-tcpdump,isis_print_id,1
[*] /s; sim-cal:10.330924
[*] Detection Result:V 0.34259259259259256/0.3362983320678537 8/6,1
[*] Detection for /binaries/PatchEvolution/tcpdump/CVE-2017-13035-1ed63b5d0630-tcpdump,isis_print_id,1
[*] /s; sim-cal:11.37311
[*] Detection Result:V 0.3236111111111111/0.31676120249574585 8/6,1
------------------------------------------
[*] Detecting CVE: CVE-2017-13036
[*] Detection for /binaries/PatchEvolution/tcpdump/CVE-2017-13036-6e15ad4b9938-tcpdump,ospf6_decode_v3,1
[*] /s; sim-cal:10.661884
[*] Detection Result:NA too much diff,1
[*] Detection for /binaries/PatchEvolution/tcpdump/CVE-2017-13036-e2982e7f6f0b-tcpdump,ospf6_decode_v3,1
[*] /s; sim-cal:10.791716
[*] Detection Result:NA too much diff,1
[*] Detection for /binaries/PatchEvolution/tcpdump/CVE-2017-13036-ee68aa36460d-tcpdump,ospf6_decode_v3,1
[*] /s; sim-cal:11.532992
[*] Detection Result:NA too much diff,1
[*] Detection for /binaries/PatchEvolution/tcpdump/CVE-2017-13036-5791511faa59-tcpdump,ospf6_decode_v3,1
[*] /s; sim-cal:10.594551
[*] Detection Result:NA too much diff,1
------------------------------------------
[*] Detecting CVE: CVE-2017-13037
[*] Detection for /binaries/PatchEvolution/tcpdump/CVE-2017-13037-64677b0d78ff-tcpdump,ip_optprint,1
[*] /s; sim-cal:10.523472
[*] Detection Result:P 0.2727272727272727/0.5760869565217391 26/24,1
[*] Detection for /binaries/PatchEvolution/tcpdump/CVE-2017-13037-64677b0d78ff-tcpdump,nextproto4_cksum,1
[*] /s; sim-cal:0.871436
[*] Detection Result:N VP no diff,1
[*] Detection for /binaries/PatchEvolution/tcpdump/CVE-2017-13037-64677b0d78ff-tcpdump,ip_printts,1
[*] /s; sim-cal:0.746722
[*] Detection Result:P 0.25806451612903225/0.48755883674067685 32/26,1
[*] Detection for /binaries/PatchEvolution/tcpdump/CVE-2017-13037-ee68aa36460d-tcpdump,ip_optprint,1
[*] /s; sim-cal:10.765557
[*] Detection Result:P 0.2727272727272727/0.381578947368421 27/26,1
[*] Detection for /binaries/PatchEvolution/tcpdump/CVE-2017-13037-ee68aa36460d-tcpdump,nextproto4_cksum,1
[*] /s; sim-cal:0.660571
[*] Detection Result:N VP no diff,1
[*] Detection for /binaries/PatchEvolution/tcpdump/CVE-2017-13037-ee68aa36460d-tcpdump,ip_printts,1
[*] /s; sim-cal:0.787501
[*] Detection Result:P 0.25806451612903225/0.4490278668796922 33/27,1
[*] Detection for /binaries/PatchEvolution/tcpdump/CVE-2017-13037-e2982e7f6f0b-tcpdump,ip_optprint,1
[*] /s; sim-cal:9.828439
[*] Detection Result:P 0.2727272727272727/0.5760869565217391 26/24,1
[*] Detection for /binaries/PatchEvolution/tcpdump/CVE-2017-13037-e2982e7f6f0b-tcpdump,nextproto4_cksum,1
[*] /s; sim-cal:0.787409
[*] Detection Result:N VP no diff,1
[*] Detection for /binaries/PatchEvolution/tcpdump/CVE-2017-13037-e2982e7f6f0b-tcpdump,ip_printts,1
[*] /s; sim-cal:0.763302
[*] Detection Result:P 0.25806451612903225/0.5638570401637878 32/24,1
[*] Detection for /binaries/PatchEvolution/tcpdump/CVE-2017-13037-6bb65331a5f9-tcpdump,ip_optprint,1
[*] /s; sim-cal:10.111363
[*] Detection Result:P 0.2727272727272727/0.9736842105263157 8/5,1
[*] Detection for /binaries/PatchEvolution/tcpdump/CVE-2017-13037-6bb65331a5f9-tcpdump,nextproto4_cksum,1
[*] /s; sim-cal:0.653856
[*] Detection Result:N VP no diff,1
[*] Detection for /binaries/PatchEvolution/tcpdump/CVE-2017-13037-6bb65331a5f9-tcpdump,ip_printts,1
[*] /s; sim-cal:0.758394
[*] Detection Result:P 0.4358974358974359/0.9771836007130126 16/5,1
------------------------------------------
[*] Detecting CVE: CVE-2017-13038
[*] Detection for /binaries/PatchEvolution/tcpdump/CVE-2017-13038-f9dbcc961527-tcpdump,handle_mlppp,1
[*] /s; sim-cal:9.348929
[*] Detection Result:P 0.37922705314009664/0.9713777960867039 7/2,1
[*] Detection for /binaries/PatchEvolution/tcpdump/CVE-2017-13038-ee68aa36460d-tcpdump,handle_mlppp,1
[*] /s; sim-cal:10.505756
[*] Detection Result:P 0.37922705314009664/0.9453933249833875 7/2,1
[*] Detection for /binaries/PatchEvolution/tcpdump/CVE-2017-13038-3c8f3e13b033-tcpdump,handle_mlppp,1
[*] /s; sim-cal:9.588113
[*] Detection Result:P 0.37922705314009664/0.9958839406207827 7/1,1
[*] Detection for /binaries/PatchEvolution/tcpdump/CVE-2017-13038-e2982e7f6f0b-tcpdump,handle_mlppp,1
[*] /s; sim-cal:10.267452
[*] Detection Result:P 0.37922705314009664/0.9713777960867039 7/2,1
------------------------------------------
[*] Detecting CVE: CVE-2017-13039
[*] Detection for /binaries/PatchEvolution/tcpdump/CVE-2017-13039-e2982e7f6f0b-tcpdump,ikev1_t_print,1
[*] /s; sim-cal:9.652873
[*] Detection Result:P 0.1754901960784314/0.6645262610626389 26/22,1
[*] Detection for /binaries/PatchEvolution/tcpdump/CVE-2017-13039-e2982e7f6f0b-tcpdump,ikev1_n_print,1
[*] /s; sim-cal:0.74243
[*] Detection Result:NA too much diff,1
[*] Detection for /binaries/PatchEvolution/tcpdump/CVE-2017-13039-e2982e7f6f0b-tcpdump,ikev2_t_print,1
[*] /s; sim-cal:0.778533
[*] Detection Result:P 0.1754901960784314/0.6645262610626389 17/13,1
[*] Detection for /binaries/PatchEvolution/tcpdump/CVE-2017-13039-e2982e7f6f0b-tcpdump,ikev1_attrmap_print,1
[*] /s; sim-cal:0.712706
[*] Detection Result:P 0.3646772678475577/0.5929905823582805 22/8,1
[*] Detection for /binaries/PatchEvolution/tcpdump/CVE-2017-13039-a5bb53dd7407-tcpdump,ikev1_t_print,1
[*] /s; sim-cal:9.581593
[*] Detection Result:P,1
[*] Detection for /binaries/PatchEvolution/tcpdump/CVE-2017-13039-a5bb53dd7407-tcpdump,ikev1_n_print,1
[*] /s; sim-cal:0.759986
[*] Detection Result:C can't tell,1
[*] Detection for /binaries/PatchEvolution/tcpdump/CVE-2017-13039-a5bb53dd7407-tcpdump,ikev2_t_print,1
[*] /s; sim-cal:0.683726
[*] Detection Result:P,1
[*] Detection for /binaries/PatchEvolution/tcpdump/CVE-2017-13039-a5bb53dd7407-tcpdump,ikev1_attrmap_print,1
[*] /s; sim-cal:0.657149
[*] Detection Result:P 0.36414010352858517/0.9887606374081692 19/3,1
[*] Detection for /binaries/PatchEvolution/tcpdump/CVE-2017-13039-abc8c2d61c65-tcpdump,ikev1_t_print,1
[*] /s; sim-cal:10.563629
[*] Detection Result:P 0.1754901960784314/0.32727272727272727 29/25,1
[*] Detection for /binaries/PatchEvolution/tcpdump/CVE-2017-13039-abc8c2d61c65-tcpdump,ikev1_n_print,1
[*] /s; sim-cal:0.811103
[*] Detection Result:NA too much diff,1
[*] Detection for /binaries/PatchEvolution/tcpdump/CVE-2017-13039-abc8c2d61c65-tcpdump,ikev2_t_print,1
[*] /s; sim-cal:0.751357
[*] Detection Result:P 0.1754901960784314/0.32727272727272727 24/20,1
[*] Detection for /binaries/PatchEvolution/tcpdump/CVE-2017-13039-abc8c2d61c65-tcpdump,ikev1_attrmap_print,1
[*] /s; sim-cal:0.756301
[*] Detection Result:P 0.39262604524440964/0.5228048416013327 16/11,1
[*] Detection for /binaries/PatchEvolution/tcpdump/CVE-2017-13039-f68c3e3ec011-tcpdump,ikev1_t_print,1
[*] /s; sim-cal:9.426699
[*] Detection Result:P,1
[*] Detection for /binaries/PatchEvolution/tcpdump/CVE-2017-13039-f68c3e3ec011-tcpdump,ikev1_n_print,1
[*] /s; sim-cal:0.763383
[*] Detection Result:C can't tell,1
[*] Detection for /binaries/PatchEvolution/tcpdump/CVE-2017-13039-f68c3e3ec011-tcpdump,ikev2_t_print,1
[*] /s; sim-cal:0.711024
[*] Detection Result:P,1
[*] Detection for /binaries/PatchEvolution/tcpdump/CVE-2017-13039-f68c3e3ec011-tcpdump,ikev1_attrmap_print,1
[*] /s; sim-cal:0.70195
[*] Detection Result:P 0.36414010352858517/0.9887606374081692 19/3,1
------------------------------------------
[*] Detecting CVE: CVE-2017-13040
[*] Detection for /binaries/PatchEvolution/tcpdump/CVE-2017-13040-1c75daed55fc-tcpdump,mp_capable_print,1
[*] /s; sim-cal:10.251751
[*] Detection Result:N VP no diff,1
[*] Detection for /binaries/PatchEvolution/tcpdump/CVE-2017-13040-1c75daed55fc-tcpdump,mp_join_print,1
[*] /s; sim-cal:0.771526
[*] Detection Result:N VP no diff,1
[*] Detection for /binaries/PatchEvolution/tcpdump/CVE-2017-13040-3ebae8948826-tcpdump,mp_capable_print,1
[*] /s; sim-cal:10.146187
[*] Detection Result:N VP no diff,1
[*] Detection for /binaries/PatchEvolution/tcpdump/CVE-2017-13040-3ebae8948826-tcpdump,mp_join_print,1
[*] /s; sim-cal:0.706061
[*] Detection Result:N VP no diff,1
[*] Detection for /binaries/PatchEvolution/tcpdump/CVE-2017-13040-bf8990f63b15-tcpdump,mp_capable_print,1
[*] /s; sim-cal:10.506177
[*] Detection Result:N VP no diff,1
[*] Detection for /binaries/PatchEvolution/tcpdump/CVE-2017-13040-bf8990f63b15-tcpdump,mp_join_print,1
[*] /s; sim-cal:0.707043
[*] Detection Result:N VP no diff,1
[*] Detection for /binaries/PatchEvolution/tcpdump/CVE-2017-13040-afb52045ddc8-tcpdump,mp_capable_print,1
[*] /s; sim-cal:10.337064
[*] Detection Result:N VP no diff,1
[*] Detection for /binaries/PatchEvolution/tcpdump/CVE-2017-13040-afb52045ddc8-tcpdump,mp_join_print,1
[*] /s; sim-cal:0.726636
[*] Detection Result:N VP no diff,1
------------------------------------------
[*] Detecting CVE: CVE-2017-13041
[*] Detection for /binaries/PatchEvolution/tcpdump/CVE-2017-13041-00b189d27cd2-tcpdump,icmp6_nodeinfo_print,1
[*] /s; sim-cal:10.477995
[*] Detection Result:P 0.26926511390516233/0.8562557575125974 13/7,1
[*] Detection for /binaries/PatchEvolution/tcpdump/CVE-2017-13041-0cced4fcdcad-tcpdump,icmp6_nodeinfo_print,1
[*] /s; sim-cal:10.450629
[*] Detection Result:NA too much diff,1
[*] Detection for /binaries/PatchEvolution/tcpdump/CVE-2017-13041-e2982e7f6f0b-tcpdump,icmp6_nodeinfo_print,1
[*] /s; sim-cal:9.750293
[*] Detection Result:P 0.26926511390516233/0.8562557575125974 17/11,1
[*] Detection for /binaries/PatchEvolution/tcpdump/CVE-2017-13041-180fae3dc2cd-tcpdump,icmp6_nodeinfo_print,1
[*] /s; sim-cal:9.658258
[*] Detection Result:NA too much diff,1
------------------------------------------
[*] Detecting CVE: CVE-2017-13043
[*] Detection for /binaries/PatchEvolution/tcpdump/CVE-2017-13043-51e180c4fb05-tcpdump,decode_multicast_vpn,1
[*] /s; sim-cal:10.68519
[*] Detection Result:P 0.5974025974025974/0.9425287356321839 10/9,1
[*] Detection for /binaries/PatchEvolution/tcpdump/CVE-2017-13043-1a859e9f5ce9-tcpdump,decode_multicast_vpn,1
[*] /s; sim-cal:9.530934
[*] Detection Result:P 0.6519480519480519/0.993939393939394 4/3,1
[*] Detection for /binaries/PatchEvolution/tcpdump/CVE-2017-13043-1ed63b5d0630-tcpdump,decode_multicast_vpn,1
[*] /s; sim-cal:10.487503
[*] Detection Result:P 0.6034632034632034/0.9482758620689656 11/10,1
[*] Detection for /binaries/PatchEvolution/tcpdump/CVE-2017-13043-07a7f33ba3ff-tcpdump,decode_multicast_vpn,1
[*] /s; sim-cal:10.564605
[*] Detection Result:P 0.6034632034632034/0.9482758620689656 11/10,1
------------------------------------------
[*] Detecting CVE: CVE-2017-13045
[*] Detection for /binaries/PatchEvolution/tcpdump/CVE-2017-13045-f3882ea37f04-tcpdump,vqp_print,1
[*] /s; sim-cal:10.716896
[*] Detection Result:P 0.31177727501256913/0.5634530353510513 28/16,1
[*] Detection for /binaries/PatchEvolution/tcpdump/CVE-2017-13045-e10fe19f4578-tcpdump,vqp_print,1
[*] /s; sim-cal:10.21641
[*] Detection Result:P 0.3854873680241327/0.8485941555877365 22/9,1
[*] Detection for /binaries/PatchEvolution/tcpdump/CVE-2017-13045-546558eabd81-tcpdump,vqp_print,1
[*] /s; sim-cal:10.238963
[*] Detection Result:P 0.3854873680241327/0.8485941555877365 21/8,1
[*] Detection for /binaries/PatchEvolution/tcpdump/CVE-2017-13045-e2982e7f6f0b-tcpdump,vqp_print,1
[*] /s; sim-cal:9.942088
[*] Detection Result:P 0.3854873680241327/0.8523278742321162 21/8,1
------------------------------------------
[*] Detecting CVE: CVE-2017-13046
[*] Detection for /binaries/PatchEvolution/tcpdump/CVE-2017-13046-3b8ff4bf0d8f-tcpdump,bgp_attr_print,1
[*] /s; sim-cal:11.154157
[*] Detection Result:NA too much diff,1
[*] Detection for /binaries/PatchEvolution/tcpdump/CVE-2017-13046-abc8c2d61c65-tcpdump,bgp_attr_print,1
[*] /s; sim-cal:11.291879
[*] Detection Result:NA too much diff,1
[*] Detection for /binaries/PatchEvolution/tcpdump/CVE-2017-13046-f9c2c905b118-tcpdump,bgp_attr_print,1
[*] /s; sim-cal:11.598996
[*] Detection Result:NA too much diff,1
[*] Detection for /binaries/PatchEvolution/tcpdump/CVE-2017-13046-e2982e7f6f0b-tcpdump,bgp_attr_print,1
[*] /s; sim-cal:10.397623
[*] Detection Result:NA too much diff,1
------------------------------------------
[*] Detecting CVE: CVE-2017-13047
[*] Detection for /binaries/PatchEvolution/tcpdump/CVE-2017-13047-e2982e7f6f0b-tcpdump,esis_print,1
[*] /s; sim-cal:10.317269
[*] Detection Result:NA too much diff,1
[*] Detection for /binaries/PatchEvolution/tcpdump/CVE-2017-13047-228f225ca02d-tcpdump,esis_print,1
[*] /s; sim-cal:10.953004
[*] Detection Result:NA too much diff,1
[*] Detection for /binaries/PatchEvolution/tcpdump/CVE-2017-13047-d526e47658b6-tcpdump,esis_print,1
[*] /s; sim-cal:10.158856
[*] Detection Result:NA too much diff,1
[*] Detection for /binaries/PatchEvolution/tcpdump/CVE-2017-13047-74d0778d0ce7-tcpdump,esis_print,1
[*] /s; sim-cal:9.92703
[*] Detection Result:NA too much diff,1
------------------------------------------
[*] Detecting CVE: CVE-2017-13048
[*] Detection for /binaries/PatchEvolution/tcpdump/CVE-2017-13048-b5068d5380c7-tcpdump,rsvp_obj_print,1
[*] /s; sim-cal:11.854886
[*] Detection Result:NA too much diff,1
[*] Detection for /binaries/PatchEvolution/tcpdump/CVE-2017-13048-577621026df8-tcpdump,rsvp_obj_print,1
[*] /s; sim-cal:9.938564
[*] Detection Result:NA too much diff,1
[*] Detection for /binaries/PatchEvolution/tcpdump/CVE-2017-13048-e2982e7f6f0b-tcpdump,rsvp_obj_print,1
[*] /s; sim-cal:10.393721
[*] Detection Result:NA too much diff,1
[*] Detection for /binaries/PatchEvolution/tcpdump/CVE-2017-13048-07cb281e4ed5-tcpdump,rsvp_obj_print,1
[*] /s; sim-cal:10.446906
[*] Detection Result:NA too much diff,1
------------------------------------------
[*] Detecting CVE: CVE-2017-13049
[*] Detection for /binaries/PatchEvolution/tcpdump/CVE-2017-13049-3c8f3e13b033-tcpdump,ubik_print,1
[*] /s; sim-cal:9.600804
[*] Detection Result:P 0.3870967741935484/0.6914219490930742 27/26,1
[*] Detection for /binaries/PatchEvolution/tcpdump/CVE-2017-13049-ee68aa36460d-tcpdump,ubik_print,1
[*] /s; sim-cal:10.489701
[*] Detection Result:NA too much diff,1
[*] Detection for /binaries/PatchEvolution/tcpdump/CVE-2017-13049-e2982e7f6f0b-tcpdump,ubik_print,1
[*] /s; sim-cal:9.918318
[*] Detection Result:NA too much diff,1
[*] Detection for /binaries/PatchEvolution/tcpdump/CVE-2017-13049-5cea2703185c-tcpdump,ubik_print,1
[*] /s; sim-cal:9.631379
[*] Detection Result:NA too much diff,1
------------------------------------------
[*] Detecting CVE: CVE-2017-13050
[*] Detection for /binaries/PatchEvolution/tcpdump/CVE-2017-13050-577621026df8-tcpdump,rpki_rtr_pdu_print,1
[*] /s; sim-cal:0.802479
[*] Detection Result:NA too much diff,1
[*] Detection for /binaries/PatchEvolution/tcpdump/CVE-2017-13050-3e3e6d2ef4c1-tcpdump,rpki_rtr_pdu_print,1
[*] /s; sim-cal:0.744065
[*] Detection Result:NA too much diff,1
[*] Detection for /binaries/PatchEvolution/tcpdump/CVE-2017-13050-3ed92cd021a6-tcpdump,rpki_rtr_pdu_print,1
[*] /s; sim-cal:0.821191
[*] Detection Result:NA too much diff,1
[*] Detection for /binaries/PatchEvolution/tcpdump/CVE-2017-13050-abc8c2d61c65-tcpdump,rpki_rtr_pdu_print,1
[*] /s; sim-cal:0.818158
[*] Detection Result:NA too much diff,1
------------------------------------------
[*] Detecting CVE: CVE-2017-13051
[*] Detection for /binaries/PatchEvolution/tcpdump/CVE-2017-13051-7ceb3ae2a66c-tcpdump,rsvp_obj_print,1
[*] /s; sim-cal:9.651593
[*] Detection Result:NA too much diff,1
[*] Detection for /binaries/PatchEvolution/tcpdump/CVE-2017-13051-32d1d15c5412-tcpdump,rsvp_obj_print,1
[*] /s; sim-cal:9.954273
[*] Detection Result:NA too much diff,1
[*] Detection for /binaries/PatchEvolution/tcpdump/CVE-2017-13051-e2982e7f6f0b-tcpdump,rsvp_obj_print,1
[*] /s; sim-cal:10.037958
[*] Detection Result:NA too much diff,1
[*] Detection for /binaries/PatchEvolution/tcpdump/CVE-2017-13051-226c6a8d0f90-tcpdump,rsvp_obj_print,1
[*] /s; sim-cal:10.080237
[*] Detection Result:NA too much diff,1
------------------------------------------
[*] Detecting CVE: CVE-2017-13052
[*] Detection for /binaries/PatchEvolution/tcpdump/CVE-2017-13052-4a28df231d46-tcpdump,cfm_network_addr_print,1
[*] /s; sim-cal:10.23646
[*] Detection Result:P 0.3671526586620926/0.7041565778853914 11/5,1
[*] Detection for /binaries/PatchEvolution/tcpdump/CVE-2017-13052-4a28df231d46-tcpdump,cfm_print,1
[*] /s; sim-cal:0.923874
[*] Detection Result:P 0.20754102140683175/0.5412819192528361 28/18,1
[*] Detection for /binaries/PatchEvolution/tcpdump/CVE-2017-13052-e10fe19f4578-tcpdump,cfm_network_addr_print,1
[*] /s; sim-cal:9.735028
[*] Detection Result:P 0.3548027444253859/0.6787177158999192 11/5,1
[*] Detection for /binaries/PatchEvolution/tcpdump/CVE-2017-13052-e10fe19f4578-tcpdump,cfm_print,1
[*] /s; sim-cal:0.841892
[*] Detection Result:NA too much diff,1
[*] Detection for /binaries/PatchEvolution/tcpdump/CVE-2017-13052-e2982e7f6f0b-tcpdump,cfm_network_addr_print,1
[*] /s; sim-cal:9.507526
[*] Detection Result:P 0.3671526586620926/0.7041565778853914 11/5,1
[*] Detection for /binaries/PatchEvolution/tcpdump/CVE-2017-13052-e2982e7f6f0b-tcpdump,cfm_print,1
[*] /s; sim-cal:0.862271
[*] Detection Result:P 0.20754102140683175/0.5412819192528361 28/18,1
[*] Detection for /binaries/PatchEvolution/tcpdump/CVE-2017-13052-b1e5f800b368-tcpdump,cfm_network_addr_print,1
[*] /s; sim-cal:10.197033
[*] Detection Result:P 0.30540308747855915/0.6358234295415959 11/5,1
[*] Detection for /binaries/PatchEvolution/tcpdump/CVE-2017-13052-b1e5f800b368-tcpdump,cfm_print,1
[*] /s; sim-cal:0.835693
[*] Detection Result:NA too much diff,1
------------------------------------------
[*] Detecting CVE: CVE-2017-13053
[*] Detection for /binaries/PatchEvolution/tcpdump/CVE-2017-13053-9c965fd16f87-tcpdump,decode_rt_routing_info,1
[*] /s; sim-cal:10.748943
[*] Detection Result:V 0.4714499673083606/0.342009930902841 15/15,1
[*] Detection for /binaries/PatchEvolution/tcpdump/CVE-2017-13053-07ac438e08e5-tcpdump,decode_rt_routing_info,1
[*] /s; sim-cal:9.405695
[*] Detection Result:P 0.2964280579712538/0.9528543604268094 8/1,1
[*] Detection for /binaries/PatchEvolution/tcpdump/CVE-2017-13053-e83dfd9b161e-tcpdump,decode_rt_routing_info,1
[*] /s; sim-cal:9.640901
[*] Detection Result:P 0.2964280579712538/0.9528543604268094 8/1,1
[*] Detection for /binaries/PatchEvolution/tcpdump/CVE-2017-13053-577621026df8-tcpdump,decode_rt_routing_info,1
[*] /s; sim-cal:9.705914
[*] Detection Result:P 0.2964280579712538/0.9528543604268094 8/1,1
------------------------------------------
[*] Detecting CVE: CVE-2017-13055
[*] Detection for /binaries/PatchEvolution/tcpdump/CVE-2017-13055-eebb3f48e30f-tcpdump,isis_print_is_reach_subtlv,1
target function: isis_print_is_reach_subtlv not found
[*] Detection for /binaries/PatchEvolution/tcpdump/CVE-2017-13055-7217abf41a06-tcpdump,isis_print_is_reach_subtlv,1
target function: isis_print_is_reach_subtlv not found
[*] Detection for /binaries/PatchEvolution/tcpdump/CVE-2017-13055-3e3e6d2ef4c1-tcpdump,isis_print_is_reach_subtlv,1
target function: isis_print_is_reach_subtlv not found
[*] Detection for /binaries/PatchEvolution/tcpdump/CVE-2017-13055-0b3880c91e16-tcpdump,isis_print_is_reach_subtlv,1
target function: isis_print_is_reach_subtlv not found
------------------------------------------
[*] Detecting CVE: CVE-2017-13687
[*] Detection for /binaries/PatchEvolution/tcpdump/CVE-2017-13687-e2982e7f6f0b-tcpdump,chdlc_print,1
[*] /s; sim-cal:9.762781
[*] Detection Result:P 0.013888888888888888/0.4212374746996371 23/16,1
[*] Detection for /binaries/PatchEvolution/tcpdump/CVE-2017-13687-5e9a51fdd559-tcpdump,chdlc_print,1
[*] /s; sim-cal:11.19318
[*] Detection Result:P 0.30030202344780355/0.3308098581230701 23/17,1
[*] Detection for /binaries/PatchEvolution/tcpdump/CVE-2017-13687-84ef17ac0eec-tcpdump,chdlc_print,1
[*] /s; sim-cal:10.409777
[*] Detection Result:P 0.4157932031972953/0.9315072638180398 14/3,1
[*] Detection for /binaries/PatchEvolution/tcpdump/CVE-2017-13687-40ae3ad744d9-tcpdump,chdlc_print,1
[*] /s; sim-cal:10.164012
[*] Detection Result:P 0.30030202344780355/0.35853610612010767 23/17,1
------------------------------------------
[*] Detecting CVE: CVE-2017-13688
[*] Detection for /binaries/PatchEvolution/tcpdump/CVE-2017-13688-40ae3ad744d9-tcpdump,olsr_print,1
[*] /s; sim-cal:9.519623
[*] Detection Result:P 0.37563911868575184/0.6110529498301237 33/28,1
[*] Detection for /binaries/PatchEvolution/tcpdump/CVE-2017-13688-07a7f33ba3ff-tcpdump,olsr_print,1
[*] /s; sim-cal:10.569664
[*] Detection Result:P 0.3410269783750821/0.7340143067374189 33/28,1
[*] Detection for /binaries/PatchEvolution/tcpdump/CVE-2017-13688-3e3e6d2ef4c1-tcpdump,olsr_print,1
[*] /s; sim-cal:9.696324
[*] Detection Result:P 0.43353385552785706/0.7290423678195419 33/28,1
[*] Detection for /binaries/PatchEvolution/tcpdump/CVE-2017-13688-577621026df8-tcpdump,olsr_print,1
[*] /s; sim-cal:9.645349
[*] Detection Result:P 0.44511280289627814/0.8799924059434929 18/13,1
------------------------------------------
[*] Detecting CVE: CVE-2017-13689
[*] Detection for /binaries/PatchEvolution/tcpdump/CVE-2017-13689-3db38df8ed9d-tcpdump,ikev1_id_print,1
[*] /s; sim-cal:9.965534
[*] Detection Result:NA too much diff,1
[*] Detection for /binaries/PatchEvolution/tcpdump/CVE-2017-13689-e2982e7f6f0b-tcpdump,ikev1_id_print,1
[*] /s; sim-cal:9.98729
[*] Detection Result:NA too much diff,1
[*] Detection for /binaries/PatchEvolution/tcpdump/CVE-2017-13689-ee68aa36460d-tcpdump,ikev1_id_print,1
[*] /s; sim-cal:11.018866
[*] Detection Result:NA too much diff,1
[*] Detection for /binaries/PatchEvolution/tcpdump/CVE-2017-13689-d526e47658b6-tcpdump,ikev1_id_print,1
[*] /s; sim-cal:10.335155
[*] Detection Result:NA too much diff,1
------------------------------------------
[*] Detecting CVE: CVE-2017-13690
[*] Detection for /binaries/PatchEvolution/tcpdump/CVE-2017-13690-9a6a6502413e-tcpdump,ikev2_auth_print,1
[*] /s; sim-cal:0.628343
[*] Detection Result:P 0.7281045751633988/0.7490196078431373 9/9,1
[*] Detection for /binaries/PatchEvolution/tcpdump/CVE-2017-13690-9a6a6502413e-tcpdump,ikev2_ke_print,1
[*] /s; sim-cal:0.64824
[*] Detection Result:P 0.48412698412698413/0.5099206349206349 16/16,1
[*] Detection for /binaries/PatchEvolution/tcpdump/CVE-2017-13690-e2982e7f6f0b-tcpdump,ikev2_ID_print,1
[*] /s; sim-cal:0.706829
[*] Detection Result:P 0.8440779610194902/0.8554838709677419 17/17,1
[*] Detection for /binaries/PatchEvolution/tcpdump/CVE-2017-13690-e2982e7f6f0b-tcpdump,ikev2_auth_print,1
[*] /s; sim-cal:0.781743
[*] Detection Result:P 0.9455882352941176/0.9727941176470588 7/7,1
[*] Detection for /binaries/PatchEvolution/tcpdump/CVE-2017-13690-e2982e7f6f0b-tcpdump,ikev2_p_print,1
[*] /s; sim-cal:0.751175
[*] Detection Result:N VP no diff,1
[*] Detection for /binaries/PatchEvolution/tcpdump/CVE-2017-13690-e2982e7f6f0b-tcpdump,ikev2_ke_print,1
[*] /s; sim-cal:0.726483
[*] Detection Result:P 0.7908653846153846/0.8257211538461539 14/14,1
[*] Detection for /binaries/PatchEvolution/tcpdump/CVE-2017-13690-e2982e7f6f0b-tcpdump,ikev1_ke_print,1
[*] /s; sim-cal:0.774072
[*] Detection Result:N VP no diff,1
[*] Detection for /binaries/PatchEvolution/tcpdump/CVE-2017-13690-d526e47658b6-tcpdump,ikev1_sub_print,1
[*] /s; sim-cal:9.522132
[*] Detection Result:N VP no diff,1
[*] Detection for /binaries/PatchEvolution/tcpdump/CVE-2017-13690-d526e47658b6-tcpdump,ikev1_cr_print,1
[*] /s; sim-cal:0.777736
[*] Detection Result:N VP no diff,1
[*] Detection for /binaries/PatchEvolution/tcpdump/CVE-2017-13690-d526e47658b6-tcpdump,ikev1_sig_print,1
[*] /s; sim-cal:0.668945
[*] Detection Result:N VP no diff,1
[*] Detection for /binaries/PatchEvolution/tcpdump/CVE-2017-13690-d526e47658b6-tcpdump,ikev1_cert_print,1
[*] /s; sim-cal:0.769707
[*] Detection Result:N VP no diff,1
[*] Detection for /binaries/PatchEvolution/tcpdump/CVE-2017-13690-d526e47658b6-tcpdump,ikev2_ID_print,1
[*] /s; sim-cal:0.729279
[*] Detection Result:P 0.8440779610194902/0.8554838709677419 17/17,1
[*] Detection for /binaries/PatchEvolution/tcpdump/CVE-2017-13690-d526e47658b6-tcpdump,ikev2_auth_print,1
[*] /s; sim-cal:0.715804
[*] Detection Result:P 0.9455882352941176/0.9727941176470588 7/7,1
[*] Detection for /binaries/PatchEvolution/tcpdump/CVE-2017-13690-d526e47658b6-tcpdump,ikev2_ke_print,1
[*] /s; sim-cal:0.722654
[*] Detection Result:P 0.7908653846153846/0.8257211538461539 14/14,1
[*] Detection for /binaries/PatchEvolution/tcpdump/CVE-2017-13690-84ef17ac0eec-tcpdump,ikev2_ID_print,1
[*] /s; sim-cal:0.759587
[*] Detection Result:P,1
[*] Detection for /binaries/PatchEvolution/tcpdump/CVE-2017-13690-84ef17ac0eec-tcpdump,ikev2_auth_print,1
[*] /s; sim-cal:0.713359
[*] Detection Result:P,1
[*] Detection for /binaries/PatchEvolution/tcpdump/CVE-2017-13690-84ef17ac0eec-tcpdump,ikev2_ke_print,1
[*] /s; sim-cal:0.698849
[*] Detection Result:P,1
------------------------------------------
[*] Detecting CVE: CVE-2017-13725
[*] Detection for /binaries/PatchEvolution/tcpdump/CVE-2017-13725-ee68aa36460d-tcpdump,rt6_print,1
[*] /s; sim-cal:10.357939
[*] Detection Result:C can't tell,1
[*] Detection for /binaries/PatchEvolution/tcpdump/CVE-2017-13725-7ae157995426-tcpdump,rt6_print,1
[*] /s; sim-cal:10.396765
[*] Detection Result:C can't tell,1
[*] Detection for /binaries/PatchEvolution/tcpdump/CVE-2017-13725-e2982e7f6f0b-tcpdump,rt6_print,1
[*] /s; sim-cal:9.497318
[*] Detection Result:P 0.5493514598936287/0.5850896596638184 30/30,1
[*] Detection for /binaries/PatchEvolution/tcpdump/CVE-2017-13725-7755951df76e-tcpdump,rt6_print,1
[*] /s; sim-cal:9.665853
[*] Detection Result:P 0.556762683736368/0.6250931659213393 34/34,1
