2025-06-26 13:18:11,613 - INFO - detecting CVE-2014-8275 ASN1_verify
2025-06-26 13:18:11,615 - INFO - cmd: python main.py --detect --cve_id CVE-2014-8275 --target_bin /binaries/target/openssl/openssl-OpenSSL_1_0_0o-o0-openssl --vul_func_name ASN1_verify
2025-06-26 13:18:13,816 - ERROR - fail CVE-2014-8275 ,details1

2025-06-26 13:18:13,817 - INFO - detecting CVE-2014-8275 ASN1_verify
2025-06-26 13:18:13,817 - INFO - cmd: python main.py --detect --cve_id CVE-2014-8275 --target_bin /binaries/target/openssl/openssl-OpenSSL_0_9_8zc-o0-openssl --vul_func_name ASN1_verify
2025-06-26 13:18:16,736 - INFO - success CVE-2014-8275,details in cve_test/CVE-2014-8275.log

2025-06-26 13:18:16,736 - INFO - detecting CVE-2014-8275 ASN1_verify
2025-06-26 13:18:16,737 - INFO - cmd: python main.py --detect --cve_id CVE-2014-8275 --target_bin /binaries/target/openssl/openssl-OpenSSL_1_0_1j-o0-openssl --vul_func_name ASN1_verify
2025-06-26 13:18:19,615 - INFO - success CVE-2014-8275,details in cve_test/CVE-2014-8275.log

2025-06-26 13:18:19,615 - INFO - detecting CVE-2014-8275 ASN1_verify
2025-06-26 13:18:19,615 - INFO - cmd: python main.py --detect --cve_id CVE-2014-8275 --target_bin /binaries/target/openssl/openssl-OpenSSL_0_9_8zd-o0-openssl --vul_func_name ASN1_verify
2025-06-26 13:18:22,897 - INFO - success CVE-2014-8275,details in cve_test/CVE-2014-8275.log

2025-06-26 13:18:22,898 - INFO - detecting CVE-2014-8275 ASN1_verify
2025-06-26 13:18:22,898 - INFO - cmd: python main.py --detect --cve_id CVE-2014-8275 --target_bin /binaries/target/openssl/openssl-OpenSSL_1_0_1k-o0-openssl --vul_func_name ASN1_verify
2025-06-26 13:18:26,114 - INFO - success CVE-2014-8275,details in cve_test/CVE-2014-8275.log

2025-06-26 13:18:26,114 - INFO - detecting CVE-2014-8275 ASN1_verify
2025-06-26 13:18:26,114 - INFO - cmd: python main.py --detect --cve_id CVE-2014-8275 --target_bin /binaries/target/openssl/openssl-OpenSSL_1_0_0p-o0-openssl --vul_func_name ASN1_verify
2025-06-26 13:18:29,467 - INFO - success CVE-2014-8275,details in cve_test/CVE-2014-8275.log

2025-06-26 13:18:29,467 - INFO - detecting CVE-2014-8275 ECDSA_verify
2025-06-26 13:18:29,467 - INFO - cmd: python main.py --detect --cve_id CVE-2014-8275 --target_bin /binaries/target/openssl/openssl-OpenSSL_1_0_0o-o0-openssl --vul_func_name ECDSA_verify
2025-06-26 13:18:31,118 - ERROR - fail CVE-2014-8275 ,details1

2025-06-26 13:18:31,119 - INFO - detecting CVE-2014-8275 ECDSA_verify
2025-06-26 13:18:31,119 - INFO - cmd: python main.py --detect --cve_id CVE-2014-8275 --target_bin /binaries/target/openssl/openssl-OpenSSL_0_9_8zc-o0-openssl --vul_func_name ECDSA_verify
2025-06-26 13:18:33,297 - INFO - success CVE-2014-8275,details in cve_test/CVE-2014-8275.log

2025-06-26 13:18:33,297 - INFO - detecting CVE-2014-8275 ECDSA_verify
2025-06-26 13:18:33,297 - INFO - cmd: python main.py --detect --cve_id CVE-2014-8275 --target_bin /binaries/target/openssl/openssl-OpenSSL_1_0_1j-o0-openssl --vul_func_name ECDSA_verify
2025-06-26 13:18:35,639 - INFO - success CVE-2014-8275,details in cve_test/CVE-2014-8275.log

2025-06-26 13:18:35,639 - INFO - detecting CVE-2014-8275 ECDSA_verify
2025-06-26 13:18:35,639 - INFO - cmd: python main.py --detect --cve_id CVE-2014-8275 --target_bin /binaries/target/openssl/openssl-OpenSSL_0_9_8zd-o0-openssl --vul_func_name ECDSA_verify
2025-06-26 13:18:38,002 - INFO - success CVE-2014-8275,details in cve_test/CVE-2014-8275.log

2025-06-26 13:18:38,003 - INFO - detecting CVE-2014-8275 ECDSA_verify
2025-06-26 13:18:38,003 - INFO - cmd: python main.py --detect --cve_id CVE-2014-8275 --target_bin /binaries/target/openssl/openssl-OpenSSL_1_0_1k-o0-openssl --vul_func_name ECDSA_verify
2025-06-26 13:18:40,320 - INFO - success CVE-2014-8275,details in cve_test/CVE-2014-8275.log

2025-06-26 13:18:40,320 - INFO - detecting CVE-2014-8275 ECDSA_verify
2025-06-26 13:18:40,320 - INFO - cmd: python main.py --detect --cve_id CVE-2014-8275 --target_bin /binaries/target/openssl/openssl-OpenSSL_1_0_0p-o0-openssl --vul_func_name ECDSA_verify
2025-06-26 13:18:42,664 - INFO - success CVE-2014-8275,details in cve_test/CVE-2014-8275.log

2025-06-26 13:18:42,665 - INFO - detecting CVE-2014-8275 DSA_verify
2025-06-26 13:18:42,665 - INFO - cmd: python main.py --detect --cve_id CVE-2014-8275 --target_bin /binaries/target/openssl/openssl-OpenSSL_1_0_0o-o0-openssl --vul_func_name DSA_verify
2025-06-26 13:18:44,352 - ERROR - fail CVE-2014-8275 ,details1

2025-06-26 13:18:44,352 - INFO - detecting CVE-2014-8275 DSA_verify
2025-06-26 13:18:44,352 - INFO - cmd: python main.py --detect --cve_id CVE-2014-8275 --target_bin /binaries/target/openssl/openssl-OpenSSL_0_9_8zc-o0-openssl --vul_func_name DSA_verify
2025-06-26 13:18:46,570 - INFO - success CVE-2014-8275,details in cve_test/CVE-2014-8275.log

2025-06-26 13:18:46,571 - INFO - detecting CVE-2014-8275 DSA_verify
2025-06-26 13:18:46,571 - INFO - cmd: python main.py --detect --cve_id CVE-2014-8275 --target_bin /binaries/target/openssl/openssl-OpenSSL_1_0_1j-o0-openssl --vul_func_name DSA_verify
2025-06-26 13:18:48,904 - INFO - success CVE-2014-8275,details in cve_test/CVE-2014-8275.log

2025-06-26 13:18:48,904 - INFO - detecting CVE-2014-8275 DSA_verify
2025-06-26 13:18:48,904 - INFO - cmd: python main.py --detect --cve_id CVE-2014-8275 --target_bin /binaries/target/openssl/openssl-OpenSSL_0_9_8zd-o0-openssl --vul_func_name DSA_verify
2025-06-26 13:18:51,164 - INFO - success CVE-2014-8275,details in cve_test/CVE-2014-8275.log

2025-06-26 13:18:51,164 - INFO - detecting CVE-2014-8275 DSA_verify
2025-06-26 13:18:51,164 - INFO - cmd: python main.py --detect --cve_id CVE-2014-8275 --target_bin /binaries/target/openssl/openssl-OpenSSL_1_0_1k-o0-openssl --vul_func_name DSA_verify
2025-06-26 13:18:53,485 - INFO - success CVE-2014-8275,details in cve_test/CVE-2014-8275.log

2025-06-26 13:18:53,485 - INFO - detecting CVE-2014-8275 DSA_verify
2025-06-26 13:18:53,485 - INFO - cmd: python main.py --detect --cve_id CVE-2014-8275 --target_bin /binaries/target/openssl/openssl-OpenSSL_1_0_0p-o0-openssl --vul_func_name DSA_verify
2025-06-26 13:18:55,819 - INFO - success CVE-2014-8275,details in cve_test/CVE-2014-8275.log

2025-06-26 13:18:55,819 - INFO - detecting CVE-2015-1792 CMS_verify
2025-06-26 13:18:55,819 - INFO - cmd: python main.py --detect --cve_id CVE-2015-1792 --target_bin /binaries/target/openssl/openssl-OpenSSL_1_0_1f-o0-openssl --vul_func_name CMS_verify
2025-06-26 13:18:58,507 - INFO - success CVE-2015-1792,details in cve_test/CVE-2015-1792.log

2025-06-26 13:18:58,507 - INFO - detecting CVE-2015-1792 CMS_verify
2025-06-26 13:18:58,507 - INFO - cmd: python main.py --detect --cve_id CVE-2015-1792 --target_bin /binaries/target/openssl/openssl-OpenSSL_1_0_0l-o0-openssl --vul_func_name CMS_verify
2025-06-26 13:19:01,125 - INFO - success CVE-2015-1792,details in cve_test/CVE-2015-1792.log

2025-06-26 13:19:01,125 - INFO - detecting CVE-2015-1792 CMS_verify
2025-06-26 13:19:01,125 - INFO - cmd: python main.py --detect --cve_id CVE-2015-1792 --target_bin /binaries/target/openssl/openssl-OpenSSL_1_0_2-beta1-o0-openssl --vul_func_name CMS_verify
2025-06-26 13:19:02,668 - ERROR - fail CVE-2015-1792 ,details1

2025-06-26 13:19:02,668 - INFO - detecting CVE-2015-1792 CMS_verify
2025-06-26 13:19:02,668 - INFO - cmd: python main.py --detect --cve_id CVE-2015-1792 --target_bin /binaries/target/openssl/openssl-OpenSSL-fips-2_0_9-o0-openssl --vul_func_name CMS_verify
2025-06-26 13:19:04,208 - ERROR - fail CVE-2015-1792 ,details1

2025-06-26 13:19:04,208 - INFO - detecting CVE-2015-1792 CMS_verify
2025-06-26 13:19:04,208 - INFO - cmd: python main.py --detect --cve_id CVE-2015-1792 --target_bin /binaries/target/openssl/openssl-OpenSSL_0_9_8zg-o0-openssl --vul_func_name CMS_verify
2025-06-26 13:19:06,115 - ERROR - fail CVE-2015-1792 ,details1

2025-06-26 13:19:06,116 - INFO - detecting CVE-2015-1792 CMS_verify
2025-06-26 13:19:06,116 - INFO - cmd: python main.py --detect --cve_id CVE-2015-1792 --target_bin /binaries/target/openssl/openssl-OpenSSL_1_0_2b-o0-openssl --vul_func_name CMS_verify
2025-06-26 13:19:07,652 - ERROR - fail CVE-2015-1792 ,details1

2025-06-26 13:19:07,652 - INFO - detecting CVE-2022-3358 evp_cipher_init_internal
2025-06-26 13:19:07,652 - INFO - cmd: python main.py --detect --cve_id CVE-2022-3358 --target_bin /binaries/target/openssl/openssl-openssl-3.0.5-o0-libcrypto --vul_func_name evp_cipher_init_internal
2025-06-26 13:19:09,988 - ERROR - fail CVE-2022-3358 ,details1

2025-06-26 13:19:09,988 - INFO - detecting CVE-2022-3358 evp_cipher_init_internal
2025-06-26 13:19:09,988 - INFO - cmd: python main.py --detect --cve_id CVE-2022-3358 --target_bin /binaries/target/openssl/openssl-openssl-3.0.4-o0-libcrypto --vul_func_name evp_cipher_init_internal
2025-06-26 13:19:12,311 - ERROR - fail CVE-2022-3358 ,details1

2025-06-26 13:19:12,311 - INFO - detecting CVE-2022-3358 evp_cipher_init_internal
2025-06-26 13:19:12,311 - INFO - cmd: python main.py --detect --cve_id CVE-2022-3358 --target_bin /binaries/target/openssl/openssl-openssl-3.0.3-o0-libcrypto --vul_func_name evp_cipher_init_internal
2025-06-26 13:19:14,645 - ERROR - fail CVE-2022-3358 ,details1

2025-06-26 13:19:14,646 - INFO - detecting CVE-2022-3358 evp_cipher_init_internal
2025-06-26 13:19:14,646 - INFO - cmd: python main.py --detect --cve_id CVE-2022-3358 --target_bin /binaries/target/openssl/openssl-OpenSSL_1_1_1r-o0-libcrypto --vul_func_name evp_cipher_init_internal
2025-06-26 13:19:17,010 - ERROR - fail CVE-2022-3358 ,details1

2025-06-26 13:19:17,010 - INFO - detecting CVE-2022-3358 evp_cipher_init_internal
2025-06-26 13:19:17,011 - INFO - cmd: python main.py --detect --cve_id CVE-2022-3358 --target_bin /binaries/target/openssl/openssl-openssl-3.0.6-o0-libcrypto --vul_func_name evp_cipher_init_internal
2025-06-26 13:19:19,467 - ERROR - fail CVE-2022-3358 ,details1

2025-06-26 13:19:19,467 - INFO - detecting CVE-2022-3358 evp_cipher_init_internal
2025-06-26 13:19:19,467 - INFO - cmd: python main.py --detect --cve_id CVE-2022-3358 --target_bin /binaries/target/openssl/openssl-OpenSSL_1_1_1s-o0-libcrypto --vul_func_name evp_cipher_init_internal
2025-06-26 13:19:21,970 - ERROR - fail CVE-2022-3358 ,details1

2025-06-26 13:19:21,970 - INFO - detecting CVE-2022-3786 ossl_a2ulabel
2025-06-26 13:19:21,970 - INFO - cmd: python main.py --detect --cve_id CVE-2022-3786 --target_bin /binaries/target/openssl/openssl-openssl-3.0.6-o0-libcrypto --vul_func_name ossl_a2ulabel
2025-06-26 13:19:24,501 - ERROR - fail CVE-2022-3786 ,details1

2025-06-26 13:19:24,501 - INFO - detecting CVE-2022-3786 ossl_a2ulabel
2025-06-26 13:19:24,501 - INFO - cmd: python main.py --detect --cve_id CVE-2022-3786 --target_bin /binaries/target/openssl/openssl-openssl-3.0.5-o0-libcrypto --vul_func_name ossl_a2ulabel
2025-06-26 13:19:26,948 - ERROR - fail CVE-2022-3786 ,details1

2025-06-26 13:19:26,948 - INFO - detecting CVE-2022-3786 ossl_a2ulabel
2025-06-26 13:19:26,948 - INFO - cmd: python main.py --detect --cve_id CVE-2022-3786 --target_bin /binaries/target/openssl/openssl-openssl-3.0.4-o0-libcrypto --vul_func_name ossl_a2ulabel
2025-06-26 13:19:29,266 - ERROR - fail CVE-2022-3786 ,details1

2025-06-26 13:19:29,266 - INFO - detecting CVE-2022-3786 ossl_a2ulabel
2025-06-26 13:19:29,266 - INFO - cmd: python main.py --detect --cve_id CVE-2022-3786 --target_bin /binaries/target/openssl/openssl-OpenSSL_1_1_1s-o0-libcrypto --vul_func_name ossl_a2ulabel
2025-06-26 13:19:31,535 - ERROR - fail CVE-2022-3786 ,details1

2025-06-26 13:19:31,535 - INFO - detecting CVE-2022-3786 ossl_a2ulabel
2025-06-26 13:19:31,535 - INFO - cmd: python main.py --detect --cve_id CVE-2022-3786 --target_bin /binaries/target/openssl/openssl-openssl-3.0.7-o0-libcrypto --vul_func_name ossl_a2ulabel
2025-06-26 13:19:33,877 - ERROR - fail CVE-2022-3786 ,details1

2025-06-26 13:19:33,877 - INFO - detecting CVE-2022-3786 ossl_a2ulabel
2025-06-26 13:19:33,877 - INFO - cmd: python main.py --detect --cve_id CVE-2022-3786 --target_bin /binaries/target/openssl/openssl-openssl-3.1.0-alpha1-o0-libcrypto --vul_func_name ossl_a2ulabel
2025-06-26 13:19:36,256 - ERROR - fail CVE-2022-3786 ,details1

2025-06-26 13:19:36,256 - INFO - detecting CVE-2022-3996 ossl_policy_cache_set_mapping
2025-06-26 13:19:36,256 - INFO - cmd: python main.py --detect --cve_id CVE-2022-3996 --target_bin /binaries/target/openssl/openssl-openssl-3.0.7-o0-libcrypto --vul_func_name ossl_policy_cache_set_mapping
2025-06-26 13:19:38,610 - ERROR - fail CVE-2022-3996 ,details1

2025-06-26 13:19:38,610 - INFO - detecting CVE-2022-3996 ossl_policy_cache_set_mapping
2025-06-26 13:19:38,610 - INFO - cmd: python main.py --detect --cve_id CVE-2022-3996 --target_bin /binaries/target/openssl/openssl-openssl-3.0.6-o0-libcrypto --vul_func_name ossl_policy_cache_set_mapping
2025-06-26 13:19:40,948 - ERROR - fail CVE-2022-3996 ,details1

2025-06-26 13:19:40,948 - INFO - detecting CVE-2022-3996 ossl_policy_cache_set_mapping
2025-06-26 13:19:40,948 - INFO - cmd: python main.py --detect --cve_id CVE-2022-3996 --target_bin /binaries/target/openssl/openssl-openssl-3.0.5-o0-libcrypto --vul_func_name ossl_policy_cache_set_mapping
2025-06-26 13:19:43,261 - ERROR - fail CVE-2022-3996 ,details1

2025-06-26 13:19:43,261 - INFO - detecting CVE-2022-3996 ossl_policy_cache_set_mapping
2025-06-26 13:19:43,261 - INFO - cmd: python main.py --detect --cve_id CVE-2022-3996 --target_bin /binaries/target/openssl/openssl-openssl-3.1.0-alpha1-o0-libcrypto --vul_func_name ossl_policy_cache_set_mapping
2025-06-26 13:19:45,569 - ERROR - fail CVE-2022-3996 ,details1

2025-06-26 13:19:45,570 - INFO - detecting CVE-2022-3996 ossl_policy_cache_set_mapping
2025-06-26 13:19:45,570 - INFO - cmd: python main.py --detect --cve_id CVE-2022-3996 --target_bin /binaries/target/openssl/openssl-openssl-3.1.0-beta1-o0-libcrypto --vul_func_name ossl_policy_cache_set_mapping
2025-06-26 13:19:47,949 - ERROR - fail CVE-2022-3996 ,details1

2025-06-26 13:19:47,949 - INFO - detecting CVE-2022-3996 ossl_policy_cache_set_mapping
2025-06-26 13:19:47,949 - INFO - cmd: python main.py --detect --cve_id CVE-2022-3996 --target_bin /binaries/target/openssl/openssl-openssl-3.0.8-o0-libcrypto --vul_func_name ossl_policy_cache_set_mapping
2025-06-26 13:19:50,303 - ERROR - fail CVE-2022-3996 ,details1

2025-06-26 13:19:50,303 - INFO - detecting CVE-2023-0401 pkcs7_bio_add_digest
2025-06-26 13:19:50,303 - INFO - cmd: python main.py --detect --cve_id CVE-2023-0401 --target_bin /binaries/target/openssl/openssl-openssl-3.0.7-o0-libcrypto --vul_func_name pkcs7_bio_add_digest
2025-06-26 13:19:52,736 - ERROR - fail CVE-2023-0401 ,details1

2025-06-26 13:19:52,736 - INFO - detecting CVE-2023-0401 pkcs7_bio_add_digest
2025-06-26 13:19:52,736 - INFO - cmd: python main.py --detect --cve_id CVE-2023-0401 --target_bin /binaries/target/openssl/openssl-openssl-3.0.6-o0-libcrypto --vul_func_name pkcs7_bio_add_digest
2025-06-26 13:19:55,117 - ERROR - fail CVE-2023-0401 ,details1

2025-06-26 13:19:55,117 - INFO - detecting CVE-2023-0401 pkcs7_bio_add_digest
2025-06-26 13:19:55,117 - INFO - cmd: python main.py --detect --cve_id CVE-2023-0401 --target_bin /binaries/target/openssl/openssl-openssl-3.0.5-o0-libcrypto --vul_func_name pkcs7_bio_add_digest
2025-06-26 13:19:57,469 - ERROR - fail CVE-2023-0401 ,details1

2025-06-26 13:19:57,469 - INFO - detecting CVE-2023-0401 pkcs7_bio_add_digest
2025-06-26 13:19:57,469 - INFO - cmd: python main.py --detect --cve_id CVE-2023-0401 --target_bin /binaries/target/openssl/openssl-openssl-3.0.8-o0-libcrypto --vul_func_name pkcs7_bio_add_digest
2025-06-26 13:19:59,791 - ERROR - fail CVE-2023-0401 ,details1

2025-06-26 13:19:59,791 - INFO - detecting CVE-2023-0401 pkcs7_bio_add_digest
2025-06-26 13:19:59,791 - INFO - cmd: python main.py --detect --cve_id CVE-2023-0401 --target_bin /binaries/target/openssl/openssl-OpenSSL_1_1_1t-o0-libcrypto --vul_func_name pkcs7_bio_add_digest
2025-06-26 13:20:02,095 - ERROR - fail CVE-2023-0401 ,details1

2025-06-26 13:20:02,095 - INFO - detecting CVE-2023-0401 pkcs7_bio_add_digest
2025-06-26 13:20:02,096 - INFO - cmd: python main.py --detect --cve_id CVE-2023-0401 --target_bin /binaries/target/openssl/openssl-openssl-3.1.0-o0-libcrypto --vul_func_name pkcs7_bio_add_digest
2025-06-26 13:20:04,450 - ERROR - fail CVE-2023-0401 ,details1

2025-06-26 13:20:04,450 - INFO - detecting CVE-2023-5363 evp_cipher_init_internal
2025-06-26 13:20:04,450 - INFO - cmd: python main.py --detect --cve_id CVE-2023-5363 --target_bin /binaries/target/openssl/openssl-openssl-3.1.3-o0-libcrypto --vul_func_name evp_cipher_init_internal
2025-06-26 13:20:06,794 - ERROR - fail CVE-2023-5363 ,details1

2025-06-26 13:20:06,794 - INFO - detecting CVE-2023-5363 evp_cipher_init_internal
2025-06-26 13:20:06,794 - INFO - cmd: python main.py --detect --cve_id CVE-2023-5363 --target_bin /binaries/target/openssl/openssl-openssl-3.0.11-o0-libcrypto --vul_func_name evp_cipher_init_internal
2025-06-26 13:20:09,116 - ERROR - fail CVE-2023-5363 ,details1

2025-06-26 13:20:09,116 - INFO - detecting CVE-2023-5363 evp_cipher_init_internal
2025-06-26 13:20:09,116 - INFO - cmd: python main.py --detect --cve_id CVE-2023-5363 --target_bin /binaries/target/openssl/openssl-openssl-3.1.2-o0-libcrypto --vul_func_name evp_cipher_init_internal
2025-06-26 13:20:11,469 - ERROR - fail CVE-2023-5363 ,details1

2025-06-26 13:20:11,469 - INFO - detecting CVE-2023-5363 evp_cipher_init_internal
2025-06-26 13:20:11,469 - INFO - cmd: python main.py --detect --cve_id CVE-2023-5363 --target_bin /binaries/target/openssl/openssl-openssl-3.1.4-o0-libcrypto --vul_func_name evp_cipher_init_internal
2025-06-26 13:20:13,810 - ERROR - fail CVE-2023-5363 ,details1

2025-06-26 13:20:13,810 - INFO - detecting CVE-2023-5363 evp_cipher_init_internal
2025-06-26 13:20:13,810 - INFO - cmd: python main.py --detect --cve_id CVE-2023-5363 --target_bin /binaries/target/openssl/openssl-openssl-3.0.12-o0-libcrypto --vul_func_name evp_cipher_init_internal
2025-06-26 13:20:16,158 - ERROR - fail CVE-2023-5363 ,details1

2025-06-26 13:20:16,158 - INFO - detecting CVE-2023-5363 evp_cipher_init_internal
2025-06-26 13:20:16,158 - INFO - cmd: python main.py --detect --cve_id CVE-2023-5363 --target_bin /binaries/target/openssl/openssl-openssl-3.2.0-beta1-o0-libcrypto --vul_func_name evp_cipher_init_internal
2025-06-26 13:20:18,523 - ERROR - fail CVE-2023-5363 ,details1

2025-06-26 13:20:18,523 - INFO - detecting CVE-2024-0727 newpass_p12
2025-06-26 13:20:18,524 - INFO - cmd: python main.py --detect --cve_id CVE-2024-0727 --target_bin /binaries/target/openssl/openssl-openssl-3.2.0-o0-openssl --vul_func_name newpass_p12
2025-06-26 13:20:20,886 - ERROR - fail CVE-2024-0727 ,details1

2025-06-26 13:20:20,886 - INFO - detecting CVE-2024-0727 newpass_p12
2025-06-26 13:20:20,887 - INFO - cmd: python main.py --detect --cve_id CVE-2024-0727 --target_bin /binaries/target/openssl/openssl-openssl-3.0.12-o0-openssl --vul_func_name newpass_p12
2025-06-26 13:20:23,224 - ERROR - fail CVE-2024-0727 ,details1

2025-06-26 13:20:23,224 - INFO - detecting CVE-2024-0727 newpass_p12
2025-06-26 13:20:23,225 - INFO - cmd: python main.py --detect --cve_id CVE-2024-0727 --target_bin /binaries/target/openssl/openssl-openssl-3.1.4-o0-openssl --vul_func_name newpass_p12
2025-06-26 13:20:25,567 - ERROR - fail CVE-2024-0727 ,details1

2025-06-26 13:20:25,567 - INFO - detecting CVE-2024-0727 newpass_p12
2025-06-26 13:20:25,568 - INFO - cmd: python main.py --detect --cve_id CVE-2024-0727 --target_bin /binaries/target/openssl/openssl-openssl-3.0.13-o0-openssl --vul_func_name newpass_p12
2025-06-26 13:20:27,928 - ERROR - fail CVE-2024-0727 ,details1

2025-06-26 13:20:27,929 - INFO - detecting CVE-2024-0727 newpass_p12
2025-06-26 13:20:27,929 - INFO - cmd: python main.py --detect --cve_id CVE-2024-0727 --target_bin /binaries/target/openssl/openssl-openssl-3.2.1-o0-openssl --vul_func_name newpass_p12
2025-06-26 13:20:30,267 - ERROR - fail CVE-2024-0727 ,details1

2025-06-26 13:20:30,267 - INFO - detecting CVE-2024-0727 newpass_p12
2025-06-26 13:20:30,267 - INFO - cmd: python main.py --detect --cve_id CVE-2024-0727 --target_bin /binaries/target/openssl/openssl-openssl-3.1.5-o0-openssl --vul_func_name newpass_p12
2025-06-26 13:20:32,717 - ERROR - fail CVE-2024-0727 ,details1

2025-06-26 13:20:32,717 - INFO - detecting CVE-2024-0727 SMIME_write_PKCS7
2025-06-26 13:20:32,718 - INFO - cmd: python main.py --detect --cve_id CVE-2024-0727 --target_bin /binaries/target/openssl/openssl-openssl-3.2.0-o0-openssl --vul_func_name SMIME_write_PKCS7
2025-06-26 13:20:35,139 - INFO - success CVE-2024-0727,details in cve_test/CVE-2024-0727.log

2025-06-26 13:20:35,140 - INFO - detecting CVE-2024-0727 SMIME_write_PKCS7
2025-06-26 13:20:35,140 - INFO - cmd: python main.py --detect --cve_id CVE-2024-0727 --target_bin /binaries/target/openssl/openssl-openssl-3.0.12-o0-openssl --vul_func_name SMIME_write_PKCS7
2025-06-26 13:20:37,502 - INFO - success CVE-2024-0727,details in cve_test/CVE-2024-0727.log

2025-06-26 13:20:37,502 - INFO - detecting CVE-2024-0727 SMIME_write_PKCS7
2025-06-26 13:20:37,502 - INFO - cmd: python main.py --detect --cve_id CVE-2024-0727 --target_bin /binaries/target/openssl/openssl-openssl-3.1.4-o0-openssl --vul_func_name SMIME_write_PKCS7
2025-06-26 13:20:39,922 - INFO - success CVE-2024-0727,details in cve_test/CVE-2024-0727.log

2025-06-26 13:20:39,922 - INFO - detecting CVE-2024-0727 SMIME_write_PKCS7
2025-06-26 13:20:39,922 - INFO - cmd: python main.py --detect --cve_id CVE-2024-0727 --target_bin /binaries/target/openssl/openssl-openssl-3.0.13-o0-openssl --vul_func_name SMIME_write_PKCS7
2025-06-26 13:20:42,301 - INFO - success CVE-2024-0727,details in cve_test/CVE-2024-0727.log

2025-06-26 13:20:42,301 - INFO - detecting CVE-2024-0727 SMIME_write_PKCS7
2025-06-26 13:20:42,301 - INFO - cmd: python main.py --detect --cve_id CVE-2024-0727 --target_bin /binaries/target/openssl/openssl-openssl-3.2.1-o0-openssl --vul_func_name SMIME_write_PKCS7
2025-06-26 13:20:44,696 - INFO - success CVE-2024-0727,details in cve_test/CVE-2024-0727.log

2025-06-26 13:20:44,696 - INFO - detecting CVE-2024-0727 SMIME_write_PKCS7
2025-06-26 13:20:44,696 - INFO - cmd: python main.py --detect --cve_id CVE-2024-0727 --target_bin /binaries/target/openssl/openssl-openssl-3.1.5-o0-openssl --vul_func_name SMIME_write_PKCS7
2025-06-26 13:20:47,104 - INFO - success CVE-2024-0727,details in cve_test/CVE-2024-0727.log

2025-06-26 13:20:47,104 - INFO - detecting CVE-2024-0727 pkcs12_gen_mac
2025-06-26 13:20:47,104 - INFO - cmd: python main.py --detect --cve_id CVE-2024-0727 --target_bin /binaries/target/openssl/openssl-openssl-3.2.0-o0-openssl --vul_func_name pkcs12_gen_mac
2025-06-26 13:20:49,456 - ERROR - fail CVE-2024-0727 ,details1

2025-06-26 13:20:49,456 - INFO - detecting CVE-2024-0727 pkcs12_gen_mac
2025-06-26 13:20:49,456 - INFO - cmd: python main.py --detect --cve_id CVE-2024-0727 --target_bin /binaries/target/openssl/openssl-openssl-3.0.12-o0-openssl --vul_func_name pkcs12_gen_mac
2025-06-26 13:20:51,781 - ERROR - fail CVE-2024-0727 ,details1

2025-06-26 13:20:51,781 - INFO - detecting CVE-2024-0727 pkcs12_gen_mac
2025-06-26 13:20:51,781 - INFO - cmd: python main.py --detect --cve_id CVE-2024-0727 --target_bin /binaries/target/openssl/openssl-openssl-3.1.4-o0-openssl --vul_func_name pkcs12_gen_mac
2025-06-26 13:20:54,109 - ERROR - fail CVE-2024-0727 ,details1

2025-06-26 13:20:54,109 - INFO - detecting CVE-2024-0727 pkcs12_gen_mac
2025-06-26 13:20:54,109 - INFO - cmd: python main.py --detect --cve_id CVE-2024-0727 --target_bin /binaries/target/openssl/openssl-openssl-3.0.13-o0-openssl --vul_func_name pkcs12_gen_mac
2025-06-26 13:20:56,466 - ERROR - fail CVE-2024-0727 ,details1

2025-06-26 13:20:56,466 - INFO - detecting CVE-2024-0727 pkcs12_gen_mac
2025-06-26 13:20:56,466 - INFO - cmd: python main.py --detect --cve_id CVE-2024-0727 --target_bin /binaries/target/openssl/openssl-openssl-3.2.1-o0-openssl --vul_func_name pkcs12_gen_mac
2025-06-26 13:20:58,784 - ERROR - fail CVE-2024-0727 ,details1

2025-06-26 13:20:58,785 - INFO - detecting CVE-2024-0727 pkcs12_gen_mac
2025-06-26 13:20:58,785 - INFO - cmd: python main.py --detect --cve_id CVE-2024-0727 --target_bin /binaries/target/openssl/openssl-openssl-3.1.5-o0-openssl --vul_func_name pkcs12_gen_mac
2025-06-26 13:21:01,128 - ERROR - fail CVE-2024-0727 ,details1

2025-06-26 13:21:01,128 - INFO - detecting CVE-2024-0727 PKCS12_unpack_p7encdata
2025-06-26 13:21:01,129 - INFO - cmd: python main.py --detect --cve_id CVE-2024-0727 --target_bin /binaries/target/openssl/openssl-openssl-3.2.0-o0-openssl --vul_func_name PKCS12_unpack_p7encdata
2025-06-26 13:21:03,722 - INFO - success CVE-2024-0727,details in cve_test/CVE-2024-0727.log

2025-06-26 13:21:03,723 - INFO - detecting CVE-2024-0727 PKCS12_unpack_p7encdata
2025-06-26 13:21:03,723 - INFO - cmd: python main.py --detect --cve_id CVE-2024-0727 --target_bin /binaries/target/openssl/openssl-openssl-3.0.12-o0-openssl --vul_func_name PKCS12_unpack_p7encdata
2025-06-26 13:21:06,118 - INFO - success CVE-2024-0727,details in cve_test/CVE-2024-0727.log

2025-06-26 13:21:06,118 - INFO - detecting CVE-2024-0727 PKCS12_unpack_p7encdata
2025-06-26 13:21:06,118 - INFO - cmd: python main.py --detect --cve_id CVE-2024-0727 --target_bin /binaries/target/openssl/openssl-openssl-3.1.4-o0-openssl --vul_func_name PKCS12_unpack_p7encdata
2025-06-26 13:21:08,537 - INFO - success CVE-2024-0727,details in cve_test/CVE-2024-0727.log

2025-06-26 13:21:08,537 - INFO - detecting CVE-2024-0727 PKCS12_unpack_p7encdata
2025-06-26 13:21:08,537 - INFO - cmd: python main.py --detect --cve_id CVE-2024-0727 --target_bin /binaries/target/openssl/openssl-openssl-3.0.13-o0-openssl --vul_func_name PKCS12_unpack_p7encdata
2025-06-26 13:21:10,955 - INFO - success CVE-2024-0727,details in cve_test/CVE-2024-0727.log

2025-06-26 13:21:10,956 - INFO - detecting CVE-2024-0727 PKCS12_unpack_p7encdata
2025-06-26 13:21:10,956 - INFO - cmd: python main.py --detect --cve_id CVE-2024-0727 --target_bin /binaries/target/openssl/openssl-openssl-3.2.1-o0-openssl --vul_func_name PKCS12_unpack_p7encdata
2025-06-26 13:21:13,337 - INFO - success CVE-2024-0727,details in cve_test/CVE-2024-0727.log

2025-06-26 13:21:13,337 - INFO - detecting CVE-2024-0727 PKCS12_unpack_p7encdata
2025-06-26 13:21:13,337 - INFO - cmd: python main.py --detect --cve_id CVE-2024-0727 --target_bin /binaries/target/openssl/openssl-openssl-3.1.5-o0-openssl --vul_func_name PKCS12_unpack_p7encdata
2025-06-26 13:21:15,703 - INFO - success CVE-2024-0727,details in cve_test/CVE-2024-0727.log

2025-06-26 13:21:15,703 - INFO - detecting CVE-2024-0727 PKCS12_unpack_authsafes
2025-06-26 13:21:15,703 - INFO - cmd: python main.py --detect --cve_id CVE-2024-0727 --target_bin /binaries/target/openssl/openssl-openssl-3.2.0-o0-openssl --vul_func_name PKCS12_unpack_authsafes
2025-06-26 13:21:18,091 - INFO - success CVE-2024-0727,details in cve_test/CVE-2024-0727.log

2025-06-26 13:21:18,091 - INFO - detecting CVE-2024-0727 PKCS12_unpack_authsafes
2025-06-26 13:21:18,091 - INFO - cmd: python main.py --detect --cve_id CVE-2024-0727 --target_bin /binaries/target/openssl/openssl-openssl-3.0.12-o0-openssl --vul_func_name PKCS12_unpack_authsafes
2025-06-26 13:21:20,467 - INFO - success CVE-2024-0727,details in cve_test/CVE-2024-0727.log

2025-06-26 13:21:20,467 - INFO - detecting CVE-2024-0727 PKCS12_unpack_authsafes
2025-06-26 13:21:20,467 - INFO - cmd: python main.py --detect --cve_id CVE-2024-0727 --target_bin /binaries/target/openssl/openssl-openssl-3.1.4-o0-openssl --vul_func_name PKCS12_unpack_authsafes
2025-06-26 13:21:22,876 - INFO - success CVE-2024-0727,details in cve_test/CVE-2024-0727.log

2025-06-26 13:21:22,876 - INFO - detecting CVE-2024-0727 PKCS12_unpack_authsafes
2025-06-26 13:21:22,876 - INFO - cmd: python main.py --detect --cve_id CVE-2024-0727 --target_bin /binaries/target/openssl/openssl-openssl-3.0.13-o0-openssl --vul_func_name PKCS12_unpack_authsafes
2025-06-26 13:21:25,251 - INFO - success CVE-2024-0727,details in cve_test/CVE-2024-0727.log

2025-06-26 13:21:25,251 - INFO - detecting CVE-2024-0727 PKCS12_unpack_authsafes
2025-06-26 13:21:25,252 - INFO - cmd: python main.py --detect --cve_id CVE-2024-0727 --target_bin /binaries/target/openssl/openssl-openssl-3.2.1-o0-openssl --vul_func_name PKCS12_unpack_authsafes
2025-06-26 13:21:27,624 - INFO - success CVE-2024-0727,details in cve_test/CVE-2024-0727.log

2025-06-26 13:21:27,625 - INFO - detecting CVE-2024-0727 PKCS12_unpack_authsafes
2025-06-26 13:21:27,625 - INFO - cmd: python main.py --detect --cve_id CVE-2024-0727 --target_bin /binaries/target/openssl/openssl-openssl-3.1.5-o0-openssl --vul_func_name PKCS12_unpack_authsafes
2025-06-26 13:21:30,014 - INFO - success CVE-2024-0727,details in cve_test/CVE-2024-0727.log

2025-06-26 13:21:30,014 - INFO - detecting CVE-2013-0338 xmlParserEntityCheck
2025-06-26 13:21:30,014 - INFO - cmd: python main.py --detect --cve_id CVE-2013-0338 --target_bin /binaries/target/libxml2/libxml2-2.9.0-o0-libxml2 --vul_func_name xmlParserEntityCheck
2025-06-26 13:21:32,208 - INFO - success CVE-2013-0338,details in cve_test/CVE-2013-0338.log

2025-06-26 13:21:32,208 - INFO - detecting CVE-2013-0338 xmlParserEntityCheck
2025-06-26 13:21:32,208 - INFO - cmd: python main.py --detect --cve_id CVE-2013-0338 --target_bin /binaries/target/libxml2/libxml2-2.8.0-o0-libxml2 --vul_func_name xmlParserEntityCheck
2025-06-26 13:21:34,512 - INFO - success CVE-2013-0338,details in cve_test/CVE-2013-0338.log

2025-06-26 13:21:34,513 - INFO - detecting CVE-2013-0338 xmlParserEntityCheck
2025-06-26 13:21:34,513 - INFO - cmd: python main.py --detect --cve_id CVE-2013-0338 --target_bin /binaries/target/libxml2/libxml2-2.8.0-rc2-o0-libxml2 --vul_func_name xmlParserEntityCheck
2025-06-26 13:21:36,692 - INFO - success CVE-2013-0338,details in cve_test/CVE-2013-0338.log

2025-06-26 13:21:36,693 - INFO - detecting CVE-2013-0338 xmlParserEntityCheck
2025-06-26 13:21:36,693 - INFO - cmd: python main.py --detect --cve_id CVE-2013-0338 --target_bin /binaries/target/libxml2/libxml2-2.9.1-o0-libxml2 --vul_func_name xmlParserEntityCheck
2025-06-26 13:21:38,920 - INFO - success CVE-2013-0338,details in cve_test/CVE-2013-0338.log

2025-06-26 13:21:38,920 - INFO - detecting CVE-2013-0338 xmlParserEntityCheck
2025-06-26 13:21:38,920 - INFO - cmd: python main.py --detect --cve_id CVE-2013-0338 --target_bin /binaries/target/libxml2/libxml2-2.9.2-rc1-o0-libxml2 --vul_func_name xmlParserEntityCheck
2025-06-26 13:21:41,128 - INFO - success CVE-2013-0338,details in cve_test/CVE-2013-0338.log

2025-06-26 13:21:41,128 - INFO - detecting CVE-2013-0338 xmlParserEntityCheck
2025-06-26 13:21:41,128 - INFO - cmd: python main.py --detect --cve_id CVE-2013-0338 --target_bin /binaries/target/libxml2/libxml2-2.9.2-rc2-o0-libxml2 --vul_func_name xmlParserEntityCheck
2025-06-26 13:21:43,335 - INFO - success CVE-2013-0338,details in cve_test/CVE-2013-0338.log

2025-06-26 13:21:43,336 - INFO - detecting CVE-2015-7500 xmlParseStartTag2
2025-06-26 13:21:43,336 - INFO - cmd: python main.py --detect --cve_id CVE-2015-7500 --target_bin /binaries/target/libxml2/libxml2-2.9.2-o0-libxml2 --vul_func_name xmlParseStartTag2
2025-06-26 13:21:46,646 - INFO - success CVE-2015-7500,details in cve_test/CVE-2015-7500.log

2025-06-26 13:21:46,646 - INFO - detecting CVE-2015-7500 xmlParseStartTag2
2025-06-26 13:21:46,646 - INFO - cmd: python main.py --detect --cve_id CVE-2015-7500 --target_bin /binaries/target/libxml2/libxml2-2.9.1-o0-libxml2 --vul_func_name xmlParseStartTag2
2025-06-26 13:21:49,886 - INFO - success CVE-2015-7500,details in cve_test/CVE-2015-7500.log

2025-06-26 13:21:49,887 - INFO - detecting CVE-2015-7500 xmlParseStartTag2
2025-06-26 13:21:49,888 - INFO - cmd: python main.py --detect --cve_id CVE-2015-7500 --target_bin /binaries/target/libxml2/libxml2-2.9.0-o0-libxml2 --vul_func_name xmlParseStartTag2
2025-06-26 13:21:53,248 - INFO - success CVE-2015-7500,details in cve_test/CVE-2015-7500.log

2025-06-26 13:21:53,248 - INFO - detecting CVE-2015-7500 xmlParseStartTag2
2025-06-26 13:21:53,248 - INFO - cmd: python main.py --detect --cve_id CVE-2015-7500 --target_bin /binaries/target/libxml2/libxml2-2.9.3-o0-libxml2 --vul_func_name xmlParseStartTag2
2025-06-26 13:21:56,489 - INFO - success CVE-2015-7500,details in cve_test/CVE-2015-7500.log

2025-06-26 13:21:56,489 - INFO - detecting CVE-2015-7500 xmlParseStartTag2
2025-06-26 13:21:56,489 - INFO - cmd: python main.py --detect --cve_id CVE-2015-7500 --target_bin /binaries/target/libxml2/libxml2-2.9.4-rc1-o0-libxml2 --vul_func_name xmlParseStartTag2
2025-06-26 13:21:59,845 - INFO - success CVE-2015-7500,details in cve_test/CVE-2015-7500.log

2025-06-26 13:21:59,845 - INFO - detecting CVE-2015-7500 xmlParseStartTag2
2025-06-26 13:21:59,845 - INFO - cmd: python main.py --detect --cve_id CVE-2015-7500 --target_bin /binaries/target/libxml2/libxml2-2.9.4-rc2-o0-libxml2 --vul_func_name xmlParseStartTag2
2025-06-26 13:22:03,098 - INFO - success CVE-2015-7500,details in cve_test/CVE-2015-7500.log

2025-06-26 13:22:03,098 - INFO - detecting CVE-2015-7941 xmlParseConditionalSections
2025-06-26 13:22:03,098 - INFO - cmd: python main.py --detect --cve_id CVE-2015-7941 --target_bin /binaries/target/libxml2/libxml2-2.9.2-o0-libxml2 --vul_func_name xmlParseConditionalSections
2025-06-26 13:22:12,674 - INFO - success CVE-2015-7941,details in cve_test/CVE-2015-7941.log

2025-06-26 13:22:12,674 - INFO - detecting CVE-2015-7941 xmlParseConditionalSections
2025-06-26 13:22:12,674 - INFO - cmd: python main.py --detect --cve_id CVE-2015-7941 --target_bin /binaries/target/libxml2/libxml2-2.9.3-o0-libxml2 --vul_func_name xmlParseConditionalSections
2025-06-26 13:22:16,327 - INFO - success CVE-2015-7941,details in cve_test/CVE-2015-7941.log

2025-06-26 13:22:16,328 - INFO - detecting CVE-2015-7941 xmlParseConditionalSections
2025-06-26 13:22:16,328 - INFO - cmd: python main.py --detect --cve_id CVE-2015-7941 --target_bin /binaries/target/libxml2/libxml2-2.9.4-rc1-o0-libxml2 --vul_func_name xmlParseConditionalSections
2025-06-26 13:22:20,129 - INFO - success CVE-2015-7941,details in cve_test/CVE-2015-7941.log

2025-06-26 13:22:20,129 - INFO - detecting CVE-2015-7941 xmlParseConditionalSections
2025-06-26 13:22:20,130 - INFO - cmd: python main.py --detect --cve_id CVE-2015-7941 --target_bin /binaries/target/libxml2/libxml2-2.9.4-rc2-o0-libxml2 --vul_func_name xmlParseConditionalSections
2025-06-26 13:22:23,860 - INFO - success CVE-2015-7941,details in cve_test/CVE-2015-7941.log

2025-06-26 13:22:23,860 - INFO - detecting CVE-2016-1762 xmlParseInternalSubset
2025-06-26 13:22:23,860 - INFO - cmd: python main.py --detect --cve_id CVE-2016-1762 --target_bin /binaries/target/libxml2/libxml2-2.9.3-o0-libxml2 --vul_func_name xmlParseInternalSubset
2025-06-26 13:22:27,284 - INFO - success CVE-2016-1762,details in cve_test/CVE-2016-1762.log

2025-06-26 13:22:27,285 - INFO - detecting CVE-2016-1762 xmlParseInternalSubset
2025-06-26 13:22:27,285 - INFO - cmd: python main.py --detect --cve_id CVE-2016-1762 --target_bin /binaries/target/libxml2/libxml2-2.9.2-o0-libxml2 --vul_func_name xmlParseInternalSubset
2025-06-26 13:22:30,862 - INFO - success CVE-2016-1762,details in cve_test/CVE-2016-1762.log

2025-06-26 13:22:30,862 - INFO - detecting CVE-2016-1762 xmlParseInternalSubset
2025-06-26 13:22:30,863 - INFO - cmd: python main.py --detect --cve_id CVE-2016-1762 --target_bin /binaries/target/libxml2/libxml2-2.9.2-rc2-o0-libxml2 --vul_func_name xmlParseInternalSubset
2025-06-26 13:22:34,388 - INFO - success CVE-2016-1762,details in cve_test/CVE-2016-1762.log

2025-06-26 13:22:34,388 - INFO - detecting CVE-2016-1762 xmlParseInternalSubset
2025-06-26 13:22:34,388 - INFO - cmd: python main.py --detect --cve_id CVE-2016-1762 --target_bin /binaries/target/libxml2/libxml2-2.9.4-rc1-o0-libxml2 --vul_func_name xmlParseInternalSubset
2025-06-26 13:22:37,657 - INFO - success CVE-2016-1762,details in cve_test/CVE-2016-1762.log

2025-06-26 13:22:37,657 - INFO - detecting CVE-2016-1762 xmlParseInternalSubset
2025-06-26 13:22:37,657 - INFO - cmd: python main.py --detect --cve_id CVE-2016-1762 --target_bin /binaries/target/libxml2/libxml2-2.9.4-rc2-o0-libxml2 --vul_func_name xmlParseInternalSubset
2025-06-26 13:22:41,006 - INFO - success CVE-2016-1762,details in cve_test/CVE-2016-1762.log

2025-06-26 13:22:41,007 - INFO - detecting CVE-2016-1762 xmlParseInternalSubset
2025-06-26 13:22:41,007 - INFO - cmd: python main.py --detect --cve_id CVE-2016-1762 --target_bin /binaries/target/libxml2/libxml2-2.9.4-o0-libxml2 --vul_func_name xmlParseInternalSubset
2025-06-26 13:22:44,232 - INFO - success CVE-2016-1762,details in cve_test/CVE-2016-1762.log

2025-06-26 13:22:44,232 - INFO - detecting CVE-2016-1836 xmlParseNCNameComplex
2025-06-26 13:22:44,232 - INFO - cmd: python main.py --detect --cve_id CVE-2016-1836 --target_bin /binaries/target/libxml2/libxml2-2.9.3-o0-libxml2 --vul_func_name xmlParseNCNameComplex
2025-06-26 13:22:47,660 - INFO - success CVE-2016-1836,details in cve_test/CVE-2016-1836.log

2025-06-26 13:22:47,660 - INFO - detecting CVE-2016-1836 xmlParseNCNameComplex
2025-06-26 13:22:47,660 - INFO - cmd: python main.py --detect --cve_id CVE-2016-1836 --target_bin /binaries/target/libxml2/libxml2-2.9.2-o0-libxml2 --vul_func_name xmlParseNCNameComplex
2025-06-26 13:22:51,006 - INFO - success CVE-2016-1836,details in cve_test/CVE-2016-1836.log

2025-06-26 13:22:51,007 - INFO - detecting CVE-2016-1836 xmlParseNCNameComplex
2025-06-26 13:22:51,007 - INFO - cmd: python main.py --detect --cve_id CVE-2016-1836 --target_bin /binaries/target/libxml2/libxml2-2.9.2-rc2-o0-libxml2 --vul_func_name xmlParseNCNameComplex
2025-06-26 13:22:54,331 - INFO - success CVE-2016-1836,details in cve_test/CVE-2016-1836.log

2025-06-26 13:22:54,332 - INFO - detecting CVE-2016-1836 xmlParseNCNameComplex
2025-06-26 13:22:54,332 - INFO - cmd: python main.py --detect --cve_id CVE-2016-1836 --target_bin /binaries/target/libxml2/libxml2-2.9.4-o0-libxml2 --vul_func_name xmlParseNCNameComplex
2025-06-26 13:22:57,703 - INFO - success CVE-2016-1836,details in cve_test/CVE-2016-1836.log

2025-06-26 13:22:57,704 - INFO - detecting CVE-2016-1836 xmlParseNCNameComplex
2025-06-26 13:22:57,704 - INFO - cmd: python main.py --detect --cve_id CVE-2016-1836 --target_bin /binaries/target/libxml2/libxml2-2.9.4-rc2-o0-libxml2 --vul_func_name xmlParseNCNameComplex
2025-06-26 13:23:01,090 - INFO - success CVE-2016-1836,details in cve_test/CVE-2016-1836.log

2025-06-26 13:23:01,090 - INFO - detecting CVE-2016-1836 xmlParseNCNameComplex
2025-06-26 13:23:01,090 - INFO - cmd: python main.py --detect --cve_id CVE-2016-1836 --target_bin /binaries/target/libxml2/libxml2-2.9.4-rc1-o0-libxml2 --vul_func_name xmlParseNCNameComplex
2025-06-26 13:23:04,461 - INFO - success CVE-2016-1836,details in cve_test/CVE-2016-1836.log

2025-06-26 13:23:04,462 - INFO - detecting CVE-2016-1837 htmlParseSystemLiteral
2025-06-26 13:23:04,462 - INFO - cmd: python main.py --detect --cve_id CVE-2016-1837 --target_bin /binaries/target/libxml2/libxml2-2.9.3-o0-libxml2 --vul_func_name htmlParseSystemLiteral
2025-06-26 13:23:07,608 - INFO - success CVE-2016-1837,details in cve_test/CVE-2016-1837.log

2025-06-26 13:23:07,608 - INFO - detecting CVE-2016-1837 htmlParseSystemLiteral
2025-06-26 13:23:07,608 - INFO - cmd: python main.py --detect --cve_id CVE-2016-1837 --target_bin /binaries/target/libxml2/libxml2-2.9.2-o0-libxml2 --vul_func_name htmlParseSystemLiteral
2025-06-26 13:23:10,765 - INFO - success CVE-2016-1837,details in cve_test/CVE-2016-1837.log

2025-06-26 13:23:10,765 - INFO - detecting CVE-2016-1837 htmlParseSystemLiteral
2025-06-26 13:23:10,765 - INFO - cmd: python main.py --detect --cve_id CVE-2016-1837 --target_bin /binaries/target/libxml2/libxml2-2.9.2-rc2-o0-libxml2 --vul_func_name htmlParseSystemLiteral
2025-06-26 13:23:14,023 - INFO - success CVE-2016-1837,details in cve_test/CVE-2016-1837.log

2025-06-26 13:23:14,024 - INFO - detecting CVE-2016-1837 htmlParseSystemLiteral
2025-06-26 13:23:14,024 - INFO - cmd: python main.py --detect --cve_id CVE-2016-1837 --target_bin /binaries/target/libxml2/libxml2-2.9.4-o0-libxml2 --vul_func_name htmlParseSystemLiteral
2025-06-26 13:23:17,253 - INFO - success CVE-2016-1837,details in cve_test/CVE-2016-1837.log

2025-06-26 13:23:17,253 - INFO - detecting CVE-2016-1837 htmlParseSystemLiteral
2025-06-26 13:23:17,253 - INFO - cmd: python main.py --detect --cve_id CVE-2016-1837 --target_bin /binaries/target/libxml2/libxml2-2.9.4-rc2-o0-libxml2 --vul_func_name htmlParseSystemLiteral
2025-06-26 13:23:20,621 - INFO - success CVE-2016-1837,details in cve_test/CVE-2016-1837.log

2025-06-26 13:23:20,621 - INFO - detecting CVE-2016-1837 htmlParseSystemLiteral
2025-06-26 13:23:20,621 - INFO - cmd: python main.py --detect --cve_id CVE-2016-1837 --target_bin /binaries/target/libxml2/libxml2-2.9.4-rc1-o0-libxml2 --vul_func_name htmlParseSystemLiteral
2025-06-26 13:23:23,728 - INFO - success CVE-2016-1837,details in cve_test/CVE-2016-1837.log

2025-06-26 13:23:23,728 - INFO - detecting CVE-2022-29824 xmlBufCreateSize
2025-06-26 13:23:23,728 - INFO - cmd: python main.py --detect --cve_id CVE-2022-29824 --target_bin /binaries/target/libxml2/libxml2-2.9.13-o0-libxml2 --vul_func_name xmlBufCreateSize
2025-06-26 13:23:26,342 - INFO - success CVE-2022-29824,details in cve_test/CVE-2022-29824.log

2025-06-26 13:23:26,342 - INFO - detecting CVE-2022-29824 xmlBufCreateSize
2025-06-26 13:23:26,343 - INFO - cmd: python main.py --detect --cve_id CVE-2022-29824 --target_bin /binaries/target/libxml2/libxml2-2.9.12-o0-libxml2 --vul_func_name xmlBufCreateSize
2025-06-26 13:23:28,915 - INFO - success CVE-2022-29824,details in cve_test/CVE-2022-29824.log

2025-06-26 13:23:28,915 - INFO - detecting CVE-2022-29824 xmlBufCreateSize
2025-06-26 13:23:28,916 - INFO - cmd: python main.py --detect --cve_id CVE-2022-29824 --target_bin /binaries/target/libxml2/libxml2-2.9.11-o0-libxml2 --vul_func_name xmlBufCreateSize
2025-06-26 13:23:31,511 - INFO - success CVE-2022-29824,details in cve_test/CVE-2022-29824.log

2025-06-26 13:23:31,512 - INFO - detecting CVE-2022-29824 xmlBufCreateSize
2025-06-26 13:23:31,512 - INFO - cmd: python main.py --detect --cve_id CVE-2022-29824 --target_bin /binaries/target/libxml2/libxml2-2.9.14-o0-libxml2 --vul_func_name xmlBufCreateSize
2025-06-26 13:23:33,697 - INFO - success CVE-2022-29824,details in cve_test/CVE-2022-29824.log

2025-06-26 13:23:33,697 - INFO - detecting CVE-2022-29824 xmlBufCreateSize
2025-06-26 13:23:33,697 - INFO - cmd: python main.py --detect --cve_id CVE-2022-29824 --target_bin /binaries/target/libxml2/libxml2-2.10.0-o0-libxml2 --vul_func_name xmlBufCreateSize
2025-06-26 13:23:36,180 - INFO - success CVE-2022-29824,details in cve_test/CVE-2022-29824.log

2025-06-26 13:23:36,180 - INFO - detecting CVE-2022-29824 xmlBufCreateSize
2025-06-26 13:23:36,180 - INFO - cmd: python main.py --detect --cve_id CVE-2022-29824 --target_bin /binaries/target/libxml2/libxml2-2.10.1-o0-libxml2 --vul_func_name xmlBufCreateSize
2025-06-26 13:23:38,627 - INFO - success CVE-2022-29824,details in cve_test/CVE-2022-29824.log

2025-06-26 13:23:38,627 - INFO - detecting CVE-2022-40303 xmlParseCDSect
2025-06-26 13:23:38,628 - INFO - cmd: python main.py --detect --cve_id CVE-2022-40303 --target_bin /binaries/target/libxml2/libxml2-2.10.2-o0-libxml2 --vul_func_name xmlParseCDSect
2025-06-26 13:23:42,074 - INFO - success CVE-2022-40303,details in cve_test/CVE-2022-40303.log

2025-06-26 13:23:42,075 - INFO - detecting CVE-2022-40303 xmlParseCDSect
2025-06-26 13:23:42,075 - INFO - cmd: python main.py --detect --cve_id CVE-2022-40303 --target_bin /binaries/target/libxml2/libxml2-2.10.1-o0-libxml2 --vul_func_name xmlParseCDSect
2025-06-26 13:23:45,460 - INFO - success CVE-2022-40303,details in cve_test/CVE-2022-40303.log

2025-06-26 13:23:45,460 - INFO - detecting CVE-2022-40303 xmlParseCDSect
2025-06-26 13:23:45,460 - INFO - cmd: python main.py --detect --cve_id CVE-2022-40303 --target_bin /binaries/target/libxml2/libxml2-2.10.0-o0-libxml2 --vul_func_name xmlParseCDSect
2025-06-26 13:23:48,751 - INFO - success CVE-2022-40303,details in cve_test/CVE-2022-40303.log

2025-06-26 13:23:48,751 - INFO - detecting CVE-2022-40303 xmlParseCDSect
2025-06-26 13:23:48,751 - INFO - cmd: python main.py --detect --cve_id CVE-2022-40303 --target_bin /binaries/target/libxml2/libxml2-2.10.3-o0-libxml2 --vul_func_name xmlParseCDSect
2025-06-26 13:23:52,207 - INFO - success CVE-2022-40303,details in cve_test/CVE-2022-40303.log

2025-06-26 13:23:52,207 - INFO - detecting CVE-2022-40303 xmlParseCDSect
2025-06-26 13:23:52,208 - INFO - cmd: python main.py --detect --cve_id CVE-2022-40303 --target_bin /binaries/target/libxml2/libxml2-2.10.4-o0-libxml2 --vul_func_name xmlParseCDSect
2025-06-26 13:23:55,555 - INFO - success CVE-2022-40303,details in cve_test/CVE-2022-40303.log

2025-06-26 13:23:55,555 - INFO - detecting CVE-2022-40303 xmlParseCDSect
2025-06-26 13:23:55,555 - INFO - cmd: python main.py --detect --cve_id CVE-2022-40303 --target_bin /binaries/target/libxml2/libxml2-2.11.0-o0-libxml2 --vul_func_name xmlParseCDSect
2025-06-26 13:23:59,071 - INFO - success CVE-2022-40303,details in cve_test/CVE-2022-40303.log

2025-06-26 13:23:59,071 - INFO - detecting CVE-2022-40303 xmlParseStringName
2025-06-26 13:23:59,071 - INFO - cmd: python main.py --detect --cve_id CVE-2022-40303 --target_bin /binaries/target/libxml2/libxml2-2.10.2-o0-libxml2 --vul_func_name xmlParseStringName
2025-06-26 13:24:04,061 - INFO - success CVE-2022-40303,details in cve_test/CVE-2022-40303.log

2025-06-26 13:24:04,061 - INFO - detecting CVE-2022-40303 xmlParseStringName
2025-06-26 13:24:04,061 - INFO - cmd: python main.py --detect --cve_id CVE-2022-40303 --target_bin /binaries/target/libxml2/libxml2-2.10.1-o0-libxml2 --vul_func_name xmlParseStringName2025-06-26 14:52:09,877 - INFO - detecting CVE-2022-40303 xmlParseCDSect
2025-06-26 14:52:09,877 - INFO - cmd: python main.py --detect --cve_id CVE-2022-40303 --target_bin /binaries/target/libxml2/libxml2-2.10.2-o0-libxml2 --vul_func_name xmlParseCDSect
2025-06-26 14:52:13,186 - INFO - success CVE-2022-40303,details in cve_test/CVE-2022-40303.log

2025-06-26 14:52:13,187 - INFO - detecting CVE-2022-40303 xmlParseCDSect
2025-06-26 14:52:13,187 - INFO - cmd: python main.py --detect --cve_id CVE-2022-40303 --target_bin /binaries/target/libxml2/libxml2-2.10.1-o0-libxml2 --vul_func_name xmlParseCDSect
2025-06-26 14:52:16,481 - INFO - success CVE-2022-40303,details in cve_test/CVE-2022-40303.log

2025-06-26 14:52:16,481 - INFO - detecting CVE-2022-40303 xmlParseCDSect
2025-06-26 14:52:16,481 - INFO - cmd: python main.py --detect --cve_id CVE-2022-40303 --target_bin /binaries/target/libxml2/libxml2-2.10.0-o0-libxml2 --vul_func_name xmlParseCDSect
2025-06-26 14:52:19,750 - INFO - success CVE-2022-40303,details in cve_test/CVE-2022-40303.log

2025-06-26 14:52:19,750 - INFO - detecting CVE-2022-40303 xmlParseCDSect
2025-06-26 14:52:19,751 - INFO - cmd: python main.py --detect --cve_id CVE-2022-40303 --target_bin /binaries/target/libxml2/libxml2-2.10.3-o0-libxml2 --vul_func_name xmlParseCDSect
2025-06-26 14:52:23,086 - INFO - success CVE-2022-40303,details in cve_test/CVE-2022-40303.log

2025-06-26 14:52:23,087 - INFO - detecting CVE-2022-40303 xmlParseCDSect
2025-06-26 14:52:23,087 - INFO - cmd: python main.py --detect --cve_id CVE-2022-40303 --target_bin /binaries/target/libxml2/libxml2-2.10.4-o0-libxml2 --vul_func_name xmlParseCDSect
2025-06-26 14:52:26,438 - INFO - success CVE-2022-40303,details in cve_test/CVE-2022-40303.log

2025-06-26 14:52:26,438 - INFO - detecting CVE-2022-40303 xmlParseCDSect
2025-06-26 14:52:26,438 - INFO - cmd: python main.py --detect --cve_id CVE-2022-40303 --target_bin /binaries/target/libxml2/libxml2-2.11.0-o0-libxml2 --vul_func_name xmlParseCDSect
2025-06-26 14:52:29,743 - INFO - success CVE-2022-40303,details in cve_test/CVE-2022-40303.log

2025-06-26 14:52:29,743 - INFO - detecting CVE-2022-40303 xmlParseStringName
2025-06-26 14:52:29,743 - INFO - cmd: python main.py --detect --cve_id CVE-2022-40303 --target_bin /binaries/target/libxml2/libxml2-2.10.2-o0-libxml2 --vul_func_name xmlParseStringName
2025-06-26 14:52:34,790 - INFO - success CVE-2022-40303,details in cve_test/CVE-2022-40303.log

2025-06-26 14:52:34,790 - INFO - detecting CVE-2022-40303 xmlParseStringName
2025-06-26 14:52:34,790 - INFO - cmd: python main.py --detect --cve_id CVE-2022-40303 --target_bin /binaries/target/libxml2/libxml2-2.10.1-o0-libxml2 --vul_func_name xmlParseStringName
2025-06-26 14:52:39,904 - INFO - success CVE-2022-40303,details in cve_test/CVE-2022-40303.log

2025-06-26 14:52:39,904 - INFO - detecting CVE-2022-40303 xmlParseStringName
2025-06-26 14:52:39,904 - INFO - cmd: python main.py --detect --cve_id CVE-2022-40303 --target_bin /binaries/target/libxml2/libxml2-2.10.0-o0-libxml2 --vul_func_name xmlParseStringName
2025-06-26 14:52:45,073 - INFO - success CVE-2022-40303,details in cve_test/CVE-2022-40303.log

2025-06-26 14:52:45,073 - INFO - detecting CVE-2022-40303 xmlParseStringName
2025-06-26 14:52:45,073 - INFO - cmd: python main.py --detect --cve_id CVE-2022-40303 --target_bin /binaries/target/libxml2/libxml2-2.10.3-o0-libxml2 --vul_func_name xmlParseStringName
2025-06-26 14:52:49,002 - INFO - success CVE-2022-40303,details in cve_test/CVE-2022-40303.log

2025-06-26 14:52:49,002 - INFO - detecting CVE-2022-40303 xmlParseStringName
2025-06-26 14:52:49,003 - INFO - cmd: python main.py --detect --cve_id CVE-2022-40303 --target_bin /binaries/target/libxml2/libxml2-2.10.4-o0-libxml2 --vul_func_name xmlParseStringName
2025-06-26 14:52:52,949 - INFO - success CVE-2022-40303,details in cve_test/CVE-2022-40303.log

2025-06-26 14:52:52,949 - INFO - detecting CVE-2022-40303 xmlParseStringName
2025-06-26 14:52:52,949 - INFO - cmd: python main.py --detect --cve_id CVE-2022-40303 --target_bin /binaries/target/libxml2/libxml2-2.11.0-o0-libxml2 --vul_func_name xmlParseStringName
2025-06-26 14:52:56,879 - INFO - success CVE-2022-40303,details in cve_test/CVE-2022-40303.log

2025-06-26 14:52:56,879 - INFO - detecting CVE-2022-40303 xmlParseEntityValue
2025-06-26 14:52:56,879 - INFO - cmd: python main.py --detect --cve_id CVE-2022-40303 --target_bin /binaries/target/libxml2/libxml2-2.10.2-o0-libxml2 --vul_func_name xmlParseEntityValue
2025-06-26 14:53:00,378 - INFO - success CVE-2022-40303,details in cve_test/CVE-2022-40303.log

2025-06-26 14:53:00,378 - INFO - detecting CVE-2022-40303 xmlParseEntityValue
2025-06-26 14:53:00,378 - INFO - cmd: python main.py --detect --cve_id CVE-2022-40303 --target_bin /binaries/target/libxml2/libxml2-2.10.1-o0-libxml2 --vul_func_name xmlParseEntityValue
2025-06-26 14:53:03,852 - INFO - success CVE-2022-40303,details in cve_test/CVE-2022-40303.log

2025-06-26 14:53:03,852 - INFO - detecting CVE-2022-40303 xmlParseEntityValue
2025-06-26 14:53:03,852 - INFO - cmd: python main.py --detect --cve_id CVE-2022-40303 --target_bin /binaries/target/libxml2/libxml2-2.10.0-o0-libxml2 --vul_func_name xmlParseEntityValue
2025-06-26 14:53:07,342 - INFO - success CVE-2022-40303,details in cve_test/CVE-2022-40303.log

2025-06-26 14:53:07,342 - INFO - detecting CVE-2022-40303 xmlParseEntityValue
2025-06-26 14:53:07,342 - INFO - cmd: python main.py --detect --cve_id CVE-2022-40303 --target_bin /binaries/target/libxml2/libxml2-2.10.3-o0-libxml2 --vul_func_name xmlParseEntityValue
2025-06-26 14:53:11,022 - INFO - success CVE-2022-40303,details in cve_test/CVE-2022-40303.log

2025-06-26 14:53:11,022 - INFO - detecting CVE-2022-40303 xmlParseEntityValue
2025-06-26 14:53:11,022 - INFO - cmd: python main.py --detect --cve_id CVE-2022-40303 --target_bin /binaries/target/libxml2/libxml2-2.10.4-o0-libxml2 --vul_func_name xmlParseEntityValue
2025-06-26 14:53:14,753 - INFO - success CVE-2022-40303,details in cve_test/CVE-2022-40303.log

2025-06-26 14:53:14,754 - INFO - detecting CVE-2022-40303 xmlParseEntityValue
2025-06-26 14:53:14,754 - INFO - cmd: python main.py --detect --cve_id CVE-2022-40303 --target_bin /binaries/target/libxml2/libxml2-2.11.0-o0-libxml2 --vul_func_name xmlParseEntityValue
2025-06-26 14:53:18,358 - INFO - success CVE-2022-40303,details in cve_test/CVE-2022-40303.log

2025-06-26 14:53:18,359 - INFO - detecting CVE-2022-40303 xmlParseNCNameComplex
2025-06-26 14:53:18,359 - INFO - cmd: python main.py --detect --cve_id CVE-2022-40303 --target_bin /binaries/target/libxml2/libxml2-2.10.2-o0-libxml2 --vul_func_name xmlParseNCNameComplex
2025-06-26 14:53:21,220 - INFO - success CVE-2022-40303,details in cve_test/CVE-2022-40303.log

2025-06-26 14:53:21,221 - INFO - detecting CVE-2022-40303 xmlParseNCNameComplex
2025-06-26 14:53:21,221 - INFO - cmd: python main.py --detect --cve_id CVE-2022-40303 --target_bin /binaries/target/libxml2/libxml2-2.10.1-o0-libxml2 --vul_func_name xmlParseNCNameComplex
2025-06-26 14:53:24,107 - INFO - success CVE-2022-40303,details in cve_test/CVE-2022-40303.log

2025-06-26 14:53:24,107 - INFO - detecting CVE-2022-40303 xmlParseNCNameComplex
2025-06-26 14:53:24,107 - INFO - cmd: python main.py --detect --cve_id CVE-2022-40303 --target_bin /binaries/target/libxml2/libxml2-2.10.0-o0-libxml2 --vul_func_name xmlParseNCNameComplex
2025-06-26 14:53:26,934 - INFO - success CVE-2022-40303,details in cve_test/CVE-2022-40303.log

2025-06-26 14:53:26,934 - INFO - detecting CVE-2022-40303 xmlParseNCNameComplex
2025-06-26 14:53:26,934 - INFO - cmd: python main.py --detect --cve_id CVE-2022-40303 --target_bin /binaries/target/libxml2/libxml2-2.10.3-o0-libxml2 --vul_func_name xmlParseNCNameComplex
2025-06-26 14:53:32,551 - INFO - success CVE-2022-40303,details in cve_test/CVE-2022-40303.log

2025-06-26 14:53:32,551 - INFO - detecting CVE-2022-40303 xmlParseNCNameComplex
2025-06-26 14:53:32,551 - INFO - cmd: python main.py --detect --cve_id CVE-2022-40303 --target_bin /binaries/target/libxml2/libxml2-2.10.4-o0-libxml2 --vul_func_name xmlParseNCNameComplex
2025-06-26 14:53:38,116 - INFO - success CVE-2022-40303,details in cve_test/CVE-2022-40303.log

2025-06-26 14:53:38,116 - INFO - detecting CVE-2022-40303 xmlParseNCNameComplex
2025-06-26 14:53:38,116 - INFO - cmd: python main.py --detect --cve_id CVE-2022-40303 --target_bin /binaries/target/libxml2/libxml2-2.11.0-o0-libxml2 --vul_func_name xmlParseNCNameComplex
2025-06-26 14:53:40,995 - INFO - success CVE-2022-40303,details in cve_test/CVE-2022-40303.log

2025-06-26 14:53:40,995 - INFO - detecting CVE-2022-40303 xmlParseNameComplex
2025-06-26 14:53:40,995 - INFO - cmd: python main.py --detect --cve_id CVE-2022-40303 --target_bin /binaries/target/libxml2/libxml2-2.10.2-o0-libxml2 --vul_func_name xmlParseNameComplex
2025-06-26 14:53:47,668 - INFO - success CVE-2022-40303,details in cve_test/CVE-2022-40303.log

2025-06-26 14:53:47,669 - INFO - detecting CVE-2022-40303 xmlParseNameComplex
2025-06-26 14:53:47,669 - INFO - cmd: python main.py --detect --cve_id CVE-2022-40303 --target_bin /binaries/target/libxml2/libxml2-2.10.1-o0-libxml2 --vul_func_name xmlParseNameComplex
2025-06-26 14:53:54,268 - INFO - success CVE-2022-40303,details in cve_test/CVE-2022-40303.log

2025-06-26 14:53:54,268 - INFO - detecting CVE-2022-40303 xmlParseNameComplex
2025-06-26 14:53:54,268 - INFO - cmd: python main.py --detect --cve_id CVE-2022-40303 --target_bin /binaries/target/libxml2/libxml2-2.10.0-o0-libxml2 --vul_func_name xmlParseNameComplex
2025-06-26 14:54:00,797 - INFO - success CVE-2022-40303,details in cve_test/CVE-2022-40303.log

2025-06-26 14:54:00,797 - INFO - detecting CVE-2022-40303 xmlParseNameComplex
2025-06-26 14:54:00,797 - INFO - cmd: python main.py --detect --cve_id CVE-2022-40303 --target_bin /binaries/target/libxml2/libxml2-2.10.3-o0-libxml2 --vul_func_name xmlParseNameComplex
2025-06-26 14:54:04,785 - INFO - success CVE-2022-40303,details in cve_test/CVE-2022-40303.log

2025-06-26 14:54:04,785 - INFO - detecting CVE-2022-40303 xmlParseNameComplex
2025-06-26 14:54:04,786 - INFO - cmd: python main.py --detect --cve_id CVE-2022-40303 --target_bin /binaries/target/libxml2/libxml2-2.10.4-o0-libxml2 --vul_func_name xmlParseNameComplex
2025-06-26 14:54:08,735 - INFO - success CVE-2022-40303,details in cve_test/CVE-2022-40303.log

2025-06-26 14:54:08,735 - INFO - detecting CVE-2022-40303 xmlParseNameComplex
2025-06-26 14:54:08,735 - INFO - cmd: python main.py --detect --cve_id CVE-2022-40303 --target_bin /binaries/target/libxml2/libxml2-2.11.0-o0-libxml2 --vul_func_name xmlParseNameComplex
2025-06-26 14:54:15,415 - INFO - success CVE-2022-40303,details in cve_test/CVE-2022-40303.log

2025-06-26 14:54:15,415 - INFO - detecting CVE-2022-40303 xmlParseSystemLiteral
2025-06-26 14:54:15,415 - INFO - cmd: python main.py --detect --cve_id CVE-2022-40303 --target_bin /binaries/target/libxml2/libxml2-2.10.2-o0-libxml2 --vul_func_name xmlParseSystemLiteral
2025-06-26 14:54:19,135 - INFO - success CVE-2022-40303,details in cve_test/CVE-2022-40303.log

2025-06-26 14:54:19,135 - INFO - detecting CVE-2022-40303 xmlParseSystemLiteral
2025-06-26 14:54:19,135 - INFO - cmd: python main.py --detect --cve_id CVE-2022-40303 --target_bin /binaries/target/libxml2/libxml2-2.10.1-o0-libxml2 --vul_func_name xmlParseSystemLiteral
2025-06-26 14:54:22,912 - INFO - success CVE-2022-40303,details in cve_test/CVE-2022-40303.log

2025-06-26 14:54:22,913 - INFO - detecting CVE-2022-40303 xmlParseSystemLiteral
2025-06-26 14:54:22,913 - INFO - cmd: python main.py --detect --cve_id CVE-2022-40303 --target_bin /binaries/target/libxml2/libxml2-2.10.0-o0-libxml2 --vul_func_name xmlParseSystemLiteral
2025-06-26 14:54:26,893 - INFO - success CVE-2022-40303,details in cve_test/CVE-2022-40303.log

2025-06-26 14:54:26,893 - INFO - detecting CVE-2022-40303 xmlParseSystemLiteral
2025-06-26 14:54:26,893 - INFO - cmd: python main.py --detect --cve_id CVE-2022-40303 --target_bin /binaries/target/libxml2/libxml2-2.10.3-o0-libxml2 --vul_func_name xmlParseSystemLiteral
2025-06-26 14:54:30,857 - INFO - success CVE-2022-40303,details in cve_test/CVE-2022-40303.log

2025-06-26 14:54:30,857 - INFO - detecting CVE-2022-40303 xmlParseSystemLiteral
2025-06-26 14:54:30,857 - INFO - cmd: python main.py --detect --cve_id CVE-2022-40303 --target_bin /binaries/target/libxml2/libxml2-2.10.4-o0-libxml2 --vul_func_name xmlParseSystemLiteral
2025-06-26 14:54:34,801 - INFO - success CVE-2022-40303,details in cve_test/CVE-2022-40303.log

2025-06-26 14:54:34,802 - INFO - detecting CVE-2022-40303 xmlParseSystemLiteral
2025-06-26 14:54:34,802 - INFO - cmd: python main.py --detect --cve_id CVE-2022-40303 --target_bin /binaries/target/libxml2/libxml2-2.11.0-o0-libxml2 --vul_func_name xmlParseSystemLiteral
2025-06-26 14:54:38,533 - INFO - success CVE-2022-40303,details in cve_test/CVE-2022-40303.log

2025-06-26 14:54:38,534 - INFO - detecting CVE-2022-40303 xmlParseAttValueInternal
2025-06-26 14:54:38,534 - INFO - cmd: python main.py --detect --cve_id CVE-2022-40303 --target_bin /binaries/target/libxml2/libxml2-2.10.2-o0-libxml2 --vul_func_name xmlParseAttValueInternal
2025-06-26 14:54:48,622 - INFO - success CVE-2022-40303,details in cve_test/CVE-2022-40303.log

2025-06-26 14:54:48,623 - INFO - detecting CVE-2022-40303 xmlParseAttValueInternal
2025-06-26 14:54:48,623 - INFO - cmd: python main.py --detect --cve_id CVE-2022-40303 --target_bin /binaries/target/libxml2/libxml2-2.10.1-o0-libxml2 --vul_func_name xmlParseAttValueInternal
2025-06-26 14:54:58,596 - INFO - success CVE-2022-40303,details in cve_test/CVE-2022-40303.log

2025-06-26 14:54:58,596 - INFO - detecting CVE-2022-40303 xmlParseAttValueInternal
2025-06-26 14:54:58,596 - INFO - cmd: python main.py --detect --cve_id CVE-2022-40303 --target_bin /binaries/target/libxml2/libxml2-2.10.0-o0-libxml2 --vul_func_name xmlParseAttValueInternal
2025-06-26 14:55:08,251 - INFO - success CVE-2022-40303,details in cve_test/CVE-2022-40303.log

2025-06-26 14:55:08,252 - INFO - detecting CVE-2022-40303 xmlParseAttValueInternal
2025-06-26 14:55:08,252 - INFO - cmd: python main.py --detect --cve_id CVE-2022-40303 --target_bin /binaries/target/libxml2/libxml2-2.10.3-o0-libxml2 --vul_func_name xmlParseAttValueInternal
2025-06-26 14:55:18,123 - INFO - success CVE-2022-40303,details in cve_test/CVE-2022-40303.log

2025-06-26 14:55:18,123 - INFO - detecting CVE-2022-40303 xmlParseAttValueInternal
2025-06-26 14:55:18,123 - INFO - cmd: python main.py --detect --cve_id CVE-2022-40303 --target_bin /binaries/target/libxml2/libxml2-2.10.4-o0-libxml2 --vul_func_name xmlParseAttValueInternal
2025-06-26 14:55:27,916 - INFO - success CVE-2022-40303,details in cve_test/CVE-2022-40303.log

2025-06-26 14:55:27,916 - INFO - detecting CVE-2022-40303 xmlParseAttValueInternal
2025-06-26 14:55:27,916 - INFO - cmd: python main.py --detect --cve_id CVE-2022-40303 --target_bin /binaries/target/libxml2/libxml2-2.11.0-o0-libxml2 --vul_func_name xmlParseAttValueInternal
2025-06-26 14:55:32,926 - INFO - success CVE-2022-40303,details in cve_test/CVE-2022-40303.log

2025-06-26 14:55:32,926 - INFO - detecting CVE-2022-40303 xmlParseAttValueComplex
2025-06-26 14:55:32,926 - INFO - cmd: python main.py --detect --cve_id CVE-2022-40303 --target_bin /binaries/target/libxml2/libxml2-2.10.2-o0-libxml2 --vul_func_name xmlParseAttValueComplex
2025-06-26 14:55:36,407 - INFO - success CVE-2022-40303,details in cve_test/CVE-2022-40303.log

2025-06-26 14:55:36,407 - INFO - detecting CVE-2022-40303 xmlParseAttValueComplex
2025-06-26 14:55:36,407 - INFO - cmd: python main.py --detect --cve_id CVE-2022-40303 --target_bin /binaries/target/libxml2/libxml2-2.10.1-o0-libxml2 --vul_func_name xmlParseAttValueComplex
2025-06-26 14:55:39,884 - INFO - success CVE-2022-40303,details in cve_test/CVE-2022-40303.log

2025-06-26 14:55:39,884 - INFO - detecting CVE-2022-40303 xmlParseAttValueComplex
2025-06-26 14:55:39,885 - INFO - cmd: python main.py --detect --cve_id CVE-2022-40303 --target_bin /binaries/target/libxml2/libxml2-2.10.0-o0-libxml2 --vul_func_name xmlParseAttValueComplex
2025-06-26 14:55:43,381 - INFO - success CVE-2022-40303,details in cve_test/CVE-2022-40303.log

2025-06-26 14:55:43,381 - INFO - detecting CVE-2022-40303 xmlParseAttValueComplex
2025-06-26 14:55:43,381 - INFO - cmd: python main.py --detect --cve_id CVE-2022-40303 --target_bin /binaries/target/libxml2/libxml2-2.10.3-o0-libxml2 --vul_func_name xmlParseAttValueComplex
2025-06-26 14:55:47,076 - INFO - success CVE-2022-40303,details in cve_test/CVE-2022-40303.log

2025-06-26 14:55:47,077 - INFO - detecting CVE-2022-40303 xmlParseAttValueComplex
2025-06-26 14:55:47,077 - INFO - cmd: python main.py --detect --cve_id CVE-2022-40303 --target_bin /binaries/target/libxml2/libxml2-2.10.4-o0-libxml2 --vul_func_name xmlParseAttValueComplex
2025-06-26 14:55:50,719 - INFO - success CVE-2022-40303,details in cve_test/CVE-2022-40303.log

2025-06-26 14:55:50,719 - INFO - detecting CVE-2022-40303 xmlParseAttValueComplex
2025-06-26 14:55:50,719 - INFO - cmd: python main.py --detect --cve_id CVE-2022-40303 --target_bin /binaries/target/libxml2/libxml2-2.11.0-o0-libxml2 --vul_func_name xmlParseAttValueComplex
2025-06-26 14:55:54,310 - INFO - success CVE-2022-40303,details in cve_test/CVE-2022-40303.log

2025-06-26 14:55:54,310 - INFO - detecting CVE-2022-40303 xmlParseNCName
2025-06-26 14:55:54,310 - INFO - cmd: python main.py --detect --cve_id CVE-2022-40303 --target_bin /binaries/target/libxml2/libxml2-2.10.2-o0-libxml2 --vul_func_name xmlParseNCName
2025-06-26 15:03:27,521 - INFO - detecting CVE-2022-40303 xmlParseCDSect
2025-06-26 15:03:27,521 - INFO - cmd: python main.py --detect --cve_id CVE-2022-40303 --target_bin /binaries/target/libxml2/libxml2-2.10.2-o0-libxml2 --vul_func_name xmlParseCDSect
2025-06-26 15:03:30,745 - INFO - success CVE-2022-40303,details in cve_test/CVE-2022-40303.log

2025-06-26 15:03:30,745 - INFO - detecting CVE-2022-40303 xmlParseCDSect
2025-06-26 15:03:30,745 - INFO - cmd: python main.py --detect --cve_id CVE-2022-40303 --target_bin /binaries/target/libxml2/libxml2-2.10.1-o0-libxml2 --vul_func_name xmlParseCDSect
2025-06-26 15:06:31,274 - INFO - detecting CVE-2022-40303 xmlParseNCName
2025-06-26 15:06:31,274 - INFO - cmd: python main.py --detect --cve_id CVE-2022-40303 --target_bin /binaries/target/libxml2/libxml2-2.10.2-o0-libxml2 --vul_func_name xmlParseNCName
2025-06-26 15:06:36,318 - INFO - success CVE-2022-40303,details in cve_test/CVE-2022-40303.log

2025-06-26 15:06:36,318 - INFO - detecting CVE-2022-40303 xmlParseNCName
2025-06-26 15:06:36,318 - INFO - cmd: python main.py --detect --cve_id CVE-2022-40303 --target_bin /binaries/target/libxml2/libxml2-2.10.1-o0-libxml2 --vul_func_name xmlParseNCName
2025-06-26 15:06:41,361 - INFO - success CVE-2022-40303,details in cve_test/CVE-2022-40303.log

2025-06-26 15:06:41,361 - INFO - detecting CVE-2022-40303 xmlParseNCName
2025-06-26 15:06:41,361 - INFO - cmd: python main.py --detect --cve_id CVE-2022-40303 --target_bin /binaries/target/libxml2/libxml2-2.10.0-o0-libxml2 --vul_func_name xmlParseNCName
2025-06-26 15:06:46,405 - INFO - success CVE-2022-40303,details in cve_test/CVE-2022-40303.log

2025-06-26 15:06:46,405 - INFO - detecting CVE-2022-40303 xmlParseNCName
2025-06-26 15:06:46,405 - INFO - cmd: python main.py --detect --cve_id CVE-2022-40303 --target_bin /binaries/target/libxml2/libxml2-2.10.3-o0-libxml2 --vul_func_name xmlParseNCName
2025-06-26 15:06:51,509 - INFO - success CVE-2022-40303,details in cve_test/CVE-2022-40303.log

2025-06-26 15:06:51,509 - INFO - detecting CVE-2022-40303 xmlParseNCName
2025-06-26 15:06:51,510 - INFO - cmd: python main.py --detect --cve_id CVE-2022-40303 --target_bin /binaries/target/libxml2/libxml2-2.10.4-o0-libxml2 --vul_func_name xmlParseNCName
2025-06-26 15:06:56,635 - INFO - success CVE-2022-40303,details in cve_test/CVE-2022-40303.log

2025-06-26 15:06:56,636 - INFO - detecting CVE-2022-40303 xmlParseNCName
2025-06-26 15:06:56,636 - INFO - cmd: python main.py --detect --cve_id CVE-2022-40303 --target_bin /binaries/target/libxml2/libxml2-2.11.0-o0-libxml2 --vul_func_name xmlParseNCName
2025-06-26 15:07:01,426 - INFO - success CVE-2022-40303,details in cve_test/CVE-2022-40303.log

2025-06-26 15:07:01,427 - INFO - detecting CVE-2022-40303 xmlParseName
2025-06-26 15:07:01,427 - INFO - cmd: python main.py --detect --cve_id CVE-2022-40303 --target_bin /binaries/target/libxml2/libxml2-2.10.2-o0-libxml2 --vul_func_name xmlParseName
2025-06-26 15:07:06,298 - INFO - success CVE-2022-40303,details in cve_test/CVE-2022-40303.log

2025-06-26 15:07:06,298 - INFO - detecting CVE-2022-40303 xmlParseName
2025-06-26 15:07:06,299 - INFO - cmd: python main.py --detect --cve_id CVE-2022-40303 --target_bin /binaries/target/libxml2/libxml2-2.10.1-o0-libxml2 --vul_func_name xmlParseName
2025-06-26 15:07:11,170 - INFO - success CVE-2022-40303,details in cve_test/CVE-2022-40303.log

2025-06-26 15:07:11,170 - INFO - detecting CVE-2022-40303 xmlParseName
2025-06-26 15:07:11,170 - INFO - cmd: python main.py --detect --cve_id CVE-2022-40303 --target_bin /binaries/target/libxml2/libxml2-2.10.0-o0-libxml2 --vul_func_name xmlParseName
2025-06-26 15:07:16,173 - INFO - success CVE-2022-40303,details in cve_test/CVE-2022-40303.log

2025-06-26 15:07:16,173 - INFO - detecting CVE-2022-40303 xmlParseName
2025-06-26 15:07:16,174 - INFO - cmd: python main.py --detect --cve_id CVE-2022-40303 --target_bin /binaries/target/libxml2/libxml2-2.10.3-o0-libxml2 --vul_func_name xmlParseName
2025-06-26 15:07:21,061 - INFO - success CVE-2022-40303,details in cve_test/CVE-2022-40303.log

2025-06-26 15:07:21,061 - INFO - detecting CVE-2022-40303 xmlParseName
2025-06-26 15:07:21,061 - INFO - cmd: python main.py --detect --cve_id CVE-2022-40303 --target_bin /binaries/target/libxml2/libxml2-2.10.4-o0-libxml2 --vul_func_name xmlParseName
2025-06-26 15:07:25,993 - INFO - success CVE-2022-40303,details in cve_test/CVE-2022-40303.log

2025-06-26 15:07:25,994 - INFO - detecting CVE-2022-40303 xmlParseName
2025-06-26 15:07:25,994 - INFO - cmd: python main.py --detect --cve_id CVE-2022-40303 --target_bin /binaries/target/libxml2/libxml2-2.11.0-o0-libxml2 --vul_func_name xmlParseName
2025-06-26 15:07:30,555 - INFO - success CVE-2022-40303,details in cve_test/CVE-2022-40303.log

2025-06-26 15:07:30,555 - INFO - detecting CVE-2022-40303 xmlParsePI
2025-06-26 15:07:30,555 - INFO - cmd: python main.py --detect --cve_id CVE-2022-40303 --target_bin /binaries/target/libxml2/libxml2-2.10.2-o0-libxml2 --vul_func_name xmlParsePI
2025-06-26 15:07:33,400 - INFO - success CVE-2022-40303,details in cve_test/CVE-2022-40303.log

2025-06-26 15:07:33,400 - INFO - detecting CVE-2022-40303 xmlParsePI
2025-06-26 15:07:33,400 - INFO - cmd: python main.py --detect --cve_id CVE-2022-40303 --target_bin /binaries/target/libxml2/libxml2-2.10.1-o0-libxml2 --vul_func_name xmlParsePI
2025-06-26 15:07:36,193 - INFO - success CVE-2022-40303,details in cve_test/CVE-2022-40303.log

2025-06-26 15:07:36,193 - INFO - detecting CVE-2022-40303 xmlParsePI
2025-06-26 15:07:36,193 - INFO - cmd: python main.py --detect --cve_id CVE-2022-40303 --target_bin /binaries/target/libxml2/libxml2-2.10.0-o0-libxml2 --vul_func_name xmlParsePI
2025-06-26 15:07:38,970 - INFO - success CVE-2022-40303,details in cve_test/CVE-2022-40303.log

2025-06-26 15:07:38,970 - INFO - detecting CVE-2022-40303 xmlParsePI
2025-06-26 15:07:38,970 - INFO - cmd: python main.py --detect --cve_id CVE-2022-40303 --target_bin /binaries/target/libxml2/libxml2-2.10.3-o0-libxml2 --vul_func_name xmlParsePI
2025-06-26 15:07:42,417 - INFO - success CVE-2022-40303,details in cve_test/CVE-2022-40303.log

2025-06-26 15:07:42,417 - INFO - detecting CVE-2022-40303 xmlParsePI
2025-06-26 15:07:42,417 - INFO - cmd: python main.py --detect --cve_id CVE-2022-40303 --target_bin /binaries/target/libxml2/libxml2-2.10.4-o0-libxml2 --vul_func_name xmlParsePI
2025-06-26 15:07:45,743 - INFO - success CVE-2022-40303,details in cve_test/CVE-2022-40303.log

2025-06-26 15:07:45,743 - INFO - detecting CVE-2022-40303 xmlParsePI
2025-06-26 15:07:45,743 - INFO - cmd: python main.py --detect --cve_id CVE-2022-40303 --target_bin /binaries/target/libxml2/libxml2-2.11.0-o0-libxml2 --vul_func_name xmlParsePI
2025-06-26 15:07:49,179 - INFO - success CVE-2022-40303,details in cve_test/CVE-2022-40303.log

2025-06-26 15:07:49,180 - INFO - detecting CVE-2022-40303 xmlParseNmtoken
2025-06-26 15:07:49,180 - INFO - cmd: python main.py --detect --cve_id CVE-2022-40303 --target_bin /binaries/target/libxml2/libxml2-2.10.2-o0-libxml2 --vul_func_name xmlParseNmtoken
2025-06-26 15:07:54,189 - INFO - success CVE-2022-40303,details in cve_test/CVE-2022-40303.log

2025-06-26 15:07:54,189 - INFO - detecting CVE-2022-40303 xmlParseNmtoken
2025-06-26 15:07:54,189 - INFO - cmd: python main.py --detect --cve_id CVE-2022-40303 --target_bin /binaries/target/libxml2/libxml2-2.10.1-o0-libxml2 --vul_func_name xmlParseNmtoken
2025-06-26 15:07:59,098 - INFO - success CVE-2022-40303,details in cve_test/CVE-2022-40303.log

2025-06-26 15:07:59,098 - INFO - detecting CVE-2022-40303 xmlParseNmtoken
2025-06-26 15:07:59,098 - INFO - cmd: python main.py --detect --cve_id CVE-2022-40303 --target_bin /binaries/target/libxml2/libxml2-2.10.0-o0-libxml2 --vul_func_name xmlParseNmtoken
2025-06-26 15:08:04,083 - INFO - success CVE-2022-40303,details in cve_test/CVE-2022-40303.log

2025-06-26 15:08:04,083 - INFO - detecting CVE-2022-40303 xmlParseNmtoken
2025-06-26 15:08:04,083 - INFO - cmd: python main.py --detect --cve_id CVE-2022-40303 --target_bin /binaries/target/libxml2/libxml2-2.10.3-o0-libxml2 --vul_func_name xmlParseNmtoken
2025-06-26 15:08:09,049 - INFO - success CVE-2022-40303,details in cve_test/CVE-2022-40303.log

2025-06-26 15:08:09,049 - INFO - detecting CVE-2022-40303 xmlParseNmtoken
2025-06-26 15:08:09,049 - INFO - cmd: python main.py --detect --cve_id CVE-2022-40303 --target_bin /binaries/target/libxml2/libxml2-2.10.4-o0-libxml2 --vul_func_name xmlParseNmtoken
2025-06-26 15:08:14,024 - INFO - success CVE-2022-40303,details in cve_test/CVE-2022-40303.log

2025-06-26 15:08:14,024 - INFO - detecting CVE-2022-40303 xmlParseNmtoken
2025-06-26 15:08:14,024 - INFO - cmd: python main.py --detect --cve_id CVE-2022-40303 --target_bin /binaries/target/libxml2/libxml2-2.11.0-o0-libxml2 --vul_func_name xmlParseNmtoken
2025-06-26 15:08:18,600 - INFO - success CVE-2022-40303,details in cve_test/CVE-2022-40303.log

2025-06-26 15:08:18,601 - INFO - detecting CVE-2022-40303 xmlParsePubidLiteral
2025-06-26 15:08:18,601 - INFO - cmd: python main.py --detect --cve_id CVE-2022-40303 --target_bin /binaries/target/libxml2/libxml2-2.10.2-o0-libxml2 --vul_func_name xmlParsePubidLiteral
2025-06-26 15:08:22,261 - INFO - success CVE-2022-40303,details in cve_test/CVE-2022-40303.log

2025-06-26 15:08:22,261 - INFO - detecting CVE-2022-40303 xmlParsePubidLiteral
2025-06-26 15:08:22,261 - INFO - cmd: python main.py --detect --cve_id CVE-2022-40303 --target_bin /binaries/target/libxml2/libxml2-2.10.1-o0-libxml2 --vul_func_name xmlParsePubidLiteral
2025-06-26 15:08:26,001 - INFO - success CVE-2022-40303,details in cve_test/CVE-2022-40303.log

2025-06-26 15:08:26,001 - INFO - detecting CVE-2022-40303 xmlParsePubidLiteral
2025-06-26 15:08:26,001 - INFO - cmd: python main.py --detect --cve_id CVE-2022-40303 --target_bin /binaries/target/libxml2/libxml2-2.10.0-o0-libxml2 --vul_func_name xmlParsePubidLiteral
2025-06-26 15:08:29,617 - INFO - success CVE-2022-40303,details in cve_test/CVE-2022-40303.log

2025-06-26 15:08:29,617 - INFO - detecting CVE-2022-40303 xmlParsePubidLiteral
2025-06-26 15:08:29,618 - INFO - cmd: python main.py --detect --cve_id CVE-2022-40303 --target_bin /binaries/target/libxml2/libxml2-2.10.3-o0-libxml2 --vul_func_name xmlParsePubidLiteral
2025-06-26 15:08:33,349 - INFO - success CVE-2022-40303,details in cve_test/CVE-2022-40303.log

2025-06-26 15:08:33,349 - INFO - detecting CVE-2022-40303 xmlParsePubidLiteral
2025-06-26 15:08:33,349 - INFO - cmd: python main.py --detect --cve_id CVE-2022-40303 --target_bin /binaries/target/libxml2/libxml2-2.10.4-o0-libxml2 --vul_func_name xmlParsePubidLiteral
2025-06-26 15:08:37,040 - INFO - success CVE-2022-40303,details in cve_test/CVE-2022-40303.log

2025-06-26 15:08:37,041 - INFO - detecting CVE-2022-40303 xmlParsePubidLiteral
2025-06-26 15:08:37,041 - INFO - cmd: python main.py --detect --cve_id CVE-2022-40303 --target_bin /binaries/target/libxml2/libxml2-2.11.0-o0-libxml2 --vul_func_name xmlParsePubidLiteral
2025-06-26 15:08:40,623 - INFO - success CVE-2022-40303,details in cve_test/CVE-2022-40303.log

2025-06-26 15:08:40,623 - INFO - detecting CVE-2022-40303 xmlParseComment
2025-06-26 15:08:40,623 - INFO - cmd: python main.py --detect --cve_id CVE-2022-40303 --target_bin /binaries/target/libxml2/libxml2-2.10.2-o0-libxml2 --vul_func_name xmlParseComment
2025-06-26 15:08:43,847 - INFO - success CVE-2022-40303,details in cve_test/CVE-2022-40303.log

2025-06-26 15:08:43,847 - INFO - detecting CVE-2022-40303 xmlParseComment
2025-06-26 15:08:43,847 - INFO - cmd: python main.py --detect --cve_id CVE-2022-40303 --target_bin /binaries/target/libxml2/libxml2-2.10.1-o0-libxml2 --vul_func_name xmlParseComment
2025-06-26 15:08:47,061 - INFO - success CVE-2022-40303,details in cve_test/CVE-2022-40303.log

2025-06-26 15:08:47,061 - INFO - detecting CVE-2022-40303 xmlParseComment
2025-06-26 15:08:47,061 - INFO - cmd: python main.py --detect --cve_id CVE-2022-40303 --target_bin /binaries/target/libxml2/libxml2-2.10.0-o0-libxml2 --vul_func_name xmlParseComment
2025-06-26 15:08:50,245 - INFO - success CVE-2022-40303,details in cve_test/CVE-2022-40303.log

2025-06-26 15:08:50,245 - INFO - detecting CVE-2022-40303 xmlParseComment
2025-06-26 15:08:50,245 - INFO - cmd: python main.py --detect --cve_id CVE-2022-40303 --target_bin /binaries/target/libxml2/libxml2-2.10.3-o0-libxml2 --vul_func_name xmlParseComment
2025-06-26 15:08:53,743 - INFO - success CVE-2022-40303,details in cve_test/CVE-2022-40303.log

2025-06-26 15:08:53,743 - INFO - detecting CVE-2022-40303 xmlParseComment
2025-06-26 15:08:53,744 - INFO - cmd: python main.py --detect --cve_id CVE-2022-40303 --target_bin /binaries/target/libxml2/libxml2-2.10.4-o0-libxml2 --vul_func_name xmlParseComment
2025-06-26 15:08:57,074 - INFO - success CVE-2022-40303,details in cve_test/CVE-2022-40303.log

2025-06-26 15:08:57,074 - INFO - detecting CVE-2022-40303 xmlParseComment
2025-06-26 15:08:57,075 - INFO - cmd: python main.py --detect --cve_id CVE-2022-40303 --target_bin /binaries/target/libxml2/libxml2-2.11.0-o0-libxml2 --vul_func_name xmlParseComment
2025-06-26 15:09:00,354 - INFO - success CVE-2022-40303,details in cve_test/CVE-2022-40303.log

2025-06-26 15:09:00,354 - INFO - detecting CVE-2022-40303 xmlParseCommentComplex
2025-06-26 15:09:00,354 - INFO - cmd: python main.py --detect --cve_id CVE-2022-40303 --target_bin /binaries/target/libxml2/libxml2-2.10.2-o0-libxml2 --vul_func_name xmlParseCommentComplex
2025-06-26 15:09:03,365 - INFO - success CVE-2022-40303,details in cve_test/CVE-2022-40303.log

2025-06-26 15:09:03,365 - INFO - detecting CVE-2022-40303 xmlParseCommentComplex
2025-06-26 15:09:03,365 - INFO - cmd: python main.py --detect --cve_id CVE-2022-40303 --target_bin /binaries/target/libxml2/libxml2-2.10.1-o0-libxml2 --vul_func_name xmlParseCommentComplex
2025-06-26 15:09:06,318 - INFO - success CVE-2022-40303,details in cve_test/CVE-2022-40303.log

2025-06-26 15:09:06,319 - INFO - detecting CVE-2022-40303 xmlParseCommentComplex
2025-06-26 15:09:06,319 - INFO - cmd: python main.py --detect --cve_id CVE-2022-40303 --target_bin /binaries/target/libxml2/libxml2-2.10.0-o0-libxml2 --vul_func_name xmlParseCommentComplex
2025-06-26 15:09:09,277 - INFO - success CVE-2022-40303,details in cve_test/CVE-2022-40303.log

2025-06-26 15:09:09,278 - INFO - detecting CVE-2022-40303 xmlParseCommentComplex
2025-06-26 15:09:09,278 - INFO - cmd: python main.py --detect --cve_id CVE-2022-40303 --target_bin /binaries/target/libxml2/libxml2-2.10.3-o0-libxml2 --vul_func_name xmlParseCommentComplex
2025-06-26 15:09:12,682 - INFO - success CVE-2022-40303,details in cve_test/CVE-2022-40303.log

2025-06-26 15:09:12,682 - INFO - detecting CVE-2022-40303 xmlParseCommentComplex
2025-06-26 15:09:12,682 - INFO - cmd: python main.py --detect --cve_id CVE-2022-40303 --target_bin /binaries/target/libxml2/libxml2-2.10.4-o0-libxml2 --vul_func_name xmlParseCommentComplex
2025-06-26 15:09:16,197 - INFO - success CVE-2022-40303,details in cve_test/CVE-2022-40303.log

2025-06-26 15:09:16,197 - INFO - detecting CVE-2022-40303 xmlParseCommentComplex
2025-06-26 15:09:16,197 - INFO - cmd: python main.py --detect --cve_id CVE-2022-40303 --target_bin /binaries/target/libxml2/libxml2-2.11.0-o0-libxml2 --vul_func_name xmlParseCommentComplex
2025-06-26 15:09:19,128 - INFO - success CVE-2022-40303,details in cve_test/CVE-2022-40303.log

2025-06-26 15:09:19,128 - INFO - detecting CVE-2017-13710 setup_group
2025-06-26 15:09:19,128 - INFO - cmd: python main.py --detect --cve_id CVE-2017-13710 --target_bin /binaries/target/binutils/binutils-2.29-o0-objdump --vul_func_name setup_group
2025-06-26 15:09:23,862 - INFO - success CVE-2017-13710,details in cve_test/CVE-2017-13710.log

2025-06-26 15:09:23,863 - INFO - detecting CVE-2017-13710 setup_group
2025-06-26 15:09:23,863 - INFO - cmd: python main.py --detect --cve_id CVE-2017-13710 --target_bin /binaries/target/binutils/binutils-2.28-o0-objdump --vul_func_name setup_group
2025-06-26 15:09:28,938 - INFO - success CVE-2017-13710,details in cve_test/CVE-2017-13710.log

2025-06-26 15:09:28,938 - INFO - detecting CVE-2017-13710 setup_group
2025-06-26 15:09:28,938 - INFO - cmd: python main.py --detect --cve_id CVE-2017-13710 --target_bin /binaries/target/binutils/binutils-2.29.1-o0-objdump --vul_func_name setup_group
2025-06-26 15:09:33,656 - INFO - success CVE-2017-13710,details in cve_test/CVE-2017-13710.log

2025-06-26 15:09:33,656 - INFO - detecting CVE-2017-13710 setup_group
2025-06-26 15:09:33,657 - INFO - cmd: python main.py --detect --cve_id CVE-2017-13710 --target_bin /binaries/target/binutils/binutils-2.30-o0-objdump --vul_func_name setup_group
2025-06-26 15:09:39,266 - INFO - success CVE-2017-13710,details in cve_test/CVE-2017-13710.log

2025-06-26 15:09:39,266 - INFO - detecting CVE-2017-14129 read_section
2025-06-26 15:09:39,266 - INFO - cmd: python main.py --detect --cve_id CVE-2017-14129 --target_bin /binaries/target/binutils/binutils-2.29-o0-objdump --vul_func_name read_section
2025-06-26 15:09:44,316 - INFO - success CVE-2017-14129,details in cve_test/CVE-2017-14129.log

2025-06-26 15:09:44,316 - INFO - detecting CVE-2017-14129 read_section
2025-06-26 15:09:44,316 - INFO - cmd: python main.py --detect --cve_id CVE-2017-14129 --target_bin /binaries/target/binutils/binutils-2.29.1-o0-objdump --vul_func_name read_section
2025-06-26 15:09:49,422 - INFO - success CVE-2017-14129,details in cve_test/CVE-2017-14129.log

2025-06-26 15:09:49,422 - INFO - detecting CVE-2017-14129 read_section
2025-06-26 15:09:49,422 - INFO - cmd: python main.py --detect --cve_id CVE-2017-14129 --target_bin /binaries/target/binutils/binutils-2.28-o0-objdump --vul_func_name read_section
2025-06-26 15:09:54,982 - INFO - success CVE-2017-14129,details in cve_test/CVE-2017-14129.log

2025-06-26 15:09:54,982 - INFO - detecting CVE-2017-14129 read_section
2025-06-26 15:09:54,982 - INFO - cmd: python main.py --detect --cve_id CVE-2017-14129 --target_bin /binaries/target/binutils/binutils-2.30-o0-objdump --vul_func_name read_section
2025-06-26 15:09:58,936 - INFO - success CVE-2017-14129,details in cve_test/CVE-2017-14129.log

2025-06-26 15:09:58,936 - INFO - detecting CVE-2017-14933 read_formatted_entries
2025-06-26 15:09:58,936 - INFO - cmd: python main.py --detect --cve_id CVE-2017-14933 --target_bin /binaries/target/binutils/binutils-2.29-o0-objdump --vul_func_name read_formatted_entries
2025-06-26 15:10:02,299 - INFO - success CVE-2017-14933,details in cve_test/CVE-2017-14933.log

2025-06-26 15:10:02,299 - INFO - detecting CVE-2017-14933 read_formatted_entries
2025-06-26 15:10:02,299 - INFO - cmd: python main.py --detect --cve_id CVE-2017-14933 --target_bin /binaries/target/binutils/binutils-2.29.1-o0-objdump --vul_func_name read_formatted_entries
2025-06-26 15:10:05,647 - INFO - success CVE-2017-14933,details in cve_test/CVE-2017-14933.log

2025-06-26 15:10:05,648 - INFO - detecting CVE-2017-14933 read_formatted_entries
2025-06-26 15:10:05,648 - INFO - cmd: python main.py --detect --cve_id CVE-2017-14933 --target_bin /binaries/target/binutils/binutils-2.28-o0-objdump --vul_func_name read_formatted_entries
2025-06-26 15:10:07,571 - ERROR - fail CVE-2017-14933 ,details1

2025-06-26 15:10:07,571 - INFO - detecting CVE-2017-14933 read_formatted_entries
2025-06-26 15:10:07,571 - INFO - cmd: python main.py --detect --cve_id CVE-2017-14933 --target_bin /binaries/target/binutils/binutils-2.30-o0-objdump --vul_func_name read_formatted_entries
2025-06-26 15:10:11,052 - INFO - success CVE-2017-14933,details in cve_test/CVE-2017-14933.log

2025-06-26 15:10:11,052 - INFO - detecting CVE-2017-14933 read_formatted_entries
2025-06-26 15:10:11,052 - INFO - cmd: python main.py --detect --cve_id CVE-2017-14933 --target_bin /binaries/target/binutils/binutils-2.29-o0-objdump --vul_func_name read_formatted_entries
2025-06-26 15:10:14,504 - INFO - success CVE-2017-14933,details in cve_test/CVE-2017-14933.log

2025-06-26 15:10:14,505 - INFO - detecting CVE-2017-14933 read_formatted_entries
2025-06-26 15:10:14,505 - INFO - cmd: python main.py --detect --cve_id CVE-2017-14933 --target_bin /binaries/target/binutils/binutils-2.29.1-o0-objdump --vul_func_name read_formatted_entries
2025-06-26 15:10:17,971 - INFO - success CVE-2017-14933,details in cve_test/CVE-2017-14933.log

2025-06-26 15:10:17,971 - INFO - detecting CVE-2017-14933 read_formatted_entries
2025-06-26 15:10:17,971 - INFO - cmd: python main.py --detect --cve_id CVE-2017-14933 --target_bin /binaries/target/binutils/binutils-2.28-o0-objdump --vul_func_name read_formatted_entries
2025-06-26 15:10:19,887 - ERROR - fail CVE-2017-14933 ,details1

2025-06-26 15:10:19,888 - INFO - detecting CVE-2017-14933 read_formatted_entries
2025-06-26 15:10:19,888 - INFO - cmd: python main.py --detect --cve_id CVE-2017-14933 --target_bin /binaries/target/binutils/binutils-2.30-o0-objdump --vul_func_name read_formatted_entries
2025-06-26 15:10:23,557 - INFO - success CVE-2017-14933,details in cve_test/CVE-2017-14933.log

2025-06-26 15:10:23,557 - INFO - detecting CVE-2017-15020 parse_line_table
2025-06-26 15:10:23,557 - INFO - cmd: python main.py --detect --cve_id CVE-2017-15020 --target_bin /binaries/target/binutils/binutils-2.29-o0-objdump --vul_func_name parse_line_table
2025-06-26 15:10:27,313 - INFO - success CVE-2017-15020,details in cve_test/CVE-2017-15020.log

2025-06-26 15:10:27,314 - INFO - detecting CVE-2017-15020 parse_line_table
2025-06-26 15:10:27,314 - INFO - cmd: python main.py --detect --cve_id CVE-2017-15020 --target_bin /binaries/target/binutils/binutils-2.29.1-o0-objdump --vul_func_name parse_line_table
2025-06-26 15:10:31,117 - INFO - success CVE-2017-15020,details in cve_test/CVE-2017-15020.log

2025-06-26 15:10:31,117 - INFO - detecting CVE-2017-15020 parse_line_table
2025-06-26 15:10:31,117 - INFO - cmd: python main.py --detect --cve_id CVE-2017-15020 --target_bin /binaries/target/binutils/binutils-2.28-o0-objdump --vul_func_name parse_line_table
2025-06-26 15:10:34,904 - INFO - success CVE-2017-15020,details in cve_test/CVE-2017-15020.log

2025-06-26 15:10:34,904 - INFO - detecting CVE-2017-15020 parse_line_table
2025-06-26 15:10:34,904 - INFO - cmd: python main.py --detect --cve_id CVE-2017-15020 --target_bin /binaries/target/binutils/binutils-2.30-o0-objdump --vul_func_name parse_line_table
2025-06-26 15:10:38,683 - INFO - success CVE-2017-15020,details in cve_test/CVE-2017-15020.log

2025-06-26 15:10:38,684 - INFO - detecting CVE-2017-15020 parse_die
2025-06-26 15:10:38,684 - INFO - cmd: python main.py --detect --cve_id CVE-2017-15020 --target_bin /binaries/target/binutils/binutils-2.29-o0-objdump --vul_func_name parse_die
2025-06-26 15:10:42,274 - INFO - success CVE-2017-15020,details in cve_test/CVE-2017-15020.log

2025-06-26 15:10:42,275 - INFO - detecting CVE-2017-15020 parse_die
2025-06-26 15:10:42,275 - INFO - cmd: python main.py --detect --cve_id CVE-2017-15020 --target_bin /binaries/target/binutils/binutils-2.29.1-o0-objdump --vul_func_name parse_die
2025-06-26 15:10:45,928 - INFO - success CVE-2017-15020,details in cve_test/CVE-2017-15020.log

2025-06-26 15:10:45,928 - INFO - detecting CVE-2017-15020 parse_die
2025-06-26 15:10:45,928 - INFO - cmd: python main.py --detect --cve_id CVE-2017-15020 --target_bin /binaries/target/binutils/binutils-2.28-o0-objdump --vul_func_name parse_die
2025-06-26 15:10:49,590 - INFO - success CVE-2017-15020,details in cve_test/CVE-2017-15020.log

2025-06-26 15:10:49,590 - INFO - detecting CVE-2017-15020 parse_die
2025-06-26 15:10:49,590 - INFO - cmd: python main.py --detect --cve_id CVE-2017-15020 --target_bin /binaries/target/binutils/binutils-2.30-o0-objdump --vul_func_name parse_die
2025-06-26 15:10:52,315 - INFO - success CVE-2017-15020,details in cve_test/CVE-2017-15020.log

2025-06-26 15:10:52,315 - INFO - detecting CVE-2017-15024 scan_unit_for_symbols
2025-06-26 15:10:52,315 - INFO - cmd: python main.py --detect --cve_id CVE-2017-15024 --target_bin /binaries/target/binutils/binutils-2.29-o0-objdump --vul_func_name scan_unit_for_symbols
2025-06-26 15:10:55,528 - INFO - success CVE-2017-15024,details in cve_test/CVE-2017-15024.log

2025-06-26 15:10:55,528 - INFO - detecting CVE-2017-15024 scan_unit_for_symbols
2025-06-26 15:10:55,528 - INFO - cmd: python main.py --detect --cve_id CVE-2017-15024 --target_bin /binaries/target/binutils/binutils-2.29.1-o0-objdump --vul_func_name scan_unit_for_symbols
2025-06-26 15:10:58,561 - INFO - success CVE-2017-15024,details in cve_test/CVE-2017-15024.log

2025-06-26 15:10:58,561 - INFO - detecting CVE-2017-15024 scan_unit_for_symbols
2025-06-26 15:10:58,561 - INFO - cmd: python main.py --detect --cve_id CVE-2017-15024 --target_bin /binaries/target/binutils/binutils-2.28-o0-objdump --vul_func_name scan_unit_for_symbols
2025-06-26 15:11:01,567 - INFO - success CVE-2017-15024,details in cve_test/CVE-2017-15024.log

2025-06-26 15:11:01,567 - INFO - detecting CVE-2017-15024 scan_unit_for_symbols
2025-06-26 15:11:01,567 - INFO - cmd: python main.py --detect --cve_id CVE-2017-15024 --target_bin /binaries/target/binutils/binutils-2.30-o0-objdump --vul_func_name scan_unit_for_symbols
2025-06-26 15:11:04,698 - INFO - success CVE-2017-15024,details in cve_test/CVE-2017-15024.log

2025-06-26 15:11:04,698 - INFO - detecting CVE-2017-15024 find_abstract_instance_name
2025-06-26 15:11:04,698 - INFO - cmd: python main.py --detect --cve_id CVE-2017-15024 --target_bin /binaries/target/binutils/binutils-2.29-o0-objdump --vul_func_name find_abstract_instance_name
2025-06-26 15:11:10,214 - INFO - success CVE-2017-15024,details in cve_test/CVE-2017-15024.log

2025-06-26 15:11:10,215 - INFO - detecting CVE-2017-15024 find_abstract_instance_name
2025-06-26 15:11:10,215 - INFO - cmd: python main.py --detect --cve_id CVE-2017-15024 --target_bin /binaries/target/binutils/binutils-2.29.1-o0-objdump --vul_func_name find_abstract_instance_name
2025-06-26 15:11:15,785 - INFO - success CVE-2017-15024,details in cve_test/CVE-2017-15024.log

2025-06-26 15:11:15,785 - INFO - detecting CVE-2017-15024 find_abstract_instance_name
2025-06-26 15:11:15,785 - INFO - cmd: python main.py --detect --cve_id CVE-2017-15024 --target_bin /binaries/target/binutils/binutils-2.28-o0-objdump --vul_func_name find_abstract_instance_name
2025-06-26 15:11:21,423 - INFO - success CVE-2017-15024,details in cve_test/CVE-2017-15024.log

2025-06-26 15:11:21,423 - INFO - detecting CVE-2017-15024 find_abstract_instance_name
2025-06-26 15:11:21,423 - INFO - cmd: python main.py --detect --cve_id CVE-2017-15024 --target_bin /binaries/target/binutils/binutils-2.30-o0-objdump --vul_func_name find_abstract_instance_name
2025-06-26 15:11:25,397 - INFO - success CVE-2017-15024,details in cve_test/CVE-2017-15024.log

2025-06-26 15:11:25,397 - INFO - detecting CVE-2017-15938 find_abstract_instance_name
2025-06-26 15:11:25,397 - INFO - cmd: python main.py --detect --cve_id CVE-2017-15938 --target_bin /binaries/target/binutils/binutils-2.29-o0-objdump --vul_func_name find_abstract_instance_name
2025-06-26 15:11:29,260 - INFO - success CVE-2017-15938,details in cve_test/CVE-2017-15938.log

2025-06-26 15:11:29,260 - INFO - detecting CVE-2017-15938 find_abstract_instance_name
2025-06-26 15:11:29,260 - INFO - cmd: python main.py --detect --cve_id CVE-2017-15938 --target_bin /binaries/target/binutils/binutils-2.29.1-o0-objdump --vul_func_name find_abstract_instance_name
2025-06-26 15:11:33,168 - INFO - success CVE-2017-15938,details in cve_test/CVE-2017-15938.log

2025-06-26 15:11:33,168 - INFO - detecting CVE-2017-15938 find_abstract_instance_name
2025-06-26 15:11:33,169 - INFO - cmd: python main.py --detect --cve_id CVE-2017-15938 --target_bin /binaries/target/binutils/binutils-2.28-o0-objdump --vul_func_name find_abstract_instance_name
2025-06-26 15:11:37,143 - INFO - success CVE-2017-15938,details in cve_test/CVE-2017-15938.log

2025-06-26 15:11:37,143 - INFO - detecting CVE-2017-15938 find_abstract_instance_name
2025-06-26 15:11:37,143 - INFO - cmd: python main.py --detect --cve_id CVE-2017-15938 --target_bin /binaries/target/binutils/binutils-2.30-o0-objdump --vul_func_name find_abstract_instance_name
2025-06-26 15:11:41,076 - INFO - success CVE-2017-15938,details in cve_test/CVE-2017-15938.log

2025-06-26 15:11:41,077 - INFO - detecting CVE-2017-15939 decode_line_info
2025-06-26 15:11:41,077 - INFO - cmd: python main.py --detect --cve_id CVE-2017-15939 --target_bin /binaries/target/binutils/binutils-2.29-o0-objdump --vul_func_name decode_line_info
2025-06-26 15:11:44,795 - INFO - success CVE-2017-15939,details in cve_test/CVE-2017-15939.log

2025-06-26 15:11:44,795 - INFO - detecting CVE-2017-15939 decode_line_info
2025-06-26 15:11:44,795 - INFO - cmd: python main.py --detect --cve_id CVE-2017-15939 --target_bin /binaries/target/binutils/binutils-2.29.1-o0-objdump --vul_func_name decode_line_info
2025-06-26 15:11:48,545 - INFO - success CVE-2017-15939,details in cve_test/CVE-2017-15939.log

2025-06-26 15:11:48,545 - INFO - detecting CVE-2017-15939 decode_line_info
2025-06-26 15:11:48,545 - INFO - cmd: python main.py --detect --cve_id CVE-2017-15939 --target_bin /binaries/target/binutils/binutils-2.28-o0-objdump --vul_func_name decode_line_info
2025-06-26 15:11:52,264 - INFO - success CVE-2017-15939,details in cve_test/CVE-2017-15939.log

2025-06-26 15:11:52,264 - INFO - detecting CVE-2017-15939 decode_line_info
2025-06-26 15:11:52,264 - INFO - cmd: python main.py --detect --cve_id CVE-2017-15939 --target_bin /binaries/target/binutils/binutils-2.30-o0-objdump --vul_func_name decode_line_info
2025-06-26 15:11:56,108 - INFO - success CVE-2017-15939,details in cve_test/CVE-2017-15939.log

2025-06-26 15:11:56,108 - INFO - detecting CVE-2017-15996 process_archive_index_and_symbols
2025-06-26 15:11:56,108 - INFO - cmd: python main.py --detect --cve_id CVE-2017-15996 --target_bin /binaries/target/binutils/binutils-2.29-o0-objdump --vul_func_name process_archive_index_and_symbols
2025-06-26 15:11:59,529 - INFO - success CVE-2017-15996,details in cve_test/CVE-2017-15996.log

2025-06-26 15:11:59,529 - INFO - detecting CVE-2017-15996 process_archive_index_and_symbols
2025-06-26 15:11:59,530 - INFO - cmd: python main.py --detect --cve_id CVE-2017-15996 --target_bin /binaries/target/binutils/binutils-2.29.1-o0-objdump --vul_func_name process_archive_index_and_symbols
2025-06-26 15:12:02,935 - INFO - success CVE-2017-15996,details in cve_test/CVE-2017-15996.log

2025-06-26 15:12:02,936 - INFO - detecting CVE-2017-15996 process_archive_index_and_symbols
2025-06-26 15:12:02,936 - INFO - cmd: python main.py --detect --cve_id CVE-2017-15996 --target_bin /binaries/target/binutils/binutils-2.30-o0-objdump --vul_func_name process_archive_index_and_symbols
2025-06-26 15:12:06,495 - INFO - success CVE-2017-15996,details in cve_test/CVE-2017-15996.log

2025-06-26 15:12:06,495 - INFO - detecting CVE-2017-15996 process_archive_index_and_symbols
2025-06-26 15:12:06,495 - INFO - cmd: python main.py --detect --cve_id CVE-2017-15996 --target_bin /binaries/target/binutils/binutils-2.28-o0-objdump --vul_func_name process_archive_index_and_symbols
2025-06-26 15:12:09,921 - INFO - success CVE-2017-15996,details in cve_test/CVE-2017-15996.log

2025-06-26 15:12:09,922 - INFO - detecting CVE-2017-16831 coff_get_normalized_symtab
2025-06-26 15:12:09,922 - INFO - cmd: python main.py --detect --cve_id CVE-2017-16831 --target_bin /binaries/target/binutils/binutils-2.29.1-o0-objdump --vul_func_name coff_get_normalized_symtab
2025-06-26 15:12:13,813 - INFO - success CVE-2017-16831,details in cve_test/CVE-2017-16831.log

2025-06-26 15:12:13,813 - INFO - detecting CVE-2017-16831 coff_get_normalized_symtab
2025-06-26 15:12:13,813 - INFO - cmd: python main.py --detect --cve_id CVE-2017-16831 --target_bin /binaries/target/binutils/binutils-2.30-o0-objdump --vul_func_name coff_get_normalized_symtab
2025-06-26 15:12:17,654 - INFO - success CVE-2017-16831,details in cve_test/CVE-2017-16831.log

2025-06-26 15:12:17,654 - INFO - detecting CVE-2017-16831 coff_get_normalized_symtab
2025-06-26 15:12:17,655 - INFO - cmd: python main.py --detect --cve_id CVE-2017-16831 --target_bin /binaries/target/binutils/binutils-2.31-o0-objdump --vul_func_name coff_get_normalized_symtab
2025-06-26 15:12:21,594 - INFO - success CVE-2017-16831,details in cve_test/CVE-2017-16831.log

2025-06-26 15:12:21,595 - INFO - detecting CVE-2017-16831 coff_get_normalized_symtab
2025-06-26 15:12:21,595 - INFO - cmd: python main.py --detect --cve_id CVE-2017-16831 --target_bin /binaries/target/binutils/binutils-2.31.1-o0-objdump --vul_func_name coff_get_normalized_symtab
2025-06-26 15:12:25,394 - INFO - success CVE-2017-16831,details in cve_test/CVE-2017-16831.log

2025-06-26 15:12:25,394 - INFO - detecting CVE-2017-16831 _bfd_coff_get_external_symbols
2025-06-26 15:12:25,394 - INFO - cmd: python main.py --detect --cve_id CVE-2017-16831 --target_bin /binaries/target/binutils/binutils-2.29.1-o0-objdump --vul_func_name _bfd_coff_get_external_symbols
2025-06-26 15:12:28,488 - INFO - success CVE-2017-16831,details in cve_test/CVE-2017-16831.log

2025-06-26 15:12:28,489 - INFO - detecting CVE-2017-16831 _bfd_coff_get_external_symbols
2025-06-26 15:12:28,489 - INFO - cmd: python main.py --detect --cve_id CVE-2017-16831 --target_bin /binaries/target/binutils/binutils-2.30-o0-objdump --vul_func_name _bfd_coff_get_external_symbols
2025-06-26 15:12:31,545 - INFO - success CVE-2017-16831,details in cve_test/CVE-2017-16831.log

2025-06-26 15:12:31,545 - INFO - detecting CVE-2017-16831 _bfd_coff_get_external_symbols
2025-06-26 15:12:31,547 - INFO - cmd: python main.py --detect --cve_id CVE-2017-16831 --target_bin /binaries/target/binutils/binutils-2.31-o0-objdump --vul_func_name _bfd_coff_get_external_symbols
2025-06-26 15:12:34,629 - INFO - success CVE-2017-16831,details in cve_test/CVE-2017-16831.log

2025-06-26 15:12:34,629 - INFO - detecting CVE-2017-16831 _bfd_coff_get_external_symbols
2025-06-26 15:12:34,629 - INFO - cmd: python main.py --detect --cve_id CVE-2017-16831 --target_bin /binaries/target/binutils/binutils-2.31.1-o0-objdump --vul_func_name _bfd_coff_get_external_symbols
2025-06-26 15:12:37,669 - INFO - success CVE-2017-16831,details in cve_test/CVE-2017-16831.log

2025-06-26 15:12:37,669 - INFO - detecting CVE-2018-20671 load_specific_debug_section
2025-06-26 15:12:37,669 - INFO - cmd: python main.py --detect --cve_id CVE-2018-20671 --target_bin /binaries/target/binutils/binutils-2.31.1-o0-objdump --vul_func_name load_specific_debug_section
2025-06-26 15:12:42,766 - INFO - success CVE-2018-20671,details in cve_test/CVE-2018-20671.log

2025-06-26 15:12:42,766 - INFO - detecting CVE-2018-20671 load_specific_debug_section
2025-06-26 15:12:42,766 - INFO - cmd: python main.py --detect --cve_id CVE-2018-20671 --target_bin /binaries/target/binutils/binutils-2.31-o0-objdump --vul_func_name load_specific_debug_section
2025-06-26 15:12:47,911 - INFO - success CVE-2018-20671,details in cve_test/CVE-2018-20671.log

2025-06-26 15:12:47,911 - INFO - detecting CVE-2018-20671 load_specific_debug_section
2025-06-26 15:12:47,911 - INFO - cmd: python main.py --detect --cve_id CVE-2018-20671 --target_bin /binaries/target/binutils/binutils-2.30-o0-objdump --vul_func_name load_specific_debug_section
2025-06-26 15:27:42,888 - INFO - detecting CVE-2021-20294 print_dynamic_symbol
2025-06-26 15:27:42,888 - INFO - cmd: python main.py --detect --cve_id CVE-2021-20294 --target_bin /binaries/target/binutils/binutils-2.35.1-o0-objdump --vul_func_name print_dynamic_symbol
2025-06-26 15:27:44,927 - ERROR - fail CVE-2021-20294 ,details1

2025-06-26 15:27:44,927 - INFO - detecting CVE-2021-20294 print_dynamic_symbol
2025-06-26 15:27:44,927 - INFO - cmd: python main.py --detect --cve_id CVE-2021-20294 --target_bin /binaries/target/binutils/binutils-2.35-o0-objdump --vul_func_name print_dynamic_symbol
2025-06-26 15:27:46,945 - ERROR - fail CVE-2021-20294 ,details1

2025-06-26 15:27:46,945 - INFO - detecting CVE-2021-20294 print_dynamic_symbol
2025-06-26 15:27:46,945 - INFO - cmd: python main.py --detect --cve_id CVE-2021-20294 --target_bin /binaries/target/binutils/binutils-2.35.2-o0-objdump --vul_func_name print_dynamic_symbol
2025-06-26 15:27:48,997 - ERROR - fail CVE-2021-20294 ,details1

2025-06-26 15:27:48,997 - INFO - detecting CVE-2021-20294 print_dynamic_symbol
2025-06-26 15:27:48,997 - INFO - cmd: python main.py --detect --cve_id CVE-2021-20294 --target_bin /binaries/target/binutils/binutils-2.36.1-o0-objdump --vul_func_name print_dynamic_symbol
2025-06-26 15:27:51,076 - ERROR - fail CVE-2021-20294 ,details1

2025-06-26 15:27:51,076 - INFO - detecting CVE-2021-20294 print_dynamic_symbol
2025-06-26 15:27:51,077 - INFO - cmd: python main.py --detect --cve_id CVE-2021-20294 --target_bin /binaries/target/binutils/binutils-2.37-o0-objdump --vul_func_name print_dynamic_symbol
2025-06-26 15:27:54,224 - ERROR - fail CVE-2021-20294 ,details1

2025-06-26 15:27:54,224 - INFO - detecting CVE-2021-45078 stab_xcoff_builtin_type
2025-06-26 15:27:54,224 - INFO - cmd: python main.py --detect --cve_id CVE-2021-45078 --target_bin /binaries/target/binutils/binutils-2.37-o0-objdump --vul_func_name stab_xcoff_builtin_type
2025-06-26 15:27:56,475 - INFO - success CVE-2021-45078,details in cve_test/CVE-2021-45078.log

2025-06-26 15:27:56,475 - INFO - detecting CVE-2021-45078 stab_xcoff_builtin_type
2025-06-26 15:27:56,475 - INFO - cmd: python main.py --detect --cve_id CVE-2021-45078 --target_bin /binaries/target/binutils/binutils-2.36.1-o0-objdump --vul_func_name stab_xcoff_builtin_type
2025-06-26 15:27:58,719 - INFO - success CVE-2021-45078,details in cve_test/CVE-2021-45078.log

2025-06-26 15:27:58,720 - INFO - detecting CVE-2021-45078 stab_xcoff_builtin_type
2025-06-26 15:27:58,720 - INFO - cmd: python main.py --detect --cve_id CVE-2021-45078 --target_bin /binaries/target/binutils/binutils-2.35.2-o0-objdump --vul_func_name stab_xcoff_builtin_type
2025-06-26 15:28:00,890 - INFO - success CVE-2021-45078,details in cve_test/CVE-2021-45078.log

2025-06-26 15:28:00,891 - INFO - detecting CVE-2021-45078 stab_xcoff_builtin_type
2025-06-26 15:28:00,891 - INFO - cmd: python main.py --detect --cve_id CVE-2021-45078 --target_bin /binaries/target/binutils/binutils-2.38-o0-objdump --vul_func_name stab_xcoff_builtin_type
2025-06-26 15:28:04,306 - INFO - success CVE-2021-45078,details in cve_test/CVE-2021-45078.log

2025-06-26 15:28:04,306 - INFO - detecting CVE-2021-45078 stab_xcoff_builtin_type
2025-06-26 15:28:04,306 - INFO - cmd: python main.py --detect --cve_id CVE-2021-45078 --target_bin /binaries/target/binutils/binutils-2.39-o0-objdump --vul_func_name stab_xcoff_builtin_type
2025-06-26 15:28:07,660 - INFO - success CVE-2021-45078,details in cve_test/CVE-2021-45078.log

2025-06-26 15:28:07,660 - INFO - detecting CVE-2021-45078 stab_xcoff_builtin_type
2025-06-26 15:28:07,660 - INFO - cmd: python main.py --detect --cve_id CVE-2021-45078 --target_bin /binaries/target/binutils/binutils-2.40-o0-objdump --vul_func_name stab_xcoff_builtin_type
2025-06-26 15:28:11,005 - INFO - success CVE-2021-45078,details in cve_test/CVE-2021-45078.log

2025-06-26 15:28:11,006 - INFO - detecting CVE-2022-48063 load_specific_debug_section
2025-06-26 15:28:11,006 - INFO - cmd: python main.py --detect --cve_id CVE-2022-48063 --target_bin /binaries/target/binutils/binutils-2.39-o0-objdump --vul_func_name load_specific_debug_section
2025-06-26 15:28:16,383 - INFO - success CVE-2022-48063,details in cve_test/CVE-2022-48063.log

2025-06-26 15:28:16,383 - INFO - detecting CVE-2022-48063 load_specific_debug_section
2025-06-26 15:28:16,383 - INFO - cmd: python main.py --detect --cve_id CVE-2022-48063 --target_bin /binaries/target/binutils/binutils-2.38-o0-objdump --vul_func_name load_specific_debug_section
2025-06-26 15:28:21,784 - INFO - success CVE-2022-48063,details in cve_test/CVE-2022-48063.log

2025-06-26 15:28:21,785 - INFO - detecting CVE-2022-48063 load_specific_debug_section
2025-06-26 15:28:21,785 - INFO - cmd: python main.py --detect --cve_id CVE-2022-48063 --target_bin /binaries/target/binutils/binutils-2.37-o0-objdump --vul_func_name load_specific_debug_section
2025-06-26 15:28:27,318 - INFO - success CVE-2022-48063,details in cve_test/CVE-2022-48063.log

2025-06-26 15:28:27,319 - INFO - detecting CVE-2022-48063 load_specific_debug_section
2025-06-26 15:28:27,319 - INFO - cmd: python main.py --detect --cve_id CVE-2022-48063 --target_bin /binaries/target/binutils/binutils-2.40-o0-objdump --vul_func_name load_specific_debug_section
2025-06-26 15:28:31,623 - INFO - success CVE-2022-48063,details in cve_test/CVE-2022-48063.log

2025-06-26 15:28:31,624 - INFO - detecting CVE-2022-48063 load_specific_debug_section
2025-06-26 15:28:31,624 - INFO - cmd: python main.py --detect --cve_id CVE-2022-48063 --target_bin /binaries/target/binutils/binutils-2.41-o0-objdump --vul_func_name load_specific_debug_section
2025-06-26 15:28:35,866 - INFO - success CVE-2022-48063,details in cve_test/CVE-2022-48063.log

2025-06-26 15:28:35,866 - INFO - detecting CVE-2022-48063 load_specific_debug_section
2025-06-26 15:28:35,867 - INFO - cmd: python main.py --detect --cve_id CVE-2022-48063 --target_bin /binaries/target/binutils/binutils-2.42-o0-objdump --vul_func_name load_specific_debug_section
2025-06-26 15:28:40,138 - INFO - success CVE-2022-48063,details in cve_test/CVE-2022-48063.log

2025-06-26 15:28:40,138 - INFO - detecting CVE-2022-48065 find_abstract_instance
2025-06-26 15:28:40,138 - INFO - cmd: python main.py --detect --cve_id CVE-2022-48065 --target_bin /binaries/target/binutils/binutils-2.39-o0-objdump --vul_func_name find_abstract_instance
2025-06-26 15:28:44,004 - INFO - success CVE-2022-48065,details in cve_test/CVE-2022-48065.log

2025-06-26 15:28:44,004 - INFO - detecting CVE-2022-48065 find_abstract_instance
2025-06-26 15:28:44,004 - INFO - cmd: python main.py --detect --cve_id CVE-2022-48065 --target_bin /binaries/target/binutils/binutils-2.38-o0-objdump --vul_func_name find_abstract_instance
2025-06-26 15:28:47,776 - INFO - success CVE-2022-48065,details in cve_test/CVE-2022-48065.log

2025-06-26 15:28:47,776 - INFO - detecting CVE-2022-48065 find_abstract_instance
2025-06-26 15:28:47,776 - INFO - cmd: python main.py --detect --cve_id CVE-2022-48065 --target_bin /binaries/target/binutils/binutils-2.37-o0-objdump --vul_func_name find_abstract_instance
2025-06-26 15:28:51,629 - INFO - success CVE-2022-48065,details in cve_test/CVE-2022-48065.log

2025-06-26 15:28:51,629 - INFO - detecting CVE-2022-48065 find_abstract_instance
2025-06-26 15:28:51,629 - INFO - cmd: python main.py --detect --cve_id CVE-2022-48065 --target_bin /binaries/target/binutils/binutils-2.40-o0-objdump --vul_func_name find_abstract_instance
2025-06-26 15:28:55,472 - INFO - success CVE-2022-48065,details in cve_test/CVE-2022-48065.log

2025-06-26 15:28:55,472 - INFO - detecting CVE-2022-48065 find_abstract_instance
2025-06-26 15:28:55,472 - INFO - cmd: python main.py --detect --cve_id CVE-2022-48065 --target_bin /binaries/target/binutils/binutils-2.41-o0-objdump --vul_func_name find_abstract_instance
2025-06-26 15:28:59,322 - INFO - success CVE-2022-48065,details in cve_test/CVE-2022-48065.log

2025-06-26 15:28:59,322 - INFO - detecting CVE-2022-48065 find_abstract_instance
2025-06-26 15:28:59,322 - INFO - cmd: python main.py --detect --cve_id CVE-2022-48065 --target_bin /binaries/target/binutils/binutils-2.42-o0-objdump --vul_func_name find_abstract_instance
2025-06-26 15:29:03,303 - INFO - success CVE-2022-48065,details in cve_test/CVE-2022-48065.log

2025-06-26 15:29:03,303 - INFO - detecting CVE-2023-25586 bfd_init_section_decompress_status
2025-06-26 15:29:03,303 - INFO - cmd: python main.py --detect --cve_id CVE-2023-25586 --target_bin /binaries/target/binutils/binutils-2.40-o0-objdump --vul_func_name bfd_init_section_decompress_status
2025-06-26 15:29:07,594 - INFO - success CVE-2023-25586,details in cve_test/CVE-2023-25586.log

2025-06-26 15:29:07,594 - INFO - detecting CVE-2023-25586 bfd_init_section_decompress_status
2025-06-26 15:29:07,594 - INFO - cmd: python main.py --detect --cve_id CVE-2023-25586 --target_bin /binaries/target/binutils/binutils-2.41-o0-objdump --vul_func_name bfd_init_section_decompress_status
2025-06-26 15:29:11,841 - INFO - success CVE-2023-25586,details in cve_test/CVE-2023-25586.log

2025-06-26 15:29:11,841 - INFO - detecting CVE-2023-25586 bfd_init_section_decompress_status
2025-06-26 15:29:11,842 - INFO - cmd: python main.py --detect --cve_id CVE-2023-25586 --target_bin /binaries/target/binutils/binutils-2.42-o0-objdump --vul_func_name bfd_init_section_decompress_status
2025-06-26 15:29:16,036 - INFO - success CVE-2023-25586,details in cve_test/CVE-2023-25586.log

2025-06-26 15:29:16,037 - INFO - detecting CVE-2023-25586 bfd_init_section_decompress_status
2025-06-26 15:29:16,037 - INFO - cmd: python main.py --detect --cve_id CVE-2023-25586 --target_bin /binaries/target/binutils/binutils-2.43-o0-objdump --vul_func_name bfd_init_section_decompress_status
2025-06-26 15:29:20,260 - INFO - success CVE-2023-25586,details in cve_test/CVE-2023-25586.log

2025-06-26 15:29:20,260 - INFO - detecting CVE-2013-1944 tailmatch
2025-06-26 15:29:20,261 - INFO - cmd: python main.py --detect --cve_id CVE-2013-1944 --target_bin /binaries/target/curl/curl-7.29.0-o0-curl --vul_func_name tailmatch
2025-06-26 15:29:23,754 - INFO - success CVE-2013-1944,details in cve_test/CVE-2013-1944.log

2025-06-26 15:29:23,754 - INFO - detecting CVE-2013-1944 tailmatch
2025-06-26 15:29:23,754 - INFO - cmd: python main.py --detect --cve_id CVE-2013-1944 --target_bin /binaries/target/curl/curl-7.30.0-o0-curl --vul_func_name tailmatch
2025-06-26 15:29:27,264 - INFO - success CVE-2013-1944,details in cve_test/CVE-2013-1944.log

2025-06-26 15:29:27,264 - INFO - detecting CVE-2013-1944 tailmatch
2025-06-26 15:29:27,264 - INFO - cmd: python main.py --detect --cve_id CVE-2013-1944 --target_bin /binaries/target/curl/curl-7.31.0-o0-curl --vul_func_name tailmatch
2025-06-26 15:29:30,860 - INFO - success CVE-2013-1944,details in cve_test/CVE-2013-1944.log

2025-06-26 15:29:30,860 - INFO - detecting CVE-2013-1944 tailmatch
2025-06-26 15:29:30,860 - INFO - cmd: python main.py --detect --cve_id CVE-2013-1944 --target_bin /binaries/target/curl/curl-7.32.0-o0-curl --vul_func_name tailmatch
2025-06-26 15:29:34,570 - INFO - success CVE-2013-1944,details in cve_test/CVE-2013-1944.log

2025-06-26 15:29:34,570 - INFO - detecting CVE-2014-0015 ConnectionExists
2025-06-26 15:29:34,570 - INFO - cmd: python main.py --detect --cve_id CVE-2014-0015 --target_bin /binaries/target/curl/curl-7.34.0-o0-curl --vul_func_name ConnectionExists
2025-06-26 15:29:39,095 - INFO - success CVE-2014-0015,details in cve_test/CVE-2014-0015.log

2025-06-26 15:29:39,095 - INFO - detecting CVE-2014-0015 ConnectionExists
2025-06-26 15:29:39,095 - INFO - cmd: python main.py --detect --cve_id CVE-2014-0015 --target_bin /binaries/target/curl/curl-7.33.0-o0-curl --vul_func_name ConnectionExists
2025-06-26 15:29:43,587 - INFO - success CVE-2014-0015,details in cve_test/CVE-2014-0015.log

2025-06-26 15:29:43,588 - INFO - detecting CVE-2014-0015 ConnectionExists
2025-06-26 15:29:43,588 - INFO - cmd: python main.py --detect --cve_id CVE-2014-0015 --target_bin /binaries/target/curl/curl-7.32.0-o0-curl --vul_func_name ConnectionExists
2025-06-26 15:29:47,845 - INFO - success CVE-2014-0015,details in cve_test/CVE-2014-0015.log

2025-06-26 15:29:47,845 - INFO - detecting CVE-2014-0015 ConnectionExists
2025-06-26 15:29:47,845 - INFO - cmd: python main.py --detect --cve_id CVE-2014-0015 --target_bin /binaries/target/curl/curl-7.35.0-o0-curl --vul_func_name ConnectionExists
2025-06-26 15:29:52,442 - INFO - success CVE-2014-0015,details in cve_test/CVE-2014-0015.log

2025-06-26 15:29:52,442 - INFO - detecting CVE-2014-0015 ConnectionExists
2025-06-26 15:29:52,442 - INFO - cmd: python main.py --detect --cve_id CVE-2014-0015 --target_bin /binaries/target/curl/curl-7.36.0-o0-curl --vul_func_name ConnectionExists
2025-06-26 15:29:56,930 - INFO - success CVE-2014-0015,details in cve_test/CVE-2014-0015.log

2025-06-26 15:29:56,930 - INFO - detecting CVE-2014-0015 ConnectionExists
2025-06-26 15:29:56,930 - INFO - cmd: python main.py --detect --cve_id CVE-2014-0015 --target_bin /binaries/target/curl/curl-7.37.0-o0-curl --vul_func_name ConnectionExists
2025-06-26 15:30:01,140 - INFO - success CVE-2014-0015,details in cve_test/CVE-2014-0015.log

2025-06-26 15:30:01,141 - INFO - detecting CVE-2016-6153 unixGetTempname
2025-06-26 15:30:01,141 - INFO - cmd: python main.py --detect --cve_id CVE-2016-6153 --target_bin /binaries/target/sqlite/sqlite-3.12.2-o0-sqlite3 --vul_func_name unixGetTempname
2025-06-26 15:30:06,375 - INFO - success CVE-2016-6153,details in cve_test/CVE-2016-6153.log

2025-06-26 15:30:06,375 - INFO - detecting CVE-2016-6153 unixGetTempname
2025-06-26 15:30:06,375 - INFO - cmd: python main.py --detect --cve_id CVE-2016-6153 --target_bin /binaries/target/sqlite/sqlite-3.12.1-o0-sqlite3 --vul_func_name unixGetTempname
2025-06-26 15:30:11,616 - INFO - success CVE-2016-6153,details in cve_test/CVE-2016-6153.log

2025-06-26 15:30:11,616 - INFO - detecting CVE-2016-6153 unixGetTempname
2025-06-26 15:30:11,616 - INFO - cmd: python main.py --detect --cve_id CVE-2016-6153 --target_bin /binaries/target/sqlite/sqlite-3.9.3-o0-sqlite3 --vul_func_name unixGetTempname
2025-06-26 15:30:13,432 - ERROR - fail CVE-2016-6153 ,details1

2025-06-26 15:30:13,433 - INFO - detecting CVE-2016-6153 unixGetTempname
2025-06-26 15:30:13,433 - INFO - cmd: python main.py --detect --cve_id CVE-2016-6153 --target_bin /binaries/target/sqlite/sqlite-3.13.0-o0-sqlite3 --vul_func_name unixGetTempname
2025-06-26 15:30:18,992 - INFO - success CVE-2016-6153,details in cve_test/CVE-2016-6153.log

2025-06-26 15:30:18,992 - INFO - detecting CVE-2016-6153 unixGetTempname
2025-06-26 15:30:18,992 - INFO - cmd: python main.py --detect --cve_id CVE-2016-6153 --target_bin /binaries/target/sqlite/sqlite-3.14-o0-sqlite3 --vul_func_name unixGetTempname
2025-06-26 15:30:20,550 - ERROR - fail CVE-2016-6153 ,details1

2025-06-26 15:30:20,550 - INFO - detecting CVE-2016-6153 unixGetTempname
2025-06-26 15:30:20,550 - INFO - cmd: python main.py --detect --cve_id CVE-2016-6153 --target_bin /binaries/target/sqlite/sqlite-3.14.1-o0-sqlite3 --vul_func_name unixGetTempname
2025-06-26 15:30:26,117 - INFO - success CVE-2016-6153,details in cve_test/CVE-2016-6153.log

2025-06-26 15:30:26,117 - INFO - detecting CVE-2018-20346 fts3SegReaderNext
2025-06-26 15:30:26,117 - INFO - cmd: python main.py --detect --cve_id CVE-2018-20346 --target_bin /binaries/target/sqlite/sqlite-3.25.2-o0-sqlite3 --vul_func_name fts3SegReaderNext
2025-06-26 15:30:29,525 - INFO - success CVE-2018-20346,details in cve_test/CVE-2018-20346.log

2025-06-26 15:30:29,525 - INFO - detecting CVE-2018-20346 fts3SegReaderNext
2025-06-26 15:30:29,525 - INFO - cmd: python main.py --detect --cve_id CVE-2018-20346 --target_bin /binaries/target/sqlite/sqlite-3.25.1-o0-sqlite3 --vul_func_name fts3SegReaderNext
2025-06-26 15:30:32,938 - INFO - success CVE-2018-20346,details in cve_test/CVE-2018-20346.log

2025-06-26 15:30:32,938 - INFO - detecting CVE-2018-20346 fts3SegReaderNext
2025-06-26 15:30:32,938 - INFO - cmd: python main.py --detect --cve_id CVE-2018-20346 --target_bin /binaries/target/sqlite/sqlite-3.25.0-o0-sqlite3 --vul_func_name fts3SegReaderNext
2025-06-26 15:30:36,386 - INFO - success CVE-2018-20346,details in cve_test/CVE-2018-20346.log

2025-06-26 15:30:36,386 - INFO - detecting CVE-2018-20346 fts3SegReaderNext
2025-06-26 15:30:36,386 - INFO - cmd: python main.py --detect --cve_id CVE-2018-20346 --target_bin /binaries/target/sqlite/sqlite-3.25.3-o0-sqlite3 --vul_func_name fts3SegReaderNext
2025-06-26 15:30:39,769 - INFO - success CVE-2018-20346,details in cve_test/CVE-2018-20346.log

2025-06-26 15:30:39,769 - INFO - detecting CVE-2018-20346 fts3SegReaderNext
2025-06-26 15:30:39,769 - INFO - cmd: python main.py --detect --cve_id CVE-2018-20346 --target_bin /binaries/target/sqlite/sqlite-3.26.0-o0-sqlite3 --vul_func_name fts3SegReaderNext
2025-06-26 15:30:43,153 - INFO - success CVE-2018-20346,details in cve_test/CVE-2018-20346.log

2025-06-26 15:30:43,153 - INFO - detecting CVE-2018-20346 fts3SegReaderNext
2025-06-26 15:30:43,153 - INFO - cmd: python main.py --detect --cve_id CVE-2018-20346 --target_bin /binaries/target/sqlite/sqlite-3.27.0-o0-sqlite3 --vul_func_name fts3SegReaderNext
2025-06-26 15:30:46,541 - INFO - success CVE-2018-20346,details in cve_test/CVE-2018-20346.log

2025-06-26 15:30:46,541 - INFO - detecting CVE-2018-20346 fts3ScanInteriorNode
2025-06-26 15:30:46,541 - INFO - cmd: python main.py --detect --cve_id CVE-2018-20346 --target_bin /binaries/target/sqlite/sqlite-3.25.2-o0-sqlite3 --vul_func_name fts3ScanInteriorNode
2025-06-26 15:30:49,345 - INFO - success CVE-2018-20346,details in cve_test/CVE-2018-20346.log

2025-06-26 15:30:49,345 - INFO - detecting CVE-2018-20346 fts3ScanInteriorNode
2025-06-26 15:30:49,345 - INFO - cmd: python main.py --detect --cve_id CVE-2018-20346 --target_bin /binaries/target/sqlite/sqlite-3.25.1-o0-sqlite3 --vul_func_name fts3ScanInteriorNode
2025-06-26 15:30:52,188 - INFO - success CVE-2018-20346,details in cve_test/CVE-2018-20346.log

2025-06-26 15:30:52,188 - INFO - detecting CVE-2018-20346 fts3ScanInteriorNode
2025-06-26 15:30:52,188 - INFO - cmd: python main.py --detect --cve_id CVE-2018-20346 --target_bin /binaries/target/sqlite/sqlite-3.25.0-o0-sqlite3 --vul_func_name fts3ScanInteriorNode
2025-06-26 15:30:54,982 - INFO - success CVE-2018-20346,details in cve_test/CVE-2018-20346.log

2025-06-26 15:30:54,982 - INFO - detecting CVE-2018-20346 fts3ScanInteriorNode
2025-06-26 15:30:54,982 - INFO - cmd: python main.py --detect --cve_id CVE-2018-20346 --target_bin /binaries/target/sqlite/sqlite-3.25.3-o0-sqlite3 --vul_func_name fts3ScanInteriorNode
2025-06-26 15:30:57,830 - INFO - success CVE-2018-20346,details in cve_test/CVE-2018-20346.log

2025-06-26 15:30:57,830 - INFO - detecting CVE-2018-20346 fts3ScanInteriorNode
2025-06-26 15:30:57,830 - INFO - cmd: python main.py --detect --cve_id CVE-2018-20346 --target_bin /binaries/target/sqlite/sqlite-3.26.0-o0-sqlite3 --vul_func_name fts3ScanInteriorNode
2025-06-26 15:31:00,705 - INFO - success CVE-2018-20346,details in cve_test/CVE-2018-20346.log

2025-06-26 15:31:00,705 - INFO - detecting CVE-2018-20346 fts3ScanInteriorNode
2025-06-26 15:31:00,705 - INFO - cmd: python main.py --detect --cve_id CVE-2018-20346 --target_bin /binaries/target/sqlite/sqlite-3.27.0-o0-sqlite3 --vul_func_name fts3ScanInteriorNode
2025-06-26 15:31:03,496 - INFO - success CVE-2018-20346,details in cve_test/CVE-2018-20346.log

2025-06-26 15:31:03,496 - INFO - detecting CVE-2019-19645 renameTableFunc
2025-06-26 15:31:03,496 - INFO - cmd: python main.py --detect --cve_id CVE-2019-19645 --target_bin /binaries/target/sqlite/sqlite-3.30.1-o0-sqlite3 --vul_func_name renameTableFunc
2025-06-26 15:31:07,630 - INFO - success CVE-2019-19645,details in cve_test/CVE-2019-19645.log

2025-06-26 15:31:07,631 - INFO - detecting CVE-2019-19645 renameTableFunc
2025-06-26 15:31:07,631 - INFO - cmd: python main.py --detect --cve_id CVE-2019-19645 --target_bin /binaries/target/sqlite/sqlite-3.30.0-o0-sqlite3 --vul_func_name renameTableFunc
2025-06-26 15:31:11,794 - INFO - success CVE-2019-19645,details in cve_test/CVE-2019-19645.log

2025-06-26 15:31:11,794 - INFO - detecting CVE-2019-19645 renameTableFunc
2025-06-26 15:31:11,794 - INFO - cmd: python main.py --detect --cve_id CVE-2019-19645 --target_bin /binaries/target/sqlite/sqlite-3.29.0-o0-sqlite3 --vul_func_name renameTableFunc
2025-06-26 15:31:15,924 - INFO - success CVE-2019-19645,details in cve_test/CVE-2019-19645.log

2025-06-26 15:31:15,924 - INFO - detecting CVE-2019-19645 renameTableFunc
2025-06-26 15:31:15,924 - INFO - cmd: python main.py --detect --cve_id CVE-2019-19645 --target_bin /binaries/target/sqlite/sqlite-3.31.0-o0-sqlite3 --vul_func_name renameTableFunc
2025-06-26 15:31:19,389 - INFO - success CVE-2019-19645,details in cve_test/CVE-2019-19645.log

2025-06-26 15:31:19,389 - INFO - detecting CVE-2019-19645 renameTableFunc
2025-06-26 15:31:19,389 - INFO - cmd: python main.py --detect --cve_id CVE-2019-19645 --target_bin /binaries/target/sqlite/sqlite-3.31.1-o0-sqlite3 --vul_func_name renameTableFunc
2025-06-26 15:31:22,882 - INFO - success CVE-2019-19645,details in cve_test/CVE-2019-19645.log

2025-06-26 15:31:22,882 - INFO - detecting CVE-2019-19645 renameTableFunc
2025-06-26 15:31:22,882 - INFO - cmd: python main.py --detect --cve_id CVE-2019-19645 --target_bin /binaries/target/sqlite/sqlite-3.32.0-o0-sqlite3 --vul_func_name renameTableFunc
2025-06-26 15:31:26,419 - INFO - success CVE-2019-19645,details in cve_test/CVE-2019-19645.log

2025-06-26 15:31:26,419 - INFO - detecting CVE-2019-19645 renameUnmapSelectCb
2025-06-26 15:31:26,419 - INFO - cmd: python main.py --detect --cve_id CVE-2019-19645 --target_bin /binaries/target/sqlite/sqlite-3.30.1-o0-sqlite3 --vul_func_name renameUnmapSelectCb
2025-06-26 15:31:29,806 - INFO - success CVE-2019-19645,details in cve_test/CVE-2019-19645.log

2025-06-26 15:31:29,806 - INFO - detecting CVE-2019-19645 renameUnmapSelectCb
2025-06-26 15:31:29,806 - INFO - cmd: python main.py --detect --cve_id CVE-2019-19645 --target_bin /binaries/target/sqlite/sqlite-3.30.0-o0-sqlite3 --vul_func_name renameUnmapSelectCb
2025-06-26 15:31:33,353 - INFO - success CVE-2019-19645,details in cve_test/CVE-2019-19645.log

2025-06-26 15:31:33,353 - INFO - detecting CVE-2019-19645 renameUnmapSelectCb
2025-06-26 15:31:33,353 - INFO - cmd: python main.py --detect --cve_id CVE-2019-19645 --target_bin /binaries/target/sqlite/sqlite-3.29.0-o0-sqlite3 --vul_func_name renameUnmapSelectCb
2025-06-26 15:31:36,876 - INFO - success CVE-2019-19645,details in cve_test/CVE-2019-19645.log

2025-06-26 15:31:36,877 - INFO - detecting CVE-2019-19645 renameUnmapSelectCb
2025-06-26 15:31:36,877 - INFO - cmd: python main.py --detect --cve_id CVE-2019-19645 --target_bin /binaries/target/sqlite/sqlite-3.31.0-o0-sqlite3 --vul_func_name renameUnmapSelectCb
2025-06-26 15:31:40,616 - INFO - success CVE-2019-19645,details in cve_test/CVE-2019-19645.log

2025-06-26 15:31:40,616 - INFO - detecting CVE-2019-19645 renameUnmapSelectCb
2025-06-26 15:31:40,616 - INFO - cmd: python main.py --detect --cve_id CVE-2019-19645 --target_bin /binaries/target/sqlite/sqlite-3.31.1-o0-sqlite3 --vul_func_name renameUnmapSelectCb
2025-06-26 15:31:44,299 - INFO - success CVE-2019-19645,details in cve_test/CVE-2019-19645.log

2025-06-26 15:31:44,300 - INFO - detecting CVE-2019-19645 renameUnmapSelectCb
2025-06-26 15:31:44,300 - INFO - cmd: python main.py --detect --cve_id CVE-2019-19645 --target_bin /binaries/target/sqlite/sqlite-3.32.0-o0-sqlite3 --vul_func_name renameUnmapSelectCb
2025-06-26 15:31:47,786 - INFO - success CVE-2019-19645,details in cve_test/CVE-2019-19645.log

2025-06-26 15:31:47,786 - INFO - detecting CVE-2019-19645 renameTableSelectCb
2025-06-26 15:31:47,786 - INFO - cmd: python main.py --detect --cve_id CVE-2019-19645 --target_bin /binaries/target/sqlite/sqlite-3.30.1-o0-sqlite3 --vul_func_name renameTableSelectCb
2025-06-26 15:31:51,448 - INFO - success CVE-2019-19645,details in cve_test/CVE-2019-19645.log

2025-06-26 15:31:51,448 - INFO - detecting CVE-2019-19645 renameTableSelectCb
2025-06-26 15:31:51,448 - INFO - cmd: python main.py --detect --cve_id CVE-2019-19645 --target_bin /binaries/target/sqlite/sqlite-3.30.0-o0-sqlite3 --vul_func_name renameTableSelectCb
2025-06-26 15:31:55,093 - INFO - success CVE-2019-19645,details in cve_test/CVE-2019-19645.log

2025-06-26 15:31:55,093 - INFO - detecting CVE-2019-19645 renameTableSelectCb
2025-06-26 15:31:55,093 - INFO - cmd: python main.py --detect --cve_id CVE-2019-19645 --target_bin /binaries/target/sqlite/sqlite-3.29.0-o0-sqlite3 --vul_func_name renameTableSelectCb
2025-06-26 15:31:58,544 - INFO - success CVE-2019-19645,details in cve_test/CVE-2019-19645.log

2025-06-26 15:31:58,545 - INFO - detecting CVE-2019-19645 renameTableSelectCb
2025-06-26 15:31:58,545 - INFO - cmd: python main.py --detect --cve_id CVE-2019-19645 --target_bin /binaries/target/sqlite/sqlite-3.31.0-o0-sqlite3 --vul_func_name renameTableSelectCb
2025-06-26 15:32:02,246 - INFO - success CVE-2019-19645,details in cve_test/CVE-2019-19645.log

2025-06-26 15:32:02,247 - INFO - detecting CVE-2019-19645 renameTableSelectCb
2025-06-26 15:32:02,247 - INFO - cmd: python main.py --detect --cve_id CVE-2019-19645 --target_bin /binaries/target/sqlite/sqlite-3.31.1-o0-sqlite3 --vul_func_name renameTableSelectCb
2025-06-26 15:32:06,016 - INFO - success CVE-2019-19645,details in cve_test/CVE-2019-19645.log

2025-06-26 15:32:06,016 - INFO - detecting CVE-2019-19645 renameTableSelectCb
2025-06-26 15:32:06,016 - INFO - cmd: python main.py --detect --cve_id CVE-2019-19645 --target_bin /binaries/target/sqlite/sqlite-3.32.0-o0-sqlite3 --vul_func_name renameTableSelectCb
2025-06-26 15:32:09,654 - INFO - success CVE-2019-19645,details in cve_test/CVE-2019-19645.log

2025-06-26 15:32:09,654 - INFO - detecting CVE-2019-19646 sqlite3CreateColumnExpr
2025-06-26 15:32:09,654 - INFO - cmd: python main.py --detect --cve_id CVE-2019-19646 --target_bin /binaries/target/sqlite/sqlite-3.30.1-o0-sqlite3 --vul_func_name sqlite3CreateColumnExpr
2025-06-26 15:32:12,599 - INFO - success CVE-2019-19646,details in cve_test/CVE-2019-19646.log

2025-06-26 15:32:12,599 - INFO - detecting CVE-2019-19646 sqlite3CreateColumnExpr
2025-06-26 15:32:12,599 - INFO - cmd: python main.py --detect --cve_id CVE-2019-19646 --target_bin /binaries/target/sqlite/sqlite-3.30.0-o0-sqlite3 --vul_func_name sqlite3CreateColumnExpr
2025-06-26 15:32:15,556 - INFO - success CVE-2019-19646,details in cve_test/CVE-2019-19646.log

2025-06-26 15:32:15,556 - INFO - detecting CVE-2019-19646 sqlite3CreateColumnExpr
2025-06-26 15:32:15,556 - INFO - cmd: python main.py --detect --cve_id CVE-2019-19646 --target_bin /binaries/target/sqlite/sqlite-3.29.0-o0-sqlite3 --vul_func_name sqlite3CreateColumnExpr
2025-06-26 15:32:18,482 - INFO - success CVE-2019-19646,details in cve_test/CVE-2019-19646.log

2025-06-26 15:32:18,482 - INFO - detecting CVE-2019-19646 sqlite3CreateColumnExpr
2025-06-26 15:32:18,482 - INFO - cmd: python main.py --detect --cve_id CVE-2019-19646 --target_bin /binaries/target/sqlite/sqlite-3.31.0-o0-sqlite3 --vul_func_name sqlite3CreateColumnExpr
2025-06-26 15:32:21,475 - INFO - success CVE-2019-19646,details in cve_test/CVE-2019-19646.log

2025-06-26 15:32:21,475 - INFO - detecting CVE-2019-19646 sqlite3CreateColumnExpr
2025-06-26 15:32:21,475 - INFO - cmd: python main.py --detect --cve_id CVE-2019-19646 --target_bin /binaries/target/sqlite/sqlite-3.31.1-o0-sqlite3 --vul_func_name sqlite3CreateColumnExpr
2025-06-26 15:32:24,496 - INFO - success CVE-2019-19646,details in cve_test/CVE-2019-19646.log

2025-06-26 15:32:24,496 - INFO - detecting CVE-2019-19646 sqlite3CreateColumnExpr
2025-06-26 15:32:24,496 - INFO - cmd: python main.py --detect --cve_id CVE-2019-19646 --target_bin /binaries/target/sqlite/sqlite-3.32.0-o0-sqlite3 --vul_func_name sqlite3CreateColumnExpr
2025-06-26 15:32:27,472 - INFO - success CVE-2019-19646,details in cve_test/CVE-2019-19646.log

2025-06-26 15:32:27,472 - INFO - detecting CVE-2019-19924 codeCompare
2025-06-26 15:32:27,472 - INFO - cmd: python main.py --detect --cve_id CVE-2019-19924 --target_bin /binaries/target/sqlite/sqlite-3.30.1-o0-sqlite3 --vul_func_name codeCompare
2025-06-26 15:32:30,034 - INFO - success CVE-2019-19924,details in cve_test/CVE-2019-19924.log

2025-06-26 15:32:30,034 - INFO - detecting CVE-2019-19924 codeCompare
2025-06-26 15:32:30,034 - INFO - cmd: python main.py --detect --cve_id CVE-2019-19924 --target_bin /binaries/target/sqlite/sqlite-3.31.0-o0-sqlite3 --vul_func_name codeCompare
2025-06-26 15:32:33,140 - INFO - success CVE-2019-19924,details in cve_test/CVE-2019-19924.log

2025-06-26 15:32:33,140 - INFO - detecting CVE-2019-19924 codeCompare
2025-06-26 15:32:33,140 - INFO - cmd: python main.py --detect --cve_id CVE-2019-19924 --target_bin /binaries/target/sqlite/sqlite-3.31.1-o0-sqlite3 --vul_func_name codeCompare
2025-06-26 15:32:36,355 - INFO - success CVE-2019-19924,details in cve_test/CVE-2019-19924.log

2025-06-26 15:32:36,355 - INFO - detecting CVE-2019-19924 codeCompare
2025-06-26 15:32:36,355 - INFO - cmd: python main.py --detect --cve_id CVE-2019-19924 --target_bin /binaries/target/sqlite/sqlite-3.32.0-o0-sqlite3 --vul_func_name codeCompare
2025-06-26 15:32:39,500 - INFO - success CVE-2019-19924,details in cve_test/CVE-2019-19924.log

2025-06-26 15:32:39,500 - INFO - detecting CVE-2019-19924 sqlite3WindowRewrite
2025-06-26 15:32:39,500 - INFO - cmd: python main.py --detect --cve_id CVE-2019-19924 --target_bin /binaries/target/sqlite/sqlite-3.30.1-o0-sqlite3 --vul_func_name sqlite3WindowRewrite
2025-06-26 15:32:42,468 - INFO - success CVE-2019-19924,details in cve_test/CVE-2019-19924.log

2025-06-26 15:32:42,468 - INFO - detecting CVE-2019-19924 sqlite3WindowRewrite
2025-06-26 15:32:42,469 - INFO - cmd: python main.py --detect --cve_id CVE-2019-19924 --target_bin /binaries/target/sqlite/sqlite-3.31.0-o0-sqlite3 --vul_func_name sqlite3WindowRewrite
2025-06-26 15:32:45,496 - INFO - success CVE-2019-19924,details in cve_test/CVE-2019-19924.log

2025-06-26 15:32:45,496 - INFO - detecting CVE-2019-19924 sqlite3WindowRewrite
2025-06-26 15:32:45,496 - INFO - cmd: python main.py --detect --cve_id CVE-2019-19924 --target_bin /binaries/target/sqlite/sqlite-3.31.1-o0-sqlite3 --vul_func_name sqlite3WindowRewrite
2025-06-26 15:32:48,515 - INFO - success CVE-2019-19924,details in cve_test/CVE-2019-19924.log

2025-06-26 15:32:48,515 - INFO - detecting CVE-2019-19924 sqlite3WindowRewrite
2025-06-26 15:32:48,515 - INFO - cmd: python main.py --detect --cve_id CVE-2019-19924 --target_bin /binaries/target/sqlite/sqlite-3.32.0-o0-sqlite3 --vul_func_name sqlite3WindowRewrite
2025-06-26 15:32:51,504 - INFO - success CVE-2019-19924,details in cve_test/CVE-2019-19924.log

2025-06-26 15:32:51,504 - INFO - detecting CVE-2020-13632 fts3ExprLHits
2025-06-26 15:32:51,504 - INFO - cmd: python main.py --detect --cve_id CVE-2020-13632 --target_bin /binaries/target/sqlite/sqlite-3.31.1-o0-sqlite3 --vul_func_name fts3ExprLHits
2025-06-26 15:32:55,522 - INFO - success CVE-2020-13632,details in cve_test/CVE-2020-13632.log

2025-06-26 15:32:55,522 - INFO - detecting CVE-2020-13632 fts3ExprLHits
2025-06-26 15:32:55,522 - INFO - cmd: python main.py --detect --cve_id CVE-2020-13632 --target_bin /binaries/target/sqlite/sqlite-3.31.0-o0-sqlite3 --vul_func_name fts3ExprLHits
2025-06-26 15:32:59,546 - INFO - success CVE-2020-13632,details in cve_test/CVE-2020-13632.log

2025-06-26 15:32:59,546 - INFO - detecting CVE-2020-13632 fts3ExprLHits
2025-06-26 15:32:59,546 - INFO - cmd: python main.py --detect --cve_id CVE-2020-13632 --target_bin /binaries/target/sqlite/sqlite-3.30.1-o0-sqlite3 --vul_func_name fts3ExprLHits
2025-06-26 15:33:03,573 - INFO - success CVE-2020-13632,details in cve_test/CVE-2020-13632.log

2025-06-26 15:33:03,573 - INFO - detecting CVE-2020-13632 fts3ExprLHits
2025-06-26 15:33:03,573 - INFO - cmd: python main.py --detect --cve_id CVE-2020-13632 --target_bin /binaries/target/sqlite/sqlite-3.32.0-o0-sqlite3 --vul_func_name fts3ExprLHits
2025-06-26 15:33:07,438 - INFO - success CVE-2020-13632,details in cve_test/CVE-2020-13632.log

2025-06-26 15:33:07,439 - INFO - detecting CVE-2020-13632 fts3ExprLHits
2025-06-26 15:33:07,439 - INFO - cmd: python main.py --detect --cve_id CVE-2020-13632 --target_bin /binaries/target/sqlite/sqlite-3.32.1-o0-sqlite3 --vul_func_name fts3ExprLHits
2025-06-26 15:33:11,297 - INFO - success CVE-2020-13632,details in cve_test/CVE-2020-13632.log

2025-06-26 15:33:11,298 - INFO - detecting CVE-2020-13632 fts3ExprLHits
2025-06-26 15:33:11,299 - INFO - cmd: python main.py --detect --cve_id CVE-2020-13632 --target_bin /binaries/target/sqlite/sqlite-3.32.2-o0-sqlite3 --vul_func_name fts3ExprLHits
2025-06-26 15:33:15,042 - INFO - success CVE-2020-13632,details in cve_test/CVE-2020-13632.log

2025-06-26 15:33:15,042 - INFO - detecting CVE-2021-36690 idxGetTableInfo
2025-06-26 15:33:15,042 - INFO - cmd: python main.py --detect --cve_id CVE-2021-36690 --target_bin /binaries/target/sqlite/sqlite-3.36.0-o0-sqlite3 --vul_func_name idxGetTableInfo
2025-06-26 15:33:18,910 - INFO - success CVE-2021-36690,details in cve_test/CVE-2021-36690.log

2025-06-26 15:33:18,910 - INFO - detecting CVE-2021-36690 idxGetTableInfo
2025-06-26 15:33:18,911 - INFO - cmd: python main.py --detect --cve_id CVE-2021-36690 --target_bin /binaries/target/sqlite/sqlite-3.37.0-o0-sqlite3 --vul_func_name idxGetTableInfo
2025-06-26 15:33:22,883 - INFO - success CVE-2021-36690,details in cve_test/CVE-2021-36690.log

2025-06-26 15:33:22,883 - INFO - detecting CVE-2021-36690 idxGetTableInfo
2025-06-26 15:33:22,883 - INFO - cmd: python main.py --detect --cve_id CVE-2021-36690 --target_bin /binaries/target/sqlite/sqlite-3.37.1-o0-sqlite3 --vul_func_name idxGetTableInfo
2025-06-26 15:33:26,816 - INFO - success CVE-2021-36690,details in cve_test/CVE-2021-36690.log

2025-06-26 15:33:26,816 - INFO - detecting CVE-2021-36690 idxGetTableInfo
2025-06-26 15:33:26,816 - INFO - cmd: python main.py --detect --cve_id CVE-2021-36690 --target_bin /binaries/target/sqlite/sqlite-3.37.2-o0-sqlite3 --vul_func_name idxGetTableInfo
2025-06-26 15:33:30,662 - INFO - success CVE-2021-36690,details in cve_test/CVE-2021-36690.log

