=========2025-06-19 11:43:18.205217============
[*] extract signatures for CVE-2016-4483-xmlBufAttrSerializeTxtContent
[*] /ms: vul-sig-gen,patch-sig-gen,map,diff,map+diff:0.044041,0.02642,0.000218,7.8e-05,0.000296
[*] extract signatures for CVE-2015-5312-xmlStringLenDecodeEntities__internal_alias
[*] /ms: vul-sig-gen,patch-sig-gen,map,diff,map+diff:0.034435,0.017955,0.000253,0.002685,0.002938
[*] extract signatures for CVE-2015-8317-xmlParseEncodingDecl__internal_alias
[*] /ms: vul-sig-gen,patch-sig-gen,map,diff,map+diff:0.006125,0.005084,0.000153,7e-05,0.000223
[*] extract signatures for CVE-2015-7498-xmlParseDocument__internal_alias
[*] /ms: vul-sig-gen,patch-sig-gen,map,diff,map+diff:0.00761,0.006962,0.000213,0.000698,0.000911
[*] extract signatures for CVE-2015-7498-xmlParseXMLDecl__internal_alias
[*] /ms: vul-sig-gen,patch-sig-gen,map,diff,map+diff:0.00519,0.0084,0.000223,7.9e-05,0.000302
[*] extract signatures for CVE-2015-7498-xmlSwitchEncoding__internal_alias
[*] /ms: vul-sig-gen,patch-sig-gen,map,diff,map+diff:0.002957,0.003477,0.000153,7.1e-05,0.000224
[*] extract signatures for CVE-2017-16932-xmlParsePEReference__internal_alias
[*] /ms: vul-sig-gen,patch-sig-gen,map,diff,map+diff:0.003331,0.004087,0.000577,0.000283,0.00086
[*] extract signatures for CVE-2017-16932-xmlPushInput__internal_alias
[*] /ms: vul-sig-gen,patch-sig-gen,map,diff,map+diff:0.001145,0.001321,0.000107,0.00018,0.000287
[*] extract signatures for CVE-2020-7595-xmlStringLenDecodeEntities__internal_alias
[*] /ms: vul-sig-gen,patch-sig-gen,map,diff,map+diff:0.006554,0.00739,0.00077,0.000248,0.001018
[*] extract signatures for CVE-2015-7497-xmlDictComputeFastQKey
[*] /ms: vul-sig-gen,patch-sig-gen,map,diff,map+diff:0.001482,0.001448,9.7e-05,6e-05,0.000157
[*] extract signatures for CVE-2022-23308-nodeVPop
[*] /ms: vul-sig-gen,patch-sig-gen,map,diff,map+diff:0.000738,0.000944,8.4e-05,5.4e-05,0.000138
[*] extract signatures for CVE-2022-23308-xmlAddID__internal_alias
[*] /ms: vul-sig-gen,patch-sig-gen,map,diff,map+diff:0.001541,0.002444,0.000142,0.000389,0.000531
[*] extract signatures for CVE-2022-23308-xmlAddRef__internal_alias
[*] /ms: vul-sig-gen,patch-sig-gen,map,diff,map+diff:0.002144,0.001999,0.000131,6.2e-05,0.000193
[*] extract signatures for CVE-2022-23308-xmlDumpNotationTable__internal_alias
[*] /ms: vul-sig-gen,patch-sig-gen,map,diff,map+diff:0.000537,0.000474,6.7e-05,5.3e-05,0.00012
[*] extract signatures for CVE-2022-23308-xmlRemoveID__internal_alias
[*] /ms: vul-sig-gen,patch-sig-gen,map,diff,map+diff:0.001179,0.001055,0.00041,8.4e-05,0.000494
[*] extract signatures for CVE-2022-23308-xmlValidCtxtNormalizeAttributeValue__internal_alias
[*] /ms: vul-sig-gen,patch-sig-gen,map,diff,map+diff:0.003261,0.00182,0.000153,6.8e-05,0.000221
[*] extract signatures for CVE-2022-23308-xmlValidNormalizeAttributeValue__internal_alias
[*] /ms: vul-sig-gen,patch-sig-gen,map,diff,map+diff:0.001675,0.001507,0.00013,6.7e-05,0.000197
[*] extract signatures for CVE-2022-23308-xmlValidateAttributeValue2
[*] /ms: vul-sig-gen,patch-sig-gen,map,diff,map+diff:0.00218,0.002084,0.000142,6.4e-05,0.000206
[*] extract signatures for CVE-2013-0338-xmlCreateEntityParserCtxtInternal
[*] /ms: vul-sig-gen,patch-sig-gen,map,diff,map+diff:0.001641,0.001249,0.000112,5.9e-05,0.000171
[*] extract signatures for CVE-2013-0338-xmlCtxtReset__internal_alias
[*] /ms: vul-sig-gen,patch-sig-gen,map,diff,map+diff:0.002182,0.002908,0.000332,9e-05,0.000422
[*] extract signatures for CVE-2013-0338-xmlInitParserCtxt__internal_alias
[*] /ms: vul-sig-gen,patch-sig-gen,map,diff,map+diff:0.002701,0.003187,0.000114,6.3e-05,0.000177
[*] extract signatures for CVE-2013-0338-xmlParseReference__internal_alias
[*] /ms: vul-sig-gen,patch-sig-gen,map,diff,map+diff:0.009391,0.008645,0.000318,0.007315,0.007633
[*] extract signatures for CVE-2013-0338-xmlParserEntityCheck
[*] /ms: vul-sig-gen,patch-sig-gen,map,diff,map+diff:0.001323,0.001727,0.000105,0.001111,0.001216
[*] extract signatures for CVE-2013-0338-xmlStringLenDecodeEntities__internal_alias
[*] /ms: vul-sig-gen,patch-sig-gen,map,diff,map+diff:0.005691,0.005847,0.000221,7.6e-05,0.000297
[*] extract signatures for CVE-2013-1969-htmlParseChunk__internal_alias
[*] /ms: vul-sig-gen,patch-sig-gen,map,diff,map+diff:0.001959,0.001734,0.000104,6.8e-05,0.000172
[*] extract signatures for CVE-2023-28484-xmlSchemaFixupComplexType
[*] /ms: vul-sig-gen,patch-sig-gen,map,diff,map+diff:0.005681,0.005869,0.002397,0.000971,0.003368
[*] extract signatures for CVE-2016-1837-htmlNodeInfoPop
[*] /ms: vul-sig-gen,patch-sig-gen,map,diff,map+diff:0.000774,0.000673,8.4e-05,5.5e-05,0.000139
[*] extract signatures for CVE-2016-1837-htmlParseAttValue
[*] /ms: vul-sig-gen,patch-sig-gen,map,diff,map+diff:0.000864,0.000816,8.3e-05,5.1e-05,0.000134
[*] extract signatures for CVE-2016-1837-htmlParseSystemLiteral
[*] /ms: vul-sig-gen,patch-sig-gen,map,diff,map+diff:0.001677,0.002199,0.000145,6.4e-05,0.000209
[*] extract signatures for CVE-2015-7500-xmlParseStartTag2
[*] /ms: vul-sig-gen,patch-sig-gen,map,diff,map+diff:0.028207,0.020149,0.000723,0.002733,0.003456
[*] extract signatures for CVE-2019-19956-xmlParseBalancedChunkMemoryRecover__internal_alias
[*] /ms: vul-sig-gen,patch-sig-gen,map,diff,map+diff:0.02864,0.011152,0.000241,0.000143,0.000384
[*] extract signatures for CVE-2017-7375-xmlParsePEReference__internal_alias
[*] /ms: vul-sig-gen,patch-sig-gen,map,diff,map+diff:0.006582,0.006546,0.000193,0.000415,0.000608
[*] extract signatures for CVE-2013-0339-xmlParseReference__internal_alias
[*] /ms: vul-sig-gen,patch-sig-gen,map,diff,map+diff:0.013197,0.010061,0.000486,0.001803,0.002289
[*] extract signatures for CVE-2014-3660-xmlParseReference__internal_alias
[*] /ms: vul-sig-gen,patch-sig-gen,map,diff,map+diff:0.009603,0.008647,0.000778,0.005575,0.006353
[*] extract signatures for CVE-2016-1836-spacePop
[*] /ms: vul-sig-gen,patch-sig-gen,map,diff,map+diff:0.000842,0.000678,7.7e-05,5.4e-05,0.000131
[*] extract signatures for CVE-2016-1836-xmlParseNCNameComplex
[*] /ms: vul-sig-gen,patch-sig-gen,map,diff,map+diff:0.002995,0.002211,0.000146,6.7e-05,0.000213
[*] extract signatures for CVE-2012-5134-xmlParseAttValueComplex
[*] /ms: vul-sig-gen,patch-sig-gen,map,diff,map+diff:0.008343,0.009237,0.000927,0.004519,0.005446
[*] extract signatures for CVE-2016-1840-xmlFAParseCharRange
[*] /ms: vul-sig-gen,patch-sig-gen,map,diff,map+diff:0.002735,0.002349,0.000137,6.8e-05,0.000205
[*] extract signatures for CVE-2017-5130-xmlMallocLoc__internal_alias
[*] /ms: vul-sig-gen,patch-sig-gen,map,diff,map+diff:0.001037,0.00106,8.6e-05,5.6e-05,0.000142
[*] extract signatures for CVE-2017-5130-xmlMemStrdupLoc__internal_alias
[*] /ms: vul-sig-gen,patch-sig-gen,map,diff,map+diff:0.00105,0.001684,0.000419,9e-05,0.000509
[*] extract signatures for CVE-2017-5130-xmlReallocLoc__internal_alias
[*] /ms: vul-sig-gen,patch-sig-gen,map,diff,map+diff:0.001472,0.001326,8.3e-05,5.6e-05,0.000139
[*] extract signatures for CVE-2016-4449-xmlStringLenDecodeEntities__internal_alias
[*] /ms: vul-sig-gen,patch-sig-gen,map,diff,map+diff:0.005631,0.006491,0.000211,8.5e-05,0.000296
[*] extract signatures for CVE-2016-1833-xmlNextChar__internal_alias
[*] /ms: vul-sig-gen,patch-sig-gen,map,diff,map+diff:0.003702,0.003675,0.000147,0.000785,0.000932
[*] extract signatures for CVE-2018-14404-xmlXPathCompOpEval
[*] /ms: vul-sig-gen,patch-sig-gen,map,diff,map+diff:0.018965,0.020095,0.000828,0.016751,0.017579
[*] extract signatures for CVE-2015-8242-htmlParseTryOrFinish
[*] /ms: vul-sig-gen,patch-sig-gen,map,diff,map+diff:0.017265,0.016404,0.000334,0.000151,0.000485
[*] extract signatures for CVE-2015-7499-xmlCreatePushParserCtxt__internal_alias
[*] /ms: vul-sig-gen,patch-sig-gen,map,diff,map+diff:0.002595,0.002086,0.000107,6.5e-05,0.000172
[*] extract signatures for CVE-2015-7941-xmlParseConditionalSections
[*] /ms: vul-sig-gen,patch-sig-gen,map,diff,map+diff:0.00706,0.006801,0.000164,0.000314,0.000478
[*] extract signatures for CVE-2017-16931-xmlGROW
[*] /ms: vul-sig-gen,patch-sig-gen,map,diff,map+diff:0.001112,0.000993,8.3e-05,5.9e-05,0.000142
[*] extract signatures for CVE-2017-16931-xmlParseNameComplex
[*] /ms: vul-sig-gen,patch-sig-gen,map,diff,map+diff:0.006311,0.005901,0.000145,0.002624,0.002769
[*] extract signatures for CVE-2015-8241-xmlParseMarkupDecl__internal_alias
[*] /ms: vul-sig-gen,patch-sig-gen,map,diff,map+diff:0.001445,0.001368,9e-05,0.000167,0.000257
[*] extract signatures for CVE-2016-4658-xmlXPtrNewCollapsedRange__internal_alias
[*] /ms: vul-sig-gen,patch-sig-gen,map,diff,map+diff:0.000624,0.000428,7.3e-05,6.3e-05,0.000136
[*] extract signatures for CVE-2016-4658-xmlXPtrNewRange__internal_alias
[*] /ms: vul-sig-gen,patch-sig-gen,map,diff,map+diff:0.000709,0.000854,0.000831,9.1e-05,0.000922
[*] extract signatures for CVE-2016-4658-xmlXPtrNewRangeNodeObject__internal_alias
[*] /ms: vul-sig-gen,patch-sig-gen,map,diff,map+diff:0.00117,0.000819,8.6e-05,0.000213,0.000299
[*] extract signatures for CVE-2016-4658-xmlXPtrNewRangeNodePoint__internal_alias
[*] /ms: vul-sig-gen,patch-sig-gen,map,diff,map+diff:0.00079,0.000584,7.8e-05,6.6e-05,0.000144
[*] extract signatures for CVE-2016-4658-xmlXPtrNewRangeNodes__internal_alias
[*] /ms: vul-sig-gen,patch-sig-gen,map,diff,map+diff:0.000921,0.000503,7.8e-05,6.5e-05,0.000143
[*] extract signatures for CVE-2016-4658-xmlXPtrNewRangePointNode__internal_alias
[*] /ms: vul-sig-gen,patch-sig-gen,map,diff,map+diff:0.000692,0.000541,7.3e-05,6.4e-05,0.000137
[*] extract signatures for CVE-2016-4658-xmlXPtrNewRangePoints__internal_alias
[*] /ms: vul-sig-gen,patch-sig-gen,map,diff,map+diff:0.00081,0.001167,8.3e-05,6.8e-05,0.000151
[*] extract signatures for CVE-2016-4658-xmlXPtrRangesEqual
[*] /ms: vul-sig-gen,patch-sig-gen,map,diff,map+diff:0.000814,0.000774,7.1e-05,5.8e-05,0.000129
[*] extract signatures for CVE-2016-1834-xmlStrncat__internal_alias
[*] /ms: vul-sig-gen,patch-sig-gen,map,diff,map+diff:0.000795,0.00078,8e-05,6.2e-05,0.000142
[*] extract signatures for CVE-2016-1834-xmlStrncatNew__internal_alias
[*] /ms: vul-sig-gen,patch-sig-gen,map,diff,map+diff:0.000837,0.001141,9e-05,6.4e-05,0.000154
[*] extract signatures for CVE-2022-40304-xmlCreateEntity
[*] /ms: vul-sig-gen,patch-sig-gen,map,diff,map+diff:0.001309,0.000945,8e-05,0.000346,0.000426
[*] extract signatures for CVE-2022-40304-xmlFreeEntity
[*] /ms: vul-sig-gen,patch-sig-gen,map,diff,map+diff:0.001776,0.00141,8.5e-05,0.003813,0.003898
[*] extract signatures for CVE-2016-1838-xmlParseEndTag2
[*] /ms: vul-sig-gen,patch-sig-gen,map,diff,map+diff:0.002495,0.002842,0.000107,7e-05,0.000177
[*] extract signatures for CVE-2015-8710-htmlParseComment
[*] /ms: vul-sig-gen,patch-sig-gen,map,diff,map+diff:0.003666,0.005647,0.000139,0.004,0.004139
[*] extract signatures for CVE-2016-1762-xmlParseInternalSubset
[*] /ms: vul-sig-gen,patch-sig-gen,map,diff,map+diff:0.001116,0.00099,8.2e-05,6.6e-05,0.000148
[*] extract signatures for CVE-2023-45322-cdataBlock
[!] No such function: cdataBlock in version: /binaries/reference/libxml2/CVE-2023-45322-vuln-4e4c89a-libxml2
[!] No such function: cdataBlock in version: /binaries/reference/libxml2/CVE-2023-45322-patch-d39f78-libxml2
[*] extract signatures for CVE-2022-40303-xmlFatalErr
[*] /ms: vul-sig-gen,patch-sig-gen,map,diff,map+diff:0.003445,0.004029,0.00011,6.9e-05,0.000179
[*] extract signatures for CVE-2022-40303-xmlParseAttValueComplex
[*] /ms: vul-sig-gen,patch-sig-gen,map,diff,map+diff:0.008074,0.007821,0.000175,0.000198,0.000373
[*] extract signatures for CVE-2022-40303-xmlParseAttValueInternal
[*] /ms: vul-sig-gen,patch-sig-gen,map,diff,map+diff:0.005337,0.005244,0.000138,8.3e-05,0.000221
[*] extract signatures for CVE-2022-40303-xmlParseCDSect
[*] /ms: vul-sig-gen,patch-sig-gen,map,diff,map+diff:0.004631,0.008231,0.000152,8e-05,0.000232
[*] extract signatures for CVE-2022-40303-xmlParseComment
[*] /ms: vul-sig-gen,patch-sig-gen,map,diff,map+diff:0.004595,0.00459,0.000124,7e-05,0.000194
[*] extract signatures for CVE-2022-40303-xmlParseCommentComplex
[*] /ms: vul-sig-gen,patch-sig-gen,map,diff,map+diff:0.005344,0.005418,0.000146,7.2e-05,0.000218
[*] extract signatures for CVE-2022-40303-xmlParseElementEnd
[*] /ms: vul-sig-gen,patch-sig-gen,map,diff,map+diff:0.001237,0.000811,7.8e-05,5.4e-05,0.000132
[*] extract signatures for CVE-2022-40303-xmlParseEntityValue
[*] /ms: vul-sig-gen,patch-sig-gen,map,diff,map+diff:0.003721,0.003181,0.00011,6.6e-05,0.000176
[*] extract signatures for CVE-2022-40303-xmlParseNCName
[*] /ms: vul-sig-gen,patch-sig-gen,map,diff,map+diff:0.001362,0.001314,8.7e-05,7.1e-05,0.000158
[*] extract signatures for CVE-2022-40303-xmlParseNCNameComplex
[*] /ms: vul-sig-gen,patch-sig-gen,map,diff,map+diff:0.002101,0.00181,9.7e-05,0.000148,0.000245
[*] extract signatures for CVE-2022-40303-xmlParseName
[*] /ms: vul-sig-gen,patch-sig-gen,map,diff,map+diff:0.001714,0.001416,9.3e-05,7.3e-05,0.000166
[*] extract signatures for CVE-2022-40303-xmlParseNameComplex
[*] /ms: vul-sig-gen,patch-sig-gen,map,diff,map+diff:0.00596,0.006263,0.000151,0.00114,0.001291
[*] extract signatures for CVE-2022-40303-xmlParseNmtoken
[*] /ms: vul-sig-gen,patch-sig-gen,map,diff,map+diff:0.003045,0.003257,0.000112,7.5e-05,0.000187
[*] extract signatures for CVE-2022-40303-xmlParsePI
[*] /ms: vul-sig-gen,patch-sig-gen,map,diff,map+diff:0.004984,0.004288,0.000116,0.002054,0.00217
[*] extract signatures for CVE-2022-40303-xmlParsePubidLiteral
[*] /ms: vul-sig-gen,patch-sig-gen,map,diff,map+diff:0.002244,0.002529,9.1e-05,5.9e-05,0.00015
[*] extract signatures for CVE-2022-40303-xmlParseStringName
[*] /ms: vul-sig-gen,patch-sig-gen,map,diff,map+diff:0.002087,0.001768,7.6e-05,5.7e-05,0.000133
[*] extract signatures for CVE-2022-40303-xmlParseSystemLiteral
[*] /ms: vul-sig-gen,patch-sig-gen,map,diff,map+diff:0.003394,0.003654,0.0001,5.7e-05,0.000157
=========2025-06-19 14:06:37.733717============
Detect o0 Binaries.
------------------------------------------
[*] Detecting CVE: CVE-2012-5134
[*] Detection for /binaries/target/libxml2/libxml2-2.9.0-o0-libxml2,xmlParseAttValueComplex,-1
[*] /s; sim-cal:6.853532
[*] Detection Result:V 1.0/0.06346153846153846 2/2,-1
[*] Detection for /binaries/target/libxml2/libxml2-2.8.0-o0-libxml2,xmlParseAttValueComplex,-1
[*] /s; sim-cal:6.771049
[*] Detection Result:V 1.0/0.06346153846153846 49/49,-1
[*] Detection for /binaries/target/libxml2/libxml2-2.8.0-rc2-o0-libxml2,xmlParseAttValueComplex,-1
[*] /s; sim-cal:6.747388
[*] Detection Result:V 1.0/0.06346153846153846 49/49,-1
[*] Detection for /binaries/target/libxml2/libxml2-2.9.1-o0-libxml2,xmlParseAttValueComplex,1
[*] /s; sim-cal:6.835618
[*] Detection Result:V 0.7485294117647059/0.06346153846153846 7/6,1
[*] Detection for /binaries/target/libxml2/libxml2-2.9.2-rc1-o0-libxml2,xmlParseAttValueComplex,1
[*] /s; sim-cal:6.854494
[*] Detection Result:V 0.7485294117647059/0.06346153846153846 9/8,1
[*] Detection for /binaries/target/libxml2/libxml2-2.9.2-rc2-o0-libxml2,xmlParseAttValueComplex,1
[*] /s; sim-cal:6.886982
[*] Detection Result:V 0.7485294117647059/0.06346153846153846 9/8,1
------------------------------------------
[*] Detecting CVE: CVE-2013-0338
[*] Detection for /binaries/target/libxml2/libxml2-2.9.0-o0-libxml2,xmlStringLenDecodeEntities__internal_alias,-1
[*] /s; sim-cal:0.416205
[*] Detection Result:V,-1
[*] Detection for /binaries/target/libxml2/libxml2-2.8.0-o0-libxml2,xmlStringLenDecodeEntities__internal_alias,-1
[*] /s; sim-cal:0.413013
[*] Detection Result:V 0.4224137931034483/0.38517241379310346 29/29,-1
[*] Detection for /binaries/target/libxml2/libxml2-2.8.0-rc2-o0-libxml2,xmlStringLenDecodeEntities__internal_alias,-1
[*] /s; sim-cal:0.416453
[*] Detection Result:V 0.4224137931034483/0.38517241379310346 29/29,-1
[*] Detection for /binaries/target/libxml2/libxml2-2.9.1-o0-libxml2,xmlStringLenDecodeEntities__internal_alias,1
[*] /s; sim-cal:0.450463
[*] Detection Result:P 0.5393865567216392/0.8688936781609196 4/2,1
[*] Detection for /binaries/target/libxml2/libxml2-2.9.2-rc1-o0-libxml2,xmlStringLenDecodeEntities__internal_alias,1
[*] /s; sim-cal:0.452033
[*] Detection Result:P 0.5393865567216392/0.8688936781609196 4/2,1
[*] Detection for /binaries/target/libxml2/libxml2-2.9.2-rc2-o0-libxml2,xmlStringLenDecodeEntities__internal_alias,1
[*] /s; sim-cal:0.423148
[*] Detection Result:P 0.5393865567216392/0.8688936781609196 4/2,1
[*] Detection for /binaries/target/libxml2/libxml2-2.9.0-o0-libxml2,xmlCtxtReset__internal_alias,-1
[*] /s; sim-cal:0.375742
[*] Detection Result:V,-1
[*] Detection for /binaries/target/libxml2/libxml2-2.8.0-o0-libxml2,xmlCtxtReset__internal_alias,-1
[*] /s; sim-cal:0.384325
[*] Detection Result:V,-1
[*] Detection for /binaries/target/libxml2/libxml2-2.8.0-rc2-o0-libxml2,xmlCtxtReset__internal_alias,-1
[*] /s; sim-cal:0.362687
[*] Detection Result:V,-1
[*] Detection for /binaries/target/libxml2/libxml2-2.9.1-o0-libxml2,xmlCtxtReset__internal_alias,1
[*] /s; sim-cal:0.39168
[*] Detection Result:P,1
[*] Detection for /binaries/target/libxml2/libxml2-2.9.2-rc1-o0-libxml2,xmlCtxtReset__internal_alias,1
[*] /s; sim-cal:0.391382
[*] Detection Result:P,1
[*] Detection for /binaries/target/libxml2/libxml2-2.9.2-rc2-o0-libxml2,xmlCtxtReset__internal_alias,1
[*] /s; sim-cal:0.364128
[*] Detection Result:P,1
[*] Detection for /binaries/target/libxml2/libxml2-2.9.0-o0-libxml2,xmlParserEntityCheck,-1
[*] /s; sim-cal:0.388367
[*] Detection Result:V,-1
[*] Detection for /binaries/target/libxml2/libxml2-2.8.0-o0-libxml2,xmlParserEntityCheck,-1
[*] /s; sim-cal:0.351196
[*] Detection Result:V,-1
[*] Detection for /binaries/target/libxml2/libxml2-2.8.0-rc2-o0-libxml2,xmlParserEntityCheck,-1
[*] /s; sim-cal:0.35181
[*] Detection Result:V,-1
[*] Detection for /binaries/target/libxml2/libxml2-2.9.1-o0-libxml2,xmlParserEntityCheck,1
[*] /s; sim-cal:0.389758
[*] Detection Result:P 0.2303921568627451/0.7970292106267716 9/1,1
[*] Detection for /binaries/target/libxml2/libxml2-2.9.2-rc1-o0-libxml2,xmlParserEntityCheck,1
[*] /s; sim-cal:0.391395
[*] Detection Result:P 0.2303921568627451/0.7970292106267716 9/1,1
[*] Detection for /binaries/target/libxml2/libxml2-2.9.2-rc2-o0-libxml2,xmlParserEntityCheck,1
[*] /s; sim-cal:0.403397
[*] Detection Result:P 0.2303921568627451/0.7970292106267716 9/1,1
[*] Detection for /binaries/target/libxml2/libxml2-2.9.0-o0-libxml2,xmlInitParserCtxt__internal_alias,-1
[*] /s; sim-cal:0.399887
[*] Detection Result:V,-1
[*] Detection for /binaries/target/libxml2/libxml2-2.8.0-o0-libxml2,xmlInitParserCtxt__internal_alias,-1
[*] /s; sim-cal:0.401023
[*] Detection Result:V 1.0/0.21756756756756757 1/2,-1
[*] Detection for /binaries/target/libxml2/libxml2-2.8.0-rc2-o0-libxml2,xmlInitParserCtxt__internal_alias,-1
[*] /s; sim-cal:0.396963
[*] Detection Result:V 1.0/0.21756756756756757 1/2,-1
[*] Detection for /binaries/target/libxml2/libxml2-2.9.1-o0-libxml2,xmlInitParserCtxt__internal_alias,1
[*] /s; sim-cal:0.383424
[*] Detection Result:P 0.2388010540184453/1.0 2/1,1
[*] Detection for /binaries/target/libxml2/libxml2-2.9.2-rc1-o0-libxml2,xmlInitParserCtxt__internal_alias,1
[*] /s; sim-cal:0.410163
[*] Detection Result:P 0.690686471296668/0.7709755118426336 11/11,1
[*] Detection for /binaries/target/libxml2/libxml2-2.9.2-rc2-o0-libxml2,xmlInitParserCtxt__internal_alias,1
[*] /s; sim-cal:0.404557
[*] Detection Result:P 0.690686471296668/0.7709755118426336 11/11,1
[*] Detection for /binaries/target/libxml2/libxml2-2.9.0-o0-libxml2,xmlParseReference__internal_alias,-1
[*] /s; sim-cal:0.453847
[*] Detection Result:V,-1
[*] Detection for /binaries/target/libxml2/libxml2-2.8.0-o0-libxml2,xmlParseReference__internal_alias,-1
[*] /s; sim-cal:0.459753
[*] Detection Result:V 0.7508221850613155/0.384711326782108 2/5,-1
[*] Detection for /binaries/target/libxml2/libxml2-2.8.0-rc2-o0-libxml2,xmlParseReference__internal_alias,-1
[*] /s; sim-cal:0.477049
[*] Detection Result:V 0.7508221850613155/0.384711326782108 2/5,-1
[*] Detection for /binaries/target/libxml2/libxml2-2.9.1-o0-libxml2,xmlParseReference__internal_alias,1
[*] /s; sim-cal:0.464446
[*] Detection Result:P 0.21454716780803737/0.7187181814065468 13/6,1
[*] Detection for /binaries/target/libxml2/libxml2-2.9.2-rc1-o0-libxml2,xmlParseReference__internal_alias,1
[*] /s; sim-cal:0.482128
[*] Detection Result:P 0.21454716780803737/0.7187181814065468 13/6,1
[*] Detection for /binaries/target/libxml2/libxml2-2.9.2-rc2-o0-libxml2,xmlParseReference__internal_alias,1
[*] /s; sim-cal:0.457831
[*] Detection Result:P 0.21454716780803737/0.7187181814065468 13/6,1
[*] Detection for /binaries/target/libxml2/libxml2-2.9.0-o0-libxml2,xmlCreateEntityParserCtxtInternal,-1
[*] /s; sim-cal:0.37414
[*] Detection Result:N VP no diff,-1
[*] Detection for /binaries/target/libxml2/libxml2-2.8.0-o0-libxml2,xmlCreateEntityParserCtxtInternal,-1
[*] /s; sim-cal:0.368728
[*] Detection Result:N VP no diff,-1
[*] Detection for /binaries/target/libxml2/libxml2-2.8.0-rc2-o0-libxml2,xmlCreateEntityParserCtxtInternal,-1
[*] /s; sim-cal:0.353847
[*] Detection Result:N VP no diff,-1
[*] Detection for /binaries/target/libxml2/libxml2-2.9.1-o0-libxml2,xmlCreateEntityParserCtxtInternal,1
[*] /s; sim-cal:0.39549
[*] Detection Result:N VP no diff,1
[*] Detection for /binaries/target/libxml2/libxml2-2.9.2-rc1-o0-libxml2,xmlCreateEntityParserCtxtInternal,1
[*] /s; sim-cal:0.370503
[*] Detection Result:N VP no diff,1
[*] Detection for /binaries/target/libxml2/libxml2-2.9.2-rc2-o0-libxml2,xmlCreateEntityParserCtxtInternal,1
[*] /s; sim-cal:0.355435
[*] Detection Result:N VP no diff,1
------------------------------------------
[*] Detecting CVE: CVE-2013-0339
[*] Detection for /binaries/target/libxml2/libxml2-2.9.0-rc2-o0-libxml2,xmlParseReference__internal_alias,-1
[*] /s; sim-cal:6.929672
[*] Detection Result:P 0.375/0.6449945887445886 7/3,-1
[*] Detection for /binaries/target/libxml2/libxml2-2.9.0-o0-libxml2,xmlParseReference__internal_alias,-1
[*] /s; sim-cal:0.023305
[*] Detection Result:P 0.375/0.6449945887445886 7/3,-1
[*] Detection for /binaries/target/libxml2/libxml2-2.8.0-o0-libxml2,xmlParseReference__internal_alias,-1
[*] /s; sim-cal:0.00849
[*] Detection Result:V,-1
[*] Detection for /binaries/target/libxml2/libxml2-2.9.2-rc1-o0-libxml2,xmlParseReference__internal_alias,1
[*] /s; sim-cal:0.022632
[*] Detection Result:P 0.5147058823529411/0.6196699134199134 19/16,1
[*] Detection for /binaries/target/libxml2/libxml2-2.9.2-rc2-o0-libxml2,xmlParseReference__internal_alias,1
[*] /s; sim-cal:0.019466
[*] Detection Result:P 0.5147058823529411/0.6196699134199134 19/16,1
[*] Detection for /binaries/target/libxml2/libxml2-2.9.2-o0-libxml2,xmlParseReference__internal_alias,1
[*] /s; sim-cal:6.944022
[*] Detection Result:P 0.5147058823529411/0.6196699134199134 20/17,1
------------------------------------------
[*] Detecting CVE: CVE-2013-1969
[*] Detection for /binaries/target/libxml2/libxml2-2.9.0-o0-libxml2,htmlParseChunk__internal_alias,-1
[*] /s; sim-cal:0.381933
[*] Detection Result:P 0.5296195870840902/0.5919841226193314 4/2,-1
[*] Detection for /binaries/target/libxml2/libxml2-2.9.1-o0-libxml2,htmlParseChunk__internal_alias,1
[*] /s; sim-cal:0.358144
[*] Detection Result:P 0.27582530121069676/0.7369619189038425 6/1,1
[*] Detection for /binaries/target/libxml2/libxml2-2.9.2-rc1-o0-libxml2,htmlParseChunk__internal_alias,1
[*] /s; sim-cal:0.366124
[*] Detection Result:P 0.27582530121069676/0.7369619189038425 6/1,1
[*] Detection for /binaries/target/libxml2/libxml2-2.9.2-rc2-o0-libxml2,htmlParseChunk__internal_alias,1
[*] /s; sim-cal:0.387425
[*] Detection Result:P 0.27582530121069676/0.7369619189038425 6/1,1
------------------------------------------
[*] Detecting CVE: CVE-2014-3660
[*] Detection for /binaries/target/libxml2/libxml2-2.9.1-o0-libxml2,xmlParseReference__internal_alias,-1
[*] /s; sim-cal:0.039912
[*] Detection Result:V 0.9166666666666667/0.24107142857142855 3/4,-1
[*] Detection for /binaries/target/libxml2/libxml2-2.9.0-o0-libxml2,xmlParseReference__internal_alias,-1
[*] /s; sim-cal:0.019576
[*] Detection Result:V 0.5238095238095237/0.328125 7/8,-1
[*] Detection for /binaries/target/libxml2/libxml2-2.9.0-rc2-o0-libxml2,xmlParseReference__internal_alias,-1
[*] /s; sim-cal:0.021186
[*] Detection Result:V 0.5238095238095237/0.328125 7/8,-1
[*] Detection for /binaries/target/libxml2/libxml2-2.9.2-o0-libxml2,xmlParseReference__internal_alias,1
[*] /s; sim-cal:0.013832
[*] Detection Result:V,1
[*] Detection for /binaries/target/libxml2/libxml2-2.9.2-rc2-o0-libxml2,xmlParseReference__internal_alias,1
[*] /s; sim-cal:0.011739
[*] Detection Result:V 0.9166666666666667/0.24107142857142855 3/4,1
[*] Detection for /binaries/target/libxml2/libxml2-2.9.2-rc1-o0-libxml2,xmlParseReference__internal_alias,1
[*] /s; sim-cal:0.013236
[*] Detection Result:V 0.9166666666666667/0.24107142857142855 3/4,1
------------------------------------------
[*] Detecting CVE: CVE-2015-5312
[*] Detection for /binaries/target/libxml2/libxml2-2.9.2-o0-libxml2,xmlStringLenDecodeEntities__internal_alias,-1
[*] /s; sim-cal:0.43918
[*] Detection Result:V,-1
[*] Detection for /binaries/target/libxml2/libxml2-2.9.1-o0-libxml2,xmlStringLenDecodeEntities__internal_alias,-1
[*] /s; sim-cal:0.013669
[*] Detection Result:V 0.9297573435504469/0.11462623337623337 2/2,-1
[*] Detection for /binaries/target/libxml2/libxml2-2.9.0-o0-libxml2,xmlStringLenDecodeEntities__internal_alias,-1
[*] /s; sim-cal:0.013168
[*] Detection Result:V 0.9297573435504469/0.11462623337623337 6/6,-1
[*] Detection for /binaries/target/libxml2/libxml2-2.9.3-o0-libxml2,xmlStringLenDecodeEntities__internal_alias,1
[*] /s; sim-cal:6.868007
[*] Detection Result:P,1
[*] Detection for /binaries/target/libxml2/libxml2-2.9.4-rc1-o0-libxml2,xmlStringLenDecodeEntities__internal_alias,1
[*] /s; sim-cal:6.80954
[*] Detection Result:P,1
[*] Detection for /binaries/target/libxml2/libxml2-2.9.4-rc2-o0-libxml2,xmlStringLenDecodeEntities__internal_alias,1
[*] /s; sim-cal:6.889059
[*] Detection Result:P,1
------------------------------------------
[*] Detecting CVE: CVE-2015-7497
[*] Detection for /binaries/target/libxml2/libxml2-2.9.2-o0-libxml2,xmlDictComputeFastQKey,-1
[*] /s; sim-cal:0.3724
[*] Detection Result:V,-1
[*] Detection for /binaries/target/libxml2/libxml2-2.9.1-o0-libxml2,xmlDictComputeFastQKey,-1
[*] /s; sim-cal:0.388299
[*] Detection Result:V,-1
[*] Detection for /binaries/target/libxml2/libxml2-2.9.0-o0-libxml2,xmlDictComputeFastQKey,-1
[*] /s; sim-cal:0.383931
[*] Detection Result:V,-1
[*] Detection for /binaries/target/libxml2/libxml2-2.9.3-o0-libxml2,xmlDictComputeFastQKey,1
[*] /s; sim-cal:0.357319
[*] Detection Result:P,1
[*] Detection for /binaries/target/libxml2/libxml2-2.9.4-rc1-o0-libxml2,xmlDictComputeFastQKey,1
[*] /s; sim-cal:0.394487
[*] Detection Result:P,1
[*] Detection for /binaries/target/libxml2/libxml2-2.9.4-rc2-o0-libxml2,xmlDictComputeFastQKey,1
[*] /s; sim-cal:0.408311
[*] Detection Result:P,1
------------------------------------------
[*] Detecting CVE: CVE-2015-7498
[*] Detection for /binaries/target/libxml2/libxml2-2.9.2-o0-libxml2,xmlParseXMLDecl__internal_alias,-1
[*] /s; sim-cal:0.408632
[*] Detection Result:V,-1
[*] Detection for /binaries/target/libxml2/libxml2-2.9.1-o0-libxml2,xmlParseXMLDecl__internal_alias,-1
[*] /s; sim-cal:0.403489
[*] Detection Result:V,-1
[*] Detection for /binaries/target/libxml2/libxml2-2.9.0-o0-libxml2,xmlParseXMLDecl__internal_alias,-1
[*] /s; sim-cal:0.408908
[*] Detection Result:V,-1
[*] Detection for /binaries/target/libxml2/libxml2-2.9.3-o0-libxml2,xmlParseXMLDecl__internal_alias,1
[*] /s; sim-cal:0.382062
[*] Detection Result:P,1
[*] Detection for /binaries/target/libxml2/libxml2-2.9.4-rc1-o0-libxml2,xmlParseXMLDecl__internal_alias,1
[*] /s; sim-cal:0.411658
[*] Detection Result:P,1
[*] Detection for /binaries/target/libxml2/libxml2-2.9.4-rc2-o0-libxml2,xmlParseXMLDecl__internal_alias,1
[*] /s; sim-cal:0.407449
[*] Detection Result:P,1
[*] Detection for /binaries/target/libxml2/libxml2-2.9.2-o0-libxml2,xmlParseDocument__internal_alias,-1
[*] /s; sim-cal:0.430055
[*] Detection Result:V,-1
[*] Detection for /binaries/target/libxml2/libxml2-2.9.1-o0-libxml2,xmlParseDocument__internal_alias,-1
[*] /s; sim-cal:0.417713
[*] Detection Result:V 0.8797101449275363/0.4120310573524331 0/2,-1
[*] Detection for /binaries/target/libxml2/libxml2-2.9.0-o0-libxml2,xmlParseDocument__internal_alias,-1
[*] /s; sim-cal:0.416817
[*] Detection Result:V 1.0/0.4120310573524331 1/3,-1
[*] Detection for /binaries/target/libxml2/libxml2-2.9.3-o0-libxml2,xmlParseDocument__internal_alias,1
[*] /s; sim-cal:0.430913
[*] Detection Result:P,1
[*] Detection for /binaries/target/libxml2/libxml2-2.9.4-rc1-o0-libxml2,xmlParseDocument__internal_alias,1
[*] /s; sim-cal:0.443957
[*] Detection Result:P,1
[*] Detection for /binaries/target/libxml2/libxml2-2.9.4-rc2-o0-libxml2,xmlParseDocument__internal_alias,1
[*] /s; sim-cal:0.427002
[*] Detection Result:P,1
[*] Detection for /binaries/target/libxml2/libxml2-2.9.2-o0-libxml2,xmlSwitchEncoding__internal_alias,-1
[*] /s; sim-cal:0.389172
[*] Detection Result:V,-1
[*] Detection for /binaries/target/libxml2/libxml2-2.9.1-o0-libxml2,xmlSwitchEncoding__internal_alias,-1
[*] /s; sim-cal:0.364852
[*] Detection Result:V,-1
[*] Detection for /binaries/target/libxml2/libxml2-2.9.0-o0-libxml2,xmlSwitchEncoding__internal_alias,-1
[*] /s; sim-cal:0.362313
[*] Detection Result:V,-1
[*] Detection for /binaries/target/libxml2/libxml2-2.9.3-o0-libxml2,xmlSwitchEncoding__internal_alias,1
[*] /s; sim-cal:0.37021
[*] Detection Result:P,1
[*] Detection for /binaries/target/libxml2/libxml2-2.9.4-rc1-o0-libxml2,xmlSwitchEncoding__internal_alias,1
[*] /s; sim-cal:0.396768
[*] Detection Result:P,1
[*] Detection for /binaries/target/libxml2/libxml2-2.9.4-rc2-o0-libxml2,xmlSwitchEncoding__internal_alias,1
[*] /s; sim-cal:0.390434
[*] Detection Result:P,1
------------------------------------------
[*] Detecting CVE: CVE-2015-7499
[*] Detection for /binaries/target/libxml2/libxml2-2.9.2-o0-libxml2,xmlCreatePushParserCtxt__internal_alias,-1
[*] /s; sim-cal:0.36277
[*] Detection Result:N VP no diff,-1
[*] Detection for /binaries/target/libxml2/libxml2-2.9.1-o0-libxml2,xmlCreatePushParserCtxt__internal_alias,-1
[*] /s; sim-cal:0.399627
[*] Detection Result:N VP no diff,-1
[*] Detection for /binaries/target/libxml2/libxml2-2.9.0-o0-libxml2,xmlCreatePushParserCtxt__internal_alias,-1
[*] /s; sim-cal:0.37284
[*] Detection Result:N VP no diff,-1
[*] Detection for /binaries/target/libxml2/libxml2-2.9.3-o0-libxml2,xmlCreatePushParserCtxt__internal_alias,1
[*] /s; sim-cal:0.363844
[*] Detection Result:N VP no diff,1
[*] Detection for /binaries/target/libxml2/libxml2-2.9.4-rc1-o0-libxml2,xmlCreatePushParserCtxt__internal_alias,1
[*] /s; sim-cal:0.391646
[*] Detection Result:N VP no diff,1
[*] Detection for /binaries/target/libxml2/libxml2-2.9.4-rc2-o0-libxml2,xmlCreatePushParserCtxt__internal_alias,1
[*] /s; sim-cal:0.361748
[*] Detection Result:N VP no diff,1
------------------------------------------
[*] Detecting CVE: CVE-2015-7500
[*] Detection for /binaries/target/libxml2/libxml2-2.9.2-o0-libxml2,xmlParseStartTag2,-1
[*] /s; sim-cal:0.484381
[*] Detection Result:V,-1
[*] Detection for /binaries/target/libxml2/libxml2-2.9.1-o0-libxml2,xmlParseStartTag2,-1
[*] /s; sim-cal:0.513898
[*] Detection Result:V 0.7006540487855153/0.3772234599951655 1/4,-1
[*] Detection for /binaries/target/libxml2/libxml2-2.9.0-o0-libxml2,xmlParseStartTag2,-1
[*] /s; sim-cal:0.501387
[*] Detection Result:V 0.7006540487855153/0.3772234599951655 1/4,-1
[*] Detection for /binaries/target/libxml2/libxml2-2.9.3-o0-libxml2,xmlParseStartTag2,1
[*] /s; sim-cal:0.509009
[*] Detection Result:P,1
[*] Detection for /binaries/target/libxml2/libxml2-2.9.4-rc1-o0-libxml2,xmlParseStartTag2,1
[*] /s; sim-cal:0.508634
[*] Detection Result:P,1
[*] Detection for /binaries/target/libxml2/libxml2-2.9.4-rc2-o0-libxml2,xmlParseStartTag2,1
[*] /s; sim-cal:0.520257
[*] Detection Result:P,1
------------------------------------------
[*] Detecting CVE: CVE-2015-7941
[*] Detection for /binaries/target/libxml2/libxml2-2.9.2-o0-libxml2,xmlParseConditionalSections,-1
[*] /s; sim-cal:0.458518
[*] Detection Result:V,-1
[*] Detection for /binaries/target/libxml2/libxml2-2.9.3-o0-libxml2,xmlParseConditionalSections,1
[*] /s; sim-cal:0.472219
[*] Detection Result:P 0.5897261503753973/0.7698281753844719 8/5,1
[*] Detection for /binaries/target/libxml2/libxml2-2.9.4-rc1-o0-libxml2,xmlParseConditionalSections,1
[*] /s; sim-cal:0.466815
[*] Detection Result:P 0.5897261503753973/0.7698281753844719 8/5,1
[*] Detection for /binaries/target/libxml2/libxml2-2.9.4-rc2-o0-libxml2,xmlParseConditionalSections,1
[*] /s; sim-cal:0.476947
[*] Detection Result:P 0.5897261503753973/0.7698281753844719 8/5,1
------------------------------------------
[*] Detecting CVE: CVE-2015-8241
[*] Detection for /binaries/target/libxml2/libxml2-2.9.2-o0-libxml2,xmlParseMarkupDecl__internal_alias,-1
[*] /s; sim-cal:0.37598
[*] Detection Result:V,-1
[*] Detection for /binaries/target/libxml2/libxml2-2.9.1-o0-libxml2,xmlParseMarkupDecl__internal_alias,-1
[*] /s; sim-cal:0.354514
[*] Detection Result:V,-1
[*] Detection for /binaries/target/libxml2/libxml2-2.9.0-o0-libxml2,xmlParseMarkupDecl__internal_alias,-1
[*] /s; sim-cal:0.359836
[*] Detection Result:V,-1
[*] Detection for /binaries/target/libxml2/libxml2-2.9.3-o0-libxml2,xmlParseMarkupDecl__internal_alias,1
[*] /s; sim-cal:0.365911
[*] Detection Result:P,1
[*] Detection for /binaries/target/libxml2/libxml2-2.9.4-rc1-o0-libxml2,xmlParseMarkupDecl__internal_alias,1
[*] /s; sim-cal:0.36355
[*] Detection Result:P,1
[*] Detection for /binaries/target/libxml2/libxml2-2.9.4-rc2-o0-libxml2,xmlParseMarkupDecl__internal_alias,1
[*] /s; sim-cal:0.40101
[*] Detection Result:P,1
------------------------------------------
[*] Detecting CVE: CVE-2015-8242
[*] Detection for /binaries/target/libxml2/libxml2-2.9.2-o0-libxml2,htmlParseTryOrFinish,-1
[*] /s; sim-cal:0.791857
[*] Detection Result:V,-1
[*] Detection for /binaries/target/libxml2/libxml2-2.9.1-o0-libxml2,htmlParseTryOrFinish,-1
[*] /s; sim-cal:4.293346
[*] Detection Result:V 0.7201098164108529/0.43543118960280874 0/38,-1
[*] Detection for /binaries/target/libxml2/libxml2-2.9.0-o0-libxml2,htmlParseTryOrFinish,-1
[*] /s; sim-cal:4.323575
[*] Detection Result:V 0.7201098164108529/0.43537555818623064 5/43,-1
[*] Detection for /binaries/target/libxml2/libxml2-2.9.3-o0-libxml2,htmlParseTryOrFinish,1
[*] /s; sim-cal:0.508083
[*] Detection Result:P,1
[*] Detection for /binaries/target/libxml2/libxml2-2.9.4-rc1-o0-libxml2,htmlParseTryOrFinish,1
[*] /s; sim-cal:0.507914
[*] Detection Result:P,1
[*] Detection for /binaries/target/libxml2/libxml2-2.9.4-rc2-o0-libxml2,htmlParseTryOrFinish,1
[*] /s; sim-cal:0.553377
[*] Detection Result:P,1
------------------------------------------
[*] Detecting CVE: CVE-2015-8317
[*] Detection for /binaries/target/libxml2/libxml2-2.9.2-o0-libxml2,xmlParseEncodingDecl__internal_alias,-1
[*] /s; sim-cal:0.394091
[*] Detection Result:V 1.0/0.46739130434782605 2/3,-1
[*] Detection for /binaries/target/libxml2/libxml2-2.9.1-o0-libxml2,xmlParseEncodingDecl__internal_alias,-1
[*] /s; sim-cal:0.393472
[*] Detection Result:V 1.0/0.46739130434782605 3/4,-1
[*] Detection for /binaries/target/libxml2/libxml2-2.9.0-o0-libxml2,xmlParseEncodingDecl__internal_alias,-1
[*] /s; sim-cal:0.414901
[*] Detection Result:V 1.0/0.46739130434782605 3/4,-1
[*] Detection for /binaries/target/libxml2/libxml2-2.9.3-o0-libxml2,xmlParseEncodingDecl__internal_alias,1
[*] /s; sim-cal:0.392933
[*] Detection Result:P,1
[*] Detection for /binaries/target/libxml2/libxml2-2.9.4-rc1-o0-libxml2,xmlParseEncodingDecl__internal_alias,1
[*] /s; sim-cal:0.366
[*] Detection Result:P,1
[*] Detection for /binaries/target/libxml2/libxml2-2.9.4-rc2-o0-libxml2,xmlParseEncodingDecl__internal_alias,1
[*] /s; sim-cal:0.399839
[*] Detection Result:P,1
------------------------------------------
[*] Detecting CVE: CVE-2015-8710
[*] Detection for /binaries/target/libxml2/libxml2-2.9.2-o0-libxml2,htmlParseComment,-1
[*] /s; sim-cal:1.455776
[*] Detection Result:V 0.7202776647221092/0.22877892711407136 2/7,-1
[*] Detection for /binaries/target/libxml2/libxml2-2.9.2-rc2-o0-libxml2,htmlParseComment,-1
[*] /s; sim-cal:1.475379
[*] Detection Result:V 0.7202776647221092/0.22877892711407136 2/7,-1
[*] Detection for /binaries/target/libxml2/libxml2-2.9.2-rc1-o0-libxml2,htmlParseComment,-1
[*] /s; sim-cal:1.463056
[*] Detection Result:V 0.7202776647221092/0.22877892711407136 2/7,-1
[*] Detection for /binaries/target/libxml2/libxml2-2.9.3-o0-libxml2,htmlParseComment,1
[*] /s; sim-cal:0.421601
[*] Detection Result:P,1
[*] Detection for /binaries/target/libxml2/libxml2-2.9.4-rc1-o0-libxml2,htmlParseComment,1
[*] /s; sim-cal:0.420921
[*] Detection Result:P,1
[*] Detection for /binaries/target/libxml2/libxml2-2.9.4-rc2-o0-libxml2,htmlParseComment,1
[*] /s; sim-cal:0.413533
[*] Detection Result:P,1
------------------------------------------
[*] Detecting CVE: CVE-2016-1762
[*] Detection for /binaries/target/libxml2/libxml2-2.9.3-o0-libxml2,xmlParseInternalSubset,-1
[*] /s; sim-cal:0.382068
[*] Detection Result:V,-1
[*] Detection for /binaries/target/libxml2/libxml2-2.9.2-o0-libxml2,xmlParseInternalSubset,-1
[*] /s; sim-cal:0.402664
[*] Detection Result:V,-1
[*] Detection for /binaries/target/libxml2/libxml2-2.9.2-rc2-o0-libxml2,xmlParseInternalSubset,-1
[*] /s; sim-cal:0.35731
[*] Detection Result:V,-1
[*] Detection for /binaries/target/libxml2/libxml2-2.9.4-rc1-o0-libxml2,xmlParseInternalSubset,1
[*] /s; sim-cal:0.389974
[*] Detection Result:P,1
[*] Detection for /binaries/target/libxml2/libxml2-2.9.4-rc2-o0-libxml2,xmlParseInternalSubset,1
[*] /s; sim-cal:0.356286
[*] Detection Result:P,1
[*] Detection for /binaries/target/libxml2/libxml2-2.9.4-o0-libxml2,xmlParseInternalSubset,1
[*] /s; sim-cal:6.796648
[*] Detection Result:P,1
------------------------------------------
[*] Detecting CVE: CVE-2016-1833
[*] Detection for /binaries/target/libxml2/libxml2-2.9.3-o0-libxml2,xmlNextChar__internal_alias,-1
[*] /s; sim-cal:0.403162
[*] Detection Result:V,-1
[*] Detection for /binaries/target/libxml2/libxml2-2.9.2-o0-libxml2,xmlNextChar__internal_alias,-1
[*] /s; sim-cal:0.427439
[*] Detection Result:V 1.0/0.3084045584045584 1/1,-1
[*] Detection for /binaries/target/libxml2/libxml2-2.9.2-rc2-o0-libxml2,xmlNextChar__internal_alias,-1
[*] /s; sim-cal:0.411759
[*] Detection Result:V 1.0/0.3084045584045584 1/1,-1
[*] Detection for /binaries/target/libxml2/libxml2-2.9.4-o0-libxml2,xmlNextChar__internal_alias,1
[*] /s; sim-cal:0.395921
[*] Detection Result:P,1
[*] Detection for /binaries/target/libxml2/libxml2-2.9.4-rc2-o0-libxml2,xmlNextChar__internal_alias,1
[*] /s; sim-cal:0.374145
[*] Detection Result:V,1
[*] Detection for /binaries/target/libxml2/libxml2-2.9.4-rc1-o0-libxml2,xmlNextChar__internal_alias,1
[*] /s; sim-cal:0.400403
[*] Detection Result:V,1
------------------------------------------
[*] Detecting CVE: CVE-2016-1834
[*] Detection for /binaries/target/libxml2/libxml2-2.9.3-o0-libxml2,xmlStrncatNew__internal_alias,-1
[*] /s; sim-cal:0.382282
[*] Detection Result:V,-1
[*] Detection for /binaries/target/libxml2/libxml2-2.9.2-o0-libxml2,xmlStrncatNew__internal_alias,-1
[*] /s; sim-cal:0.357532
[*] Detection Result:V,-1
[*] Detection for /binaries/target/libxml2/libxml2-2.9.2-rc2-o0-libxml2,xmlStrncatNew__internal_alias,-1
[*] /s; sim-cal:0.351566
[*] Detection Result:V,-1
[*] Detection for /binaries/target/libxml2/libxml2-2.9.4-o0-libxml2,xmlStrncatNew__internal_alias,1
[*] /s; sim-cal:0.355847
[*] Detection Result:P,1
[*] Detection for /binaries/target/libxml2/libxml2-2.9.4-rc2-o0-libxml2,xmlStrncatNew__internal_alias,1
[*] /s; sim-cal:0.35357
[*] Detection Result:V,1
[*] Detection for /binaries/target/libxml2/libxml2-2.9.4-rc1-o0-libxml2,xmlStrncatNew__internal_alias,1
[*] /s; sim-cal:0.36949
[*] Detection Result:V,1
[*] Detection for /binaries/target/libxml2/libxml2-2.9.3-o0-libxml2,xmlStrncat__internal_alias,-1
[*] /s; sim-cal:0.386824
[*] Detection Result:V,-1
[*] Detection for /binaries/target/libxml2/libxml2-2.9.2-o0-libxml2,xmlStrncat__internal_alias,-1
[*] /s; sim-cal:0.363549
[*] Detection Result:V,-1
[*] Detection for /binaries/target/libxml2/libxml2-2.9.2-rc2-o0-libxml2,xmlStrncat__internal_alias,-1
[*] /s; sim-cal:0.373537
[*] Detection Result:V,-1
[*] Detection for /binaries/target/libxml2/libxml2-2.9.4-o0-libxml2,xmlStrncat__internal_alias,1
[*] /s; sim-cal:0.383332
[*] Detection Result:P,1
[*] Detection for /binaries/target/libxml2/libxml2-2.9.4-rc2-o0-libxml2,xmlStrncat__internal_alias,1
[*] /s; sim-cal:0.396485
[*] Detection Result:V,1
[*] Detection for /binaries/target/libxml2/libxml2-2.9.4-rc1-o0-libxml2,xmlStrncat__internal_alias,1
[*] /s; sim-cal:0.34865
[*] Detection Result:V,1
------------------------------------------
[*] Detecting CVE: CVE-2016-1836
[*] Detection for /binaries/target/libxml2/libxml2-2.9.3-o0-libxml2,spacePop,-1
[*] /s; sim-cal:0.355374
[*] Detection Result:N VP no diff,-1
[*] Detection for /binaries/target/libxml2/libxml2-2.9.2-o0-libxml2,spacePop,-1
[*] /s; sim-cal:0.349926
[*] Detection Result:N VP no diff,-1
[*] Detection for /binaries/target/libxml2/libxml2-2.9.2-rc2-o0-libxml2,spacePop,-1
[*] /s; sim-cal:0.352469
[*] Detection Result:N VP no diff,-1
[*] Detection for /binaries/target/libxml2/libxml2-2.9.4-o0-libxml2,spacePop,1
[*] /s; sim-cal:0.353854
[*] Detection Result:N VP no diff,1
[*] Detection for /binaries/target/libxml2/libxml2-2.9.4-rc2-o0-libxml2,spacePop,1
[*] /s; sim-cal:0.400025
[*] Detection Result:N VP no diff,1
[*] Detection for /binaries/target/libxml2/libxml2-2.9.4-rc1-o0-libxml2,spacePop,1
[*] /s; sim-cal:0.363945
[*] Detection Result:N VP no diff,1
[*] Detection for /binaries/target/libxml2/libxml2-2.9.3-o0-libxml2,xmlParseNCNameComplex,-1
[*] /s; sim-cal:0.405521
[*] Detection Result:V,-1
[*] Detection for /binaries/target/libxml2/libxml2-2.9.2-o0-libxml2,xmlParseNCNameComplex,-1
[*] /s; sim-cal:0.383867
[*] Detection Result:V 0.6994431488921204/0.3800906404985085 2/7,-1
[*] Detection for /binaries/target/libxml2/libxml2-2.9.2-rc2-o0-libxml2,xmlParseNCNameComplex,-1
[*] /s; sim-cal:0.407543
[*] Detection Result:V 0.6994431488921204/0.3800906404985085 2/7,-1
[*] Detection for /binaries/target/libxml2/libxml2-2.9.4-o0-libxml2,xmlParseNCNameComplex,1
[*] /s; sim-cal:0.382069
[*] Detection Result:P,1
[*] Detection for /binaries/target/libxml2/libxml2-2.9.4-rc2-o0-libxml2,xmlParseNCNameComplex,1
[*] /s; sim-cal:0.419099
[*] Detection Result:V,1
[*] Detection for /binaries/target/libxml2/libxml2-2.9.4-rc1-o0-libxml2,xmlParseNCNameComplex,1
[*] /s; sim-cal:0.398396
[*] Detection Result:V,1
------------------------------------------
[*] Detecting CVE: CVE-2016-1837
[*] Detection for /binaries/target/libxml2/libxml2-2.9.3-o0-libxml2,htmlNodeInfoPop,-1
[*] /s; sim-cal:0.354583
[*] Detection Result:N VP no diff,-1
[*] Detection for /binaries/target/libxml2/libxml2-2.9.2-o0-libxml2,htmlNodeInfoPop,-1
[*] /s; sim-cal:0.361593
[*] Detection Result:N VP no diff,-1
[*] Detection for /binaries/target/libxml2/libxml2-2.9.2-rc2-o0-libxml2,htmlNodeInfoPop,-1
[*] /s; sim-cal:0.37012
[*] Detection Result:N VP no diff,-1
[*] Detection for /binaries/target/libxml2/libxml2-2.9.4-o0-libxml2,htmlNodeInfoPop,1
[*] /s; sim-cal:0.355807
[*] Detection Result:N VP no diff,1
[*] Detection for /binaries/target/libxml2/libxml2-2.9.4-rc2-o0-libxml2,htmlNodeInfoPop,1
[*] /s; sim-cal:0.576487
[*] Detection Result:N VP no diff,1
[*] Detection for /binaries/target/libxml2/libxml2-2.9.4-rc1-o0-libxml2,htmlNodeInfoPop,1
[*] /s; sim-cal:0.502292
[*] Detection Result:N VP no diff,1
[*] Detection for /binaries/target/libxml2/libxml2-2.9.3-o0-libxml2,htmlParseAttValue,-1
[*] /s; sim-cal:0.424492
[*] Detection Result:N VP no diff,-1
[*] Detection for /binaries/target/libxml2/libxml2-2.9.2-o0-libxml2,htmlParseAttValue,-1
[*] /s; sim-cal:0.389276
[*] Detection Result:N VP no diff,-1
[*] Detection for /binaries/target/libxml2/libxml2-2.9.2-rc2-o0-libxml2,htmlParseAttValue,-1
[*] /s; sim-cal:0.436724
[*] Detection Result:N VP no diff,-1
[*] Detection for /binaries/target/libxml2/libxml2-2.9.4-o0-libxml2,htmlParseAttValue,1
[*] /s; sim-cal:0.598216
[*] Detection Result:N VP no diff,1
[*] Detection for /binaries/target/libxml2/libxml2-2.9.4-rc2-o0-libxml2,htmlParseAttValue,1
[*] /s; sim-cal:0.437333
[*] Detection Result:N VP no diff,1
[*] Detection for /binaries/target/libxml2/libxml2-2.9.4-rc1-o0-libxml2,htmlParseAttValue,1
[*] /s; sim-cal:0.480698
[*] Detection Result:N VP no diff,1
[*] Detection for /binaries/target/libxml2/libxml2-2.9.3-o0-libxml2,htmlParseSystemLiteral,-1
[*] /s; sim-cal:0.43822
[*] Detection Result:V,-1
[*] Detection for /binaries/target/libxml2/libxml2-2.9.2-o0-libxml2,htmlParseSystemLiteral,-1
[*] /s; sim-cal:0.493591
[*] Detection Result:V,-1
[*] Detection for /binaries/target/libxml2/libxml2-2.9.2-rc2-o0-libxml2,htmlParseSystemLiteral,-1
[*] /s; sim-cal:0.451919
[*] Detection Result:V,-1
[*] Detection for /binaries/target/libxml2/libxml2-2.9.4-o0-libxml2,htmlParseSystemLiteral,1
[*] /s; sim-cal:0.436104
[*] Detection Result:P,1
[*] Detection for /binaries/target/libxml2/libxml2-2.9.4-rc2-o0-libxml2,htmlParseSystemLiteral,1
[*] /s; sim-cal:0.47745
[*] Detection Result:V,1
[*] Detection for /binaries/target/libxml2/libxml2-2.9.4-rc1-o0-libxml2,htmlParseSystemLiteral,1
[*] /s; sim-cal:0.460496
[*] Detection Result:V,1
------------------------------------------
[*] Detecting CVE: CVE-2016-1838
[*] Detection for /binaries/target/libxml2/libxml2-2.9.4-o0-libxml2,xmlParseEndTag2,-1
[*] /s; sim-cal:0.407175
[*] Detection Result:P,-1
[*] Detection for /binaries/target/libxml2/libxml2-2.9.3-o0-libxml2,xmlParseEndTag2,-1
[*] /s; sim-cal:0.48887
[*] Detection Result:V,-1
[*] Detection for /binaries/target/libxml2/libxml2-2.9.2-o0-libxml2,xmlParseEndTag2,-1
[*] /s; sim-cal:0.424469
[*] Detection Result:V,-1
[*] Detection for /binaries/target/libxml2/libxml2-2.9.5-rc1-o0-libxml2,xmlParseEndTag2,1
[*] /s; sim-cal:6.770729
[*] Detection Result:P 0.38134715274183967/0.49833315498484043 5/2,1
[*] Detection for /binaries/target/libxml2/libxml2-2.9.5-rc2-o0-libxml2,xmlParseEndTag2,1
[*] /s; sim-cal:6.760265
[*] Detection Result:P 0.38134715274183967/0.49833315498484043 5/2,1
[*] Detection for /binaries/target/libxml2/libxml2-2.9.5-o0-libxml2,xmlParseEndTag2,1
[*] /s; sim-cal:6.767075
[*] Detection Result:P 0.38134715274183967/0.49833315498484043 5/2,1
------------------------------------------
[*] Detecting CVE: CVE-2016-1840
[*] Detection for /binaries/target/libxml2/libxml2-2.9.3-o0-libxml2,xmlFAParseCharRange,-1
[*] /s; sim-cal:0.384602
[*] Detection Result:V,-1
[*] Detection for /binaries/target/libxml2/libxml2-2.9.2-o0-libxml2,xmlFAParseCharRange,-1
[*] /s; sim-cal:0.367414
[*] Detection Result:V,-1
[*] Detection for /binaries/target/libxml2/libxml2-2.9.2-rc2-o0-libxml2,xmlFAParseCharRange,-1
[*] /s; sim-cal:0.372027
[*] Detection Result:V,-1
[*] Detection for /binaries/target/libxml2/libxml2-2.9.4-o0-libxml2,xmlFAParseCharRange,1
[*] /s; sim-cal:0.394926
[*] Detection Result:P,1
[*] Detection for /binaries/target/libxml2/libxml2-2.9.4-rc2-o0-libxml2,xmlFAParseCharRange,1
[*] /s; sim-cal:0.398261
[*] Detection Result:V,1
[*] Detection for /binaries/target/libxml2/libxml2-2.9.4-rc1-o0-libxml2,xmlFAParseCharRange,1
[*] /s; sim-cal:0.370635
[*] Detection Result:V,1
------------------------------------------
[*] Detecting CVE: CVE-2016-4449
[*] Detection for /binaries/target/libxml2/libxml2-2.9.3-o0-libxml2,xmlStringLenDecodeEntities__internal_alias,-1
[*] /s; sim-cal:0.005768
[*] Detection Result:V,-1
[*] Detection for /binaries/target/libxml2/libxml2-2.9.2-o0-libxml2,xmlStringLenDecodeEntities__internal_alias,-1
[*] /s; sim-cal:0.031432
[*] Detection Result:V 1.0/0.6835159915905258 1/2,-1
[*] Detection for /binaries/target/libxml2/libxml2-2.9.2-rc2-o0-libxml2,xmlStringLenDecodeEntities__internal_alias,-1
[*] /s; sim-cal:0.010245
[*] Detection Result:V 1.0/0.6835159915905258 2/3,-1
[*] Detection for /binaries/target/libxml2/libxml2-2.9.4-o0-libxml2,xmlStringLenDecodeEntities__internal_alias,1
[*] /s; sim-cal:0.431393
[*] Detection Result:P,1
[*] Detection for /binaries/target/libxml2/libxml2-2.9.4-rc2-o0-libxml2,xmlStringLenDecodeEntities__internal_alias,1
[*] /s; sim-cal:0.005802
[*] Detection Result:V,1
[*] Detection for /binaries/target/libxml2/libxml2-2.9.4-rc1-o0-libxml2,xmlStringLenDecodeEntities__internal_alias,1
[*] /s; sim-cal:0.005861
[*] Detection Result:V,1
------------------------------------------
[*] Detecting CVE: CVE-2016-4483
[*] Detection for /binaries/target/libxml2/libxml2-2.9.3-o0-libxml2,xmlBufAttrSerializeTxtContent,-1
[*] /s; sim-cal:0.413802
[*] Detection Result:V 1.0/0.6794785679426637 1/1,-1
[*] Detection for /binaries/target/libxml2/libxml2-2.9.2-o0-libxml2,xmlBufAttrSerializeTxtContent,-1
[*] /s; sim-cal:0.381426
[*] Detection Result:V,-1
[*] Detection for /binaries/target/libxml2/libxml2-2.9.2-rc2-o0-libxml2,xmlBufAttrSerializeTxtContent,-1
[*] /s; sim-cal:0.405469
[*] Detection Result:V 1.0/0.6794785679426637 1/1,-1
[*] Detection for /binaries/target/libxml2/libxml2-2.9.4-o0-libxml2,xmlBufAttrSerializeTxtContent,1
[*] /s; sim-cal:0.408221
[*] Detection Result:P 0.6317785310139034/1.0 5/1,1
[*] Detection for /binaries/target/libxml2/libxml2-2.9.4-rc2-o0-libxml2,xmlBufAttrSerializeTxtContent,1
[*] /s; sim-cal:0.395092
[*] Detection Result:V 1.0/0.6794785679426637 1/1,1
[*] Detection for /binaries/target/libxml2/libxml2-2.9.4-rc1-o0-libxml2,xmlBufAttrSerializeTxtContent,1
[*] /s; sim-cal:0.402419
[*] Detection Result:V 1.0/0.6794785679426637 1/1,1
------------------------------------------
[*] Detecting CVE: CVE-2016-4658
[*] Detection for /binaries/target/libxml2/libxml2-2.9.4-o0-libxml2,xmlXPtrNewCollapsedRange__internal_alias,-1
[*] /s; sim-cal:0.344898
[*] Detection Result:V,-1
[*] Detection for /binaries/target/libxml2/libxml2-2.9.4-rc2-o0-libxml2,xmlXPtrNewCollapsedRange__internal_alias,-1
[*] /s; sim-cal:0.354847
[*] Detection Result:V,-1
[*] Detection for /binaries/target/libxml2/libxml2-2.9.4-rc1-o0-libxml2,xmlXPtrNewCollapsedRange__internal_alias,-1
[*] /s; sim-cal:0.381168
[*] Detection Result:V,-1
[*] Detection for /binaries/target/libxml2/libxml2-2.9.5-rc1-o0-libxml2,xmlXPtrNewCollapsedRange__internal_alias,1
[*] /s; sim-cal:0.3453
[*] Detection Result:P,1
[*] Detection for /binaries/target/libxml2/libxml2-2.9.5-rc2-o0-libxml2,xmlXPtrNewCollapsedRange__internal_alias,1
[*] /s; sim-cal:0.347309
[*] Detection Result:P,1
[*] Detection for /binaries/target/libxml2/libxml2-2.9.5-o0-libxml2,xmlXPtrNewCollapsedRange__internal_alias,1
[*] /s; sim-cal:0.355286
[*] Detection Result:P,1
[*] Detection for /binaries/target/libxml2/libxml2-2.9.4-o0-libxml2,xmlXPtrNewRangeNodeObject__internal_alias,-1
[*] /s; sim-cal:0.3586
[*] Detection Result:V,-1
[*] Detection for /binaries/target/libxml2/libxml2-2.9.4-rc2-o0-libxml2,xmlXPtrNewRangeNodeObject__internal_alias,-1
[*] /s; sim-cal:0.393093
[*] Detection Result:V,-1
[*] Detection for /binaries/target/libxml2/libxml2-2.9.4-rc1-o0-libxml2,xmlXPtrNewRangeNodeObject__internal_alias,-1
[*] /s; sim-cal:0.383695
[*] Detection Result:V,-1
[*] Detection for /binaries/target/libxml2/libxml2-2.9.5-rc1-o0-libxml2,xmlXPtrNewRangeNodeObject__internal_alias,1
[*] /s; sim-cal:0.388864
[*] Detection Result:P 0.15347591315456363/0.9297924297924298 10/1,1
[*] Detection for /binaries/target/libxml2/libxml2-2.9.5-rc2-o0-libxml2,xmlXPtrNewRangeNodeObject__internal_alias,1
[*] /s; sim-cal:0.391145
[*] Detection Result:P 0.15347591315456363/0.9297924297924298 10/1,1
[*] Detection for /binaries/target/libxml2/libxml2-2.9.5-o0-libxml2,xmlXPtrNewRangeNodeObject__internal_alias,1
[*] /s; sim-cal:0.375207
[*] Detection Result:P 0.15347591315456363/0.9297924297924298 10/1,1
[*] Detection for /binaries/target/libxml2/libxml2-2.9.4-o0-libxml2,xmlXPtrNewRangeNodes__internal_alias,-1
[*] /s; sim-cal:0.361133
[*] Detection Result:V,-1
[*] Detection for /binaries/target/libxml2/libxml2-2.9.4-rc2-o0-libxml2,xmlXPtrNewRangeNodes__internal_alias,-1
[*] /s; sim-cal:0.359572
[*] Detection Result:V,-1
[*] Detection for /binaries/target/libxml2/libxml2-2.9.4-rc1-o0-libxml2,xmlXPtrNewRangeNodes__internal_alias,-1
[*] /s; sim-cal:0.356622
[*] Detection Result:V,-1
[*] Detection for /binaries/target/libxml2/libxml2-2.9.5-rc1-o0-libxml2,xmlXPtrNewRangeNodes__internal_alias,1
[*] /s; sim-cal:0.391196
[*] Detection Result:P,1
[*] Detection for /binaries/target/libxml2/libxml2-2.9.5-rc2-o0-libxml2,xmlXPtrNewRangeNodes__internal_alias,1
[*] /s; sim-cal:0.36769
[*] Detection Result:P,1
[*] Detection for /binaries/target/libxml2/libxml2-2.9.5-o0-libxml2,xmlXPtrNewRangeNodes__internal_alias,1
[*] /s; sim-cal:0.374155
[*] Detection Result:P,1
[*] Detection for /binaries/target/libxml2/libxml2-2.9.4-o0-libxml2,xmlXPtrNewRangePoints,-1
[*] Detection Result:None,-1
[*] Detection for /binaries/target/libxml2/libxml2-2.9.4-rc2-o0-libxml2,xmlXPtrNewRangePoints,-1
[*] Detection Result:None,-1
[*] Detection for /binaries/target/libxml2/libxml2-2.9.4-rc1-o0-libxml2,xmlXPtrNewRangePoints,-1
[*] Detection Result:None,-1
[*] Detection for /binaries/target/libxml2/libxml2-2.9.5-rc1-o0-libxml2,xmlXPtrNewRangePoints,1
[*] Detection Result:None,1
[*] Detection for /binaries/target/libxml2/libxml2-2.9.5-rc2-o0-libxml2,xmlXPtrNewRangePoints,1
[*] Detection Result:None,1
[*] Detection for /binaries/target/libxml2/libxml2-2.9.5-o0-libxml2,xmlXPtrNewRangePoints,1
[*] Detection Result:None,1
[*] Detection for /binaries/target/libxml2/libxml2-2.9.4-o0-libxml2,xmlXPtrRangesEqual,-1
[*] /s; sim-cal:0.34972
[*] Detection Result:N VP no diff,-1
[*] Detection for /binaries/target/libxml2/libxml2-2.9.4-rc2-o0-libxml2,xmlXPtrRangesEqual,-1
[*] /s; sim-cal:0.365404
[*] Detection Result:N VP no diff,-1
[*] Detection for /binaries/target/libxml2/libxml2-2.9.4-rc1-o0-libxml2,xmlXPtrRangesEqual,-1
[*] /s; sim-cal:0.360616
[*] Detection Result:N VP no diff,-1
[*] Detection for /binaries/target/libxml2/libxml2-2.9.5-rc1-o0-libxml2,xmlXPtrRangesEqual,1
[*] /s; sim-cal:0.365559
[*] Detection Result:N VP no diff,1
[*] Detection for /binaries/target/libxml2/libxml2-2.9.5-rc2-o0-libxml2,xmlXPtrRangesEqual,1
[*] /s; sim-cal:0.367294
[*] Detection Result:N VP no diff,1
[*] Detection for /binaries/target/libxml2/libxml2-2.9.5-o0-libxml2,xmlXPtrRangesEqual,1
[*] /s; sim-cal:0.617171
[*] Detection Result:N VP no diff,1
[*] Detection for /binaries/target/libxml2/libxml2-2.9.4-o0-libxml2,xmlXPtrNewRangePointNode__internal_alias,-1
[*] /s; sim-cal:0.454669
[*] Detection Result:V,-1
[*] Detection for /binaries/target/libxml2/libxml2-2.9.4-rc2-o0-libxml2,xmlXPtrNewRangePointNode__internal_alias,-1
[*] /s; sim-cal:0.467135
[*] Detection Result:V,-1
[*] Detection for /binaries/target/libxml2/libxml2-2.9.4-rc1-o0-libxml2,xmlXPtrNewRangePointNode__internal_alias,-1
[*] /s; sim-cal:0.451939
[*] Detection Result:V,-1
[*] Detection for /binaries/target/libxml2/libxml2-2.9.5-rc1-o0-libxml2,xmlXPtrNewRangePointNode__internal_alias,1
[*] /s; sim-cal:0.463756
[*] Detection Result:P,1
[*] Detection for /binaries/target/libxml2/libxml2-2.9.5-rc2-o0-libxml2,xmlXPtrNewRangePointNode__internal_alias,1
[*] /s; sim-cal:0.467584
[*] Detection Result:P,1
[*] Detection for /binaries/target/libxml2/libxml2-2.9.5-o0-libxml2,xmlXPtrNewRangePointNode__internal_alias,1
[*] /s; sim-cal:0.532977
[*] Detection Result:P,1
[*] Detection for /binaries/target/libxml2/libxml2-2.9.4-o0-libxml2,xmlXPtrNewRangeNodePoint__internal_alias,-1
[*] /s; sim-cal:0.481436
[*] Detection Result:V,-1
[*] Detection for /binaries/target/libxml2/libxml2-2.9.4-rc2-o0-libxml2,xmlXPtrNewRangeNodePoint__internal_alias,-1
[*] /s; sim-cal:0.49227
[*] Detection Result:V,-1
[*] Detection for /binaries/target/libxml2/libxml2-2.9.4-rc1-o0-libxml2,xmlXPtrNewRangeNodePoint__internal_alias,-1
[*] /s; sim-cal:0.48856
[*] Detection Result:V,-1
[*] Detection for /binaries/target/libxml2/libxml2-2.9.5-rc1-o0-libxml2,xmlXPtrNewRangeNodePoint__internal_alias,1
[*] /s; sim-cal:0.502894
[*] Detection Result:P,1
[*] Detection for /binaries/target/libxml2/libxml2-2.9.5-rc2-o0-libxml2,xmlXPtrNewRangeNodePoint__internal_alias,1
[*] /s; sim-cal:0.376473
[*] Detection Result:P,1
[*] Detection for /binaries/target/libxml2/libxml2-2.9.5-o0-libxml2,xmlXPtrNewRangeNodePoint__internal_alias,1
[*] /s; sim-cal:0.480818
[*] Detection Result:P,1
[*] Detection for /binaries/target/libxml2/libxml2-2.9.4-o0-libxml2,xmlXPtrNewRange__internal_alias,-1
[*] /s; sim-cal:0.425375
[*] Detection Result:V,-1
[*] Detection for /binaries/target/libxml2/libxml2-2.9.4-rc2-o0-libxml2,xmlXPtrNewRange__internal_alias,-1
[*] /s; sim-cal:0.491228
[*] Detection Result:V,-1
[*] Detection for /binaries/target/libxml2/libxml2-2.9.4-rc1-o0-libxml2,xmlXPtrNewRange__internal_alias,-1
[*] /s; sim-cal:0.467577
[*] Detection Result:V,-1
[*] Detection for /binaries/target/libxml2/libxml2-2.9.5-rc1-o0-libxml2,xmlXPtrNewRange__internal_alias,1
[*] /s; sim-cal:0.570511
[*] Detection Result:P,1
[*] Detection for /binaries/target/libxml2/libxml2-2.9.5-rc2-o0-libxml2,xmlXPtrNewRange__internal_alias,1
[*] /s; sim-cal:0.567574
[*] Detection Result:P,1
[*] Detection for /binaries/target/libxml2/libxml2-2.9.5-o0-libxml2,xmlXPtrNewRange__internal_alias,1
[*] /s; sim-cal:0.515563
[*] Detection Result:P,1
------------------------------------------
[*] Detecting CVE: CVE-2017-16931
[*] Detection for /binaries/target/libxml2/libxml2-2.9.4-o0-libxml2,xmlGROW,-1
[*] /s; sim-cal:0.434794
[*] Detection Result:N VP no diff,-1
[*] Detection for /binaries/target/libxml2/libxml2-2.9.3-o0-libxml2,xmlGROW,-1
[*] /s; sim-cal:0.585946
[*] Detection Result:N VP no diff,-1
[*] Detection for /binaries/target/libxml2/libxml2-2.9.2-o0-libxml2,xmlGROW,-1
[*] /s; sim-cal:0.507824
[*] Detection Result:N VP no diff,-1
[*] Detection for /binaries/target/libxml2/libxml2-2.9.5-rc1-o0-libxml2,xmlGROW,1
[*] /s; sim-cal:0.467918
[*] Detection Result:N VP no diff,1
[*] Detection for /binaries/target/libxml2/libxml2-2.9.5-rc2-o0-libxml2,xmlGROW,1
[*] /s; sim-cal:0.400042
[*] Detection Result:N VP no diff,1
[*] Detection for /binaries/target/libxml2/libxml2-2.9.5-o0-libxml2,xmlGROW,1
[*] /s; sim-cal:0.359532
[*] Detection Result:N VP no diff,1
[*] Detection for /binaries/target/libxml2/libxml2-2.9.4-o0-libxml2,xmlParseNameComplex,-1
[*] /s; sim-cal:0.459556
[*] Detection Result:V,-1
[*] Detection for /binaries/target/libxml2/libxml2-2.9.3-o0-libxml2,xmlParseNameComplex,-1
[*] /s; sim-cal:0.452951
[*] Detection Result:V,-1
[*] Detection for /binaries/target/libxml2/libxml2-2.9.2-o0-libxml2,xmlParseNameComplex,-1
[*] /s; sim-cal:0.456879
[*] Detection Result:V 0.981988726694609/0.24852183955458007 2/20,-1
[*] Detection for /binaries/target/libxml2/libxml2-2.9.5-rc1-o0-libxml2,xmlParseNameComplex,1
[*] /s; sim-cal:0.43979
[*] Detection Result:P,1
[*] Detection for /binaries/target/libxml2/libxml2-2.9.5-rc2-o0-libxml2,xmlParseNameComplex,1
[*] /s; sim-cal:0.432787
[*] Detection Result:P,1
[*] Detection for /binaries/target/libxml2/libxml2-2.9.5-o0-libxml2,xmlParseNameComplex,1
[*] /s; sim-cal:0.43959
[*] Detection Result:P,1
------------------------------------------
[*] Detecting CVE: CVE-2017-16932
[*] Detection for /binaries/target/libxml2/libxml2-2.9.4-o0-libxml2,xmlPushInput__internal_alias,-1
[*] /s; sim-cal:0.369426
[*] Detection Result:V,-1
[*] Detection for /binaries/target/libxml2/libxml2-2.9.3-o0-libxml2,xmlPushInput__internal_alias,-1
[*] /s; sim-cal:0.358971
[*] Detection Result:V,-1
[*] Detection for /binaries/target/libxml2/libxml2-2.9.2-o0-libxml2,xmlPushInput__internal_alias,-1
[*] /s; sim-cal:0.386466
[*] Detection Result:V,-1
[*] Detection for /binaries/target/libxml2/libxml2-2.9.5-rc1-o0-libxml2,xmlPushInput__internal_alias,1
[*] /s; sim-cal:0.381546
[*] Detection Result:P,1
[*] Detection for /binaries/target/libxml2/libxml2-2.9.5-rc2-o0-libxml2,xmlPushInput__internal_alias,1
[*] /s; sim-cal:0.350743
[*] Detection Result:P,1
[*] Detection for /binaries/target/libxml2/libxml2-2.9.5-o0-libxml2,xmlPushInput__internal_alias,1
[*] /s; sim-cal:0.358043
[*] Detection Result:P,1
[*] Detection for /binaries/target/libxml2/libxml2-2.9.4-o0-libxml2,xmlParsePEReference__internal_alias,-1
[*] /s; sim-cal:0.395089
[*] Detection Result:V 0.41216248638117625/0.22626853394536317 13/14,-1
[*] Detection for /binaries/target/libxml2/libxml2-2.9.3-o0-libxml2,xmlParsePEReference__internal_alias,-1
[*] /s; sim-cal:0.392064
[*] Detection Result:V 0.41216248638117625/0.22626853394536317 13/14,-1
[*] Detection for /binaries/target/libxml2/libxml2-2.9.2-o0-libxml2,xmlParsePEReference__internal_alias,-1
[*] /s; sim-cal:0.394091
[*] Detection Result:V 0.41216248638117625/0.22626853394536317 13/14,-1
[*] Detection for /binaries/target/libxml2/libxml2-2.9.5-rc1-o0-libxml2,xmlParsePEReference__internal_alias,1
[*] /s; sim-cal:0.40274
[*] Detection Result:P,1
[*] Detection for /binaries/target/libxml2/libxml2-2.9.5-rc2-o0-libxml2,xmlParsePEReference__internal_alias,1
[*] /s; sim-cal:0.411835
[*] Detection Result:P,1
[*] Detection for /binaries/target/libxml2/libxml2-2.9.5-o0-libxml2,xmlParsePEReference__internal_alias,1
[*] /s; sim-cal:0.40762
[*] Detection Result:P,1
------------------------------------------
[*] Detecting CVE: CVE-2017-5130
[*] Detection for /binaries/target/libxml2/libxml2-2.9.4-o0-libxml2,xmlReallocLoc__internal_alias,-1
[*] /s; sim-cal:0.355572
[*] Detection Result:V,-1
[*] Detection for /binaries/target/libxml2/libxml2-2.9.4-rc2-o0-libxml2,xmlReallocLoc__internal_alias,-1
[*] /s; sim-cal:0.356573
[*] Detection Result:V,-1
[*] Detection for /binaries/target/libxml2/libxml2-2.9.4-rc1-o0-libxml2,xmlReallocLoc__internal_alias,-1
[*] /s; sim-cal:0.353127
[*] Detection Result:V,-1
[*] Detection for /binaries/target/libxml2/libxml2-2.9.5-rc1-o0-libxml2,xmlReallocLoc__internal_alias,1
[*] /s; sim-cal:0.358712
[*] Detection Result:P 0.13025210084033612/0.991869918699187 3/1,1
[*] Detection for /binaries/target/libxml2/libxml2-2.9.5-rc2-o0-libxml2,xmlReallocLoc__internal_alias,1
[*] /s; sim-cal:0.360751
[*] Detection Result:P 0.13025210084033612/0.991869918699187 3/1,1
[*] Detection for /binaries/target/libxml2/libxml2-2.9.5-o0-libxml2,xmlReallocLoc__internal_alias,1
[*] /s; sim-cal:0.364271
[*] Detection Result:P 0.13025210084033612/0.991869918699187 3/1,1
[*] Detection for /binaries/target/libxml2/libxml2-2.9.4-o0-libxml2,xmlMallocLoc__internal_alias,-1
[*] /s; sim-cal:0.364324
[*] Detection Result:V,-1
[*] Detection for /binaries/target/libxml2/libxml2-2.9.4-rc2-o0-libxml2,xmlMallocLoc__internal_alias,-1
[*] /s; sim-cal:0.396185
[*] Detection Result:V,-1
[*] Detection for /binaries/target/libxml2/libxml2-2.9.4-rc1-o0-libxml2,xmlMallocLoc__internal_alias,-1
[*] /s; sim-cal:0.353692
[*] Detection Result:V,-1
[*] Detection for /binaries/target/libxml2/libxml2-2.9.5-rc1-o0-libxml2,xmlMallocLoc__internal_alias,1
[*] /s; sim-cal:0.349099
[*] Detection Result:P,1
[*] Detection for /binaries/target/libxml2/libxml2-2.9.5-rc2-o0-libxml2,xmlMallocLoc__internal_alias,1
[*] /s; sim-cal:0.392406
[*] Detection Result:P,1
[*] Detection for /binaries/target/libxml2/libxml2-2.9.5-o0-libxml2,xmlMallocLoc__internal_alias,1
[*] /s; sim-cal:0.35818
[*] Detection Result:P,1
[*] Detection for /binaries/target/libxml2/libxml2-2.9.4-o0-libxml2,xmlMemStrdupLoc__internal_alias,-1
[*] /s; sim-cal:0.368758
[*] Detection Result:V,-1
[*] Detection for /binaries/target/libxml2/libxml2-2.9.4-rc2-o0-libxml2,xmlMemStrdupLoc__internal_alias,-1
[*] /s; sim-cal:0.375955
[*] Detection Result:V,-1
[*] Detection for /binaries/target/libxml2/libxml2-2.9.4-rc1-o0-libxml2,xmlMemStrdupLoc__internal_alias,-1
[*] /s; sim-cal:0.347738
[*] Detection Result:V,-1
[*] Detection for /binaries/target/libxml2/libxml2-2.9.5-rc1-o0-libxml2,xmlMemStrdupLoc__internal_alias,1
[*] /s; sim-cal:0.354788
[*] Detection Result:P 0.5698053823053822/0.9862987987987988 2/1,1
[*] Detection for /binaries/target/libxml2/libxml2-2.9.5-rc2-o0-libxml2,xmlMemStrdupLoc__internal_alias,1
[*] /s; sim-cal:0.35573
[*] Detection Result:P 0.5698053823053822/0.9862987987987988 2/1,1
[*] Detection for /binaries/target/libxml2/libxml2-2.9.5-o0-libxml2,xmlMemStrdupLoc__internal_alias,1
[*] /s; sim-cal:0.656207
[*] Detection Result:P 0.5698053823053822/0.9862987987987988 2/1,1
------------------------------------------
[*] Detecting CVE: CVE-2017-7375
[*] Detection for /binaries/target/libxml2/libxml2-2.9.4-o0-libxml2,xmlParsePEReference__internal_alias,-1
[*] /s; sim-cal:0.002415
[*] Detection Result:V,-1
[*] Detection for /binaries/target/libxml2/libxml2-2.9.4-rc2-o0-libxml2,xmlParsePEReference__internal_alias,-1
[*] /s; sim-cal:0.480934
[*] Detection Result:V,-1
[*] Detection for /binaries/target/libxml2/libxml2-2.9.4-rc1-o0-libxml2,xmlParsePEReference__internal_alias,-1
[*] /s; sim-cal:0.530124
[*] Detection Result:V,-1
[*] Detection for /binaries/target/libxml2/libxml2-2.9.5-rc1-o0-libxml2,xmlParsePEReference__internal_alias,1
[*] /s; sim-cal:0.006058
[*] Detection Result:V 0.38860580978345793/0.0 34/27,1
[*] Detection for /binaries/target/libxml2/libxml2-2.9.5-rc2-o0-libxml2,xmlParsePEReference__internal_alias,1
[*] /s; sim-cal:0.006238
[*] Detection Result:V 0.38860580978345793/0.0 34/27,1
[*] Detection for /binaries/target/libxml2/libxml2-2.9.5-o0-libxml2,xmlParsePEReference__internal_alias,1
[*] /s; sim-cal:0.00538
[*] Detection Result:V 0.38860580978345793/0.0 34/27,1
------------------------------------------
[*] Detecting CVE: CVE-2018-14404
[*] Detection for /binaries/target/libxml2/libxml2-2.9.8-o0-libxml2,xmlXPathCompOpEval,-1
[*] /s; sim-cal:7.009785
[*] Detection Result:V 0.7714285714285715/0.4529744101030243 66/68,-1
[*] Detection for /binaries/target/libxml2/libxml2-2.9.7-o0-libxml2,xmlXPathCompOpEval,-1
[*] /s; sim-cal:6.96682
[*] Detection Result:V 0.7714285714285715/0.4529744101030243 66/68,-1
[*] Detection for /binaries/target/libxml2/libxml2-2.9.7-rc1-o0-libxml2,xmlXPathCompOpEval,-1
[*] /s; sim-cal:6.898185
[*] Detection Result:V 0.7714285714285715/0.4529744101030243 66/68,-1
[*] Detection for /binaries/target/libxml2/libxml2-2.9.9-rc1-o0-libxml2,xmlXPathCompOpEval,1
[*] /s; sim-cal:6.95861
[*] Detection Result:P,1
[*] Detection for /binaries/target/libxml2/libxml2-2.9.9-rc2-o0-libxml2,xmlXPathCompOpEval,1
[*] /s; sim-cal:6.846974
[*] Detection Result:P,1
[*] Detection for /binaries/target/libxml2/libxml2-2.9.9-o0-libxml2,xmlXPathCompOpEval,1
[*] /s; sim-cal:6.882288
[*] Detection Result:P,1
------------------------------------------
[*] Detecting CVE: CVE-2019-19956
[*] Detection for /binaries/target/libxml2/libxml2-2.9.9-o0-libxml2,xmlParseBalancedChunkMemoryRecover__internal_alias,-1
[*] /s; sim-cal:0.374461
[*] Detection Result:V,-1
[*] Detection for /binaries/target/libxml2/libxml2-2.9.9-rc2-o0-libxml2,xmlParseBalancedChunkMemoryRecover__internal_alias,-1
[*] /s; sim-cal:0.407564
[*] Detection Result:V,-1
[*] Detection for /binaries/target/libxml2/libxml2-2.9.9-rc1-o0-libxml2,xmlParseBalancedChunkMemoryRecover__internal_alias,-1
[*] /s; sim-cal:0.392797
[*] Detection Result:V,-1
[*] Detection for /binaries/target/libxml2/libxml2-2.9.10-rc1-o0-libxml2,xmlParseBalancedChunkMemoryRecover__internal_alias,1
[*] /s; sim-cal:6.638885
[*] Detection Result:P,1
[*] Detection for /binaries/target/libxml2/libxml2-2.9.10-o0-libxml2,xmlParseBalancedChunkMemoryRecover__internal_alias,1
[*] /s; sim-cal:6.676261
[*] Detection Result:P,1
[*] Detection for /binaries/target/libxml2/libxml2-2.9.11-o0-libxml2,xmlParseBalancedChunkMemoryRecover__internal_alias,1
[*] /s; sim-cal:6.688929
[*] Detection Result:V,1
------------------------------------------
[*] Detecting CVE: CVE-2020-7595
[*] Detection for /binaries/target/libxml2/libxml2-2.9.10-o0-libxml2,xmlStringLenDecodeEntities,-1
[*] Detection Result:None,-1
[*] Detection for /binaries/target/libxml2/libxml2-2.9.11-o0-libxml2,xmlStringLenDecodeEntities,1
[*] Detection Result:None,1
[*] Detection for /binaries/target/libxml2/libxml2-2.9.12-o0-libxml2,xmlStringLenDecodeEntities,1
[*] Detection Result:None,1
[*] Detection for /binaries/target/libxml2/libxml2-2.9.13-o0-libxml2,xmlStringLenDecodeEntities,1
[*] Detection Result:None,1
------------------------------------------
[*] Detecting CVE: CVE-2022-23308
[*] Detection for /binaries/target/libxml2/libxml2-2.9.12-o0-libxml2,xmlAddRef__internal_alias,-1
[*] /s; sim-cal:6.710058
[*] Detection Result:V,-1
[*] Detection for /binaries/target/libxml2/libxml2-2.9.11-o0-libxml2,xmlAddRef__internal_alias,-1
[*] /s; sim-cal:0.362812
[*] Detection Result:V,-1
[*] Detection for /binaries/target/libxml2/libxml2-2.9.10-o0-libxml2,xmlAddRef__internal_alias,-1
[*] /s; sim-cal:0.356246
[*] Detection Result:V,-1
[*] Detection for /binaries/target/libxml2/libxml2-2.9.13-o0-libxml2,xmlAddRef__internal_alias,1
[*] /s; sim-cal:0.414158
[*] Detection Result:P,1
[*] Detection for /binaries/target/libxml2/libxml2-2.9.14-o0-libxml2,xmlAddRef__internal_alias,1
[*] /s; sim-cal:0.410034
[*] Detection Result:P,1
[*] Detection for /binaries/target/libxml2/libxml2-2.10.0-o0-libxml2,xmlAddRef__internal_alias,1
target function: xmlAddRef__internal_alias not found
[*] Detection for /binaries/target/libxml2/libxml2-2.9.12-o0-libxml2,xmlValidateAttributeValue2,-1
[*] /s; sim-cal:0.363647
[*] Detection Result:N VP no diff,-1
[*] Detection for /binaries/target/libxml2/libxml2-2.9.11-o0-libxml2,xmlValidateAttributeValue2,-1
[*] /s; sim-cal:0.396518
[*] Detection Result:N VP no diff,-1
[*] Detection for /binaries/target/libxml2/libxml2-2.9.10-o0-libxml2,xmlValidateAttributeValue2,-1
[*] /s; sim-cal:0.393257
[*] Detection Result:N VP no diff,-1
[*] Detection for /binaries/target/libxml2/libxml2-2.9.13-o0-libxml2,xmlValidateAttributeValue2,1
[*] /s; sim-cal:0.002995
[*] Detection Result:N VP no diff,1
[*] Detection for /binaries/target/libxml2/libxml2-2.9.14-o0-libxml2,xmlValidateAttributeValue2,1
[*] /s; sim-cal:0.003015
[*] Detection Result:N VP no diff,1
[*] Detection for /binaries/target/libxml2/libxml2-2.10.0-o0-libxml2,xmlValidateAttributeValue2,1
[*] /s; sim-cal:0.002484
[*] Detection Result:N VP no diff,1
[*] Detection for /binaries/target/libxml2/libxml2-2.9.12-o0-libxml2,xmlRemoveID__internal_alias,-1
[*] /s; sim-cal:0.355153
[*] Detection Result:V,-1
[*] Detection for /binaries/target/libxml2/libxml2-2.9.11-o0-libxml2,xmlRemoveID__internal_alias,-1
[*] /s; sim-cal:0.391321
[*] Detection Result:V,-1
[*] Detection for /binaries/target/libxml2/libxml2-2.9.10-o0-libxml2,xmlRemoveID__internal_alias,-1
[*] /s; sim-cal:0.369395
[*] Detection Result:V,-1
[*] Detection for /binaries/target/libxml2/libxml2-2.9.13-o0-libxml2,xmlRemoveID__internal_alias,1
[*] /s; sim-cal:0.355387
[*] Detection Result:P,1
[*] Detection for /binaries/target/libxml2/libxml2-2.9.14-o0-libxml2,xmlRemoveID__internal_alias,1
[*] /s; sim-cal:0.354231
[*] Detection Result:P,1
[*] Detection for /binaries/target/libxml2/libxml2-2.10.0-o0-libxml2,xmlRemoveID__internal_alias,1
target function: xmlRemoveID__internal_alias not found
[*] Detection for /binaries/target/libxml2/libxml2-2.9.12-o0-libxml2,xmlAddID__internal_alias,-1
[*] /s; sim-cal:0.396483
[*] Detection Result:V,-1
[*] Detection for /binaries/target/libxml2/libxml2-2.9.11-o0-libxml2,xmlAddID__internal_alias,-1
[*] /s; sim-cal:0.375106
[*] Detection Result:V,-1
[*] Detection for /binaries/target/libxml2/libxml2-2.9.10-o0-libxml2,xmlAddID__internal_alias,-1
[*] /s; sim-cal:0.377115
[*] Detection Result:V,-1
[*] Detection for /binaries/target/libxml2/libxml2-2.9.13-o0-libxml2,xmlAddID__internal_alias,1
[*] /s; sim-cal:0.35632
[*] Detection Result:P,1
[*] Detection for /binaries/target/libxml2/libxml2-2.9.14-o0-libxml2,xmlAddID__internal_alias,1
[*] /s; sim-cal:0.384637
[*] Detection Result:P,1
[*] Detection for /binaries/target/libxml2/libxml2-2.10.0-o0-libxml2,xmlAddID__internal_alias,1
target function: xmlAddID__internal_alias not found
[*] Detection for /binaries/target/libxml2/libxml2-2.9.12-o0-libxml2,xmlValidCtxtNormalizeAttributeValue__internal_alias,-1
[*] /s; sim-cal:0.389545
[*] Detection Result:V,-1
[*] Detection for /binaries/target/libxml2/libxml2-2.9.11-o0-libxml2,xmlValidCtxtNormalizeAttributeValue__internal_alias,-1
[*] /s; sim-cal:0.365291
[*] Detection Result:V,-1
[*] Detection for /binaries/target/libxml2/libxml2-2.9.10-o0-libxml2,xmlValidCtxtNormalizeAttributeValue__internal_alias,-1
[*] /s; sim-cal:0.391684
[*] Detection Result:V,-1
[*] Detection for /binaries/target/libxml2/libxml2-2.9.13-o0-libxml2,xmlValidCtxtNormalizeAttributeValue__internal_alias,1
[*] /s; sim-cal:0.382351
[*] Detection Result:P,1
[*] Detection for /binaries/target/libxml2/libxml2-2.9.14-o0-libxml2,xmlValidCtxtNormalizeAttributeValue__internal_alias,1
[*] /s; sim-cal:0.380875
[*] Detection Result:P,1
[*] Detection for /binaries/target/libxml2/libxml2-2.10.0-o0-libxml2,xmlValidCtxtNormalizeAttributeValue__internal_alias,1
target function: xmlValidCtxtNormalizeAttributeValue__internal_alias not found
[*] Detection for /binaries/target/libxml2/libxml2-2.9.12-o0-libxml2,xmlDumpNotationTable__internal_alias,-1
[*] /s; sim-cal:0.346285
[*] Detection Result:N VP no diff,-1
[*] Detection for /binaries/target/libxml2/libxml2-2.9.11-o0-libxml2,xmlDumpNotationTable__internal_alias,-1
[*] /s; sim-cal:0.35407
[*] Detection Result:N VP no diff,-1
[*] Detection for /binaries/target/libxml2/libxml2-2.9.10-o0-libxml2,xmlDumpNotationTable__internal_alias,-1
[*] /s; sim-cal:0.360144
[*] Detection Result:N VP no diff,-1
[*] Detection for /binaries/target/libxml2/libxml2-2.9.13-o0-libxml2,xmlDumpNotationTable__internal_alias,1
[*] /s; sim-cal:0.344685
[*] Detection Result:N VP no diff,1
[*] Detection for /binaries/target/libxml2/libxml2-2.9.14-o0-libxml2,xmlDumpNotationTable__internal_alias,1
[*] /s; sim-cal:0.345442
[*] Detection Result:N VP no diff,1
[*] Detection for /binaries/target/libxml2/libxml2-2.10.0-o0-libxml2,xmlDumpNotationTable__internal_alias,1
target function: xmlDumpNotationTable__internal_alias not found
[*] Detection for /binaries/target/libxml2/libxml2-2.9.12-o0-libxml2,nodeVPop,-1
[*] /s; sim-cal:0.392756
[*] Detection Result:N VP no diff,-1
[*] Detection for /binaries/target/libxml2/libxml2-2.9.11-o0-libxml2,nodeVPop,-1
[*] /s; sim-cal:0.353915
[*] Detection Result:N VP no diff,-1
[*] Detection for /binaries/target/libxml2/libxml2-2.9.10-o0-libxml2,nodeVPop,-1
[*] /s; sim-cal:0.348468
[*] Detection Result:N VP no diff,-1
[*] Detection for /binaries/target/libxml2/libxml2-2.9.13-o0-libxml2,nodeVPop,1
[*] /s; sim-cal:0.001888
[*] Detection Result:N VP no diff,1
[*] Detection for /binaries/target/libxml2/libxml2-2.9.14-o0-libxml2,nodeVPop,1
[*] /s; sim-cal:0.000931
[*] Detection Result:N VP no diff,1
[*] Detection for /binaries/target/libxml2/libxml2-2.10.0-o0-libxml2,nodeVPop,1
[*] /s; sim-cal:0.000856
[*] Detection Result:N VP no diff,1
[*] Detection for /binaries/target/libxml2/libxml2-2.9.12-o0-libxml2,xmlValidNormalizeAttributeValue__internal_alias,-1
[*] /s; sim-cal:0.367138
[*] Detection Result:V,-1
[*] Detection for /binaries/target/libxml2/libxml2-2.9.11-o0-libxml2,xmlValidNormalizeAttributeValue__internal_alias,-1
[*] /s; sim-cal:0.393368
[*] Detection Result:V,-1
[*] Detection for /binaries/target/libxml2/libxml2-2.9.10-o0-libxml2,xmlValidNormalizeAttributeValue__internal_alias,-1
[*] /s; sim-cal:0.369088
[*] Detection Result:V,-1
[*] Detection for /binaries/target/libxml2/libxml2-2.9.13-o0-libxml2,xmlValidNormalizeAttributeValue__internal_alias,1
[*] /s; sim-cal:0.397343
[*] Detection Result:P,1
[*] Detection for /binaries/target/libxml2/libxml2-2.9.14-o0-libxml2,xmlValidNormalizeAttributeValue__internal_alias,1
[*] /s; sim-cal:0.378114
[*] Detection Result:P,1
[*] Detection for /binaries/target/libxml2/libxml2-2.10.0-o0-libxml2,xmlValidNormalizeAttributeValue__internal_alias,1
target function: xmlValidNormalizeAttributeValue__internal_alias not found
------------------------------------------
[*] Detecting CVE: CVE-2022-29824
[*] Detection for /binaries/target/libxml2/libxml2-2.9.13-o0-libxml2,xmlBufAdd,-1
[*] /s; sim-cal:0.007364
[*] Detection Result:V,-1
[*] Detection for /binaries/target/libxml2/libxml2-2.9.12-o0-libxml2,xmlBufAdd,-1
[*] /s; sim-cal:0.49767
[*] Detection Result:V,-1
[*] Detection for /binaries/target/libxml2/libxml2-2.9.11-o0-libxml2,xmlBufAdd,-1
[*] /s; sim-cal:0.441646
[*] Detection Result:V,-1
[*] Detection for /binaries/target/libxml2/libxml2-2.9.14-o0-libxml2,xmlBufAdd,1
[*] /s; sim-cal:0.004024
[*] Detection Result:P,1
[*] Detection for /binaries/target/libxml2/libxml2-2.10.0-o0-libxml2,xmlBufAdd,1
[*] /s; sim-cal:0.003736
[*] Detection Result:P 0.42573836309824103/0.9702380952380952 6/2,1
[*] Detection for /binaries/target/libxml2/libxml2-2.10.1-o0-libxml2,xmlBufAdd,1
[*] /s; sim-cal:0.004187
[*] Detection Result:P 0.42573836309824103/0.9702380952380952 6/2,1
[*] Detection for /binaries/target/libxml2/libxml2-2.9.13-o0-libxml2,xmlBufIsEmpty,-1
[*] /s; sim-cal:0.00087
[*] Detection Result:N VP no diff,-1
[*] Detection for /binaries/target/libxml2/libxml2-2.9.12-o0-libxml2,xmlBufIsEmpty,-1
[*] /s; sim-cal:0.367605
[*] Detection Result:N VP no diff,-1
[*] Detection for /binaries/target/libxml2/libxml2-2.9.11-o0-libxml2,xmlBufIsEmpty,-1
[*] /s; sim-cal:0.419616
[*] Detection Result:N VP no diff,-1
[*] Detection for /binaries/target/libxml2/libxml2-2.9.14-o0-libxml2,xmlBufIsEmpty,1
[*] /s; sim-cal:0.001168
[*] Detection Result:N VP no diff,1
[*] Detection for /binaries/target/libxml2/libxml2-2.10.0-o0-libxml2,xmlBufIsEmpty,1
[*] /s; sim-cal:0.000787
[*] Detection Result:N VP no diff,1
[*] Detection for /binaries/target/libxml2/libxml2-2.10.1-o0-libxml2,xmlBufIsEmpty,1
[*] /s; sim-cal:0.000875
[*] Detection Result:N VP no diff,1
[*] Detection for /binaries/target/libxml2/libxml2-2.9.13-o0-libxml2,xmlBufferCat,-1
[*] Detection Result:None,-1
[*] Detection for /binaries/target/libxml2/libxml2-2.9.12-o0-libxml2,xmlBufferCat,-1
[*] Detection Result:None,-1
[*] Detection for /binaries/target/libxml2/libxml2-2.9.11-o0-libxml2,xmlBufferCat,-1
[*] Detection Result:None,-1
[*] Detection for /binaries/target/libxml2/libxml2-2.9.14-o0-libxml2,xmlBufferCat,1
[*] Detection Result:None,1
[*] Detection for /binaries/target/libxml2/libxml2-2.10.0-o0-libxml2,xmlBufferCat,1
[*] Detection Result:None,1
[*] Detection for /binaries/target/libxml2/libxml2-2.10.1-o0-libxml2,xmlBufferCat,1
[*] Detection Result:None,1
[*] Detection for /binaries/target/libxml2/libxml2-2.9.13-o0-libxml2,xmlBufferCreateSize,-1
[*] Detection Result:None,-1
[*] Detection for /binaries/target/libxml2/libxml2-2.9.12-o0-libxml2,xmlBufferCreateSize,-1
[*] Detection Result:None,-1
[*] Detection for /binaries/target/libxml2/libxml2-2.9.11-o0-libxml2,xmlBufferCreateSize,-1
[*] Detection Result:None,-1
[*] Detection for /binaries/target/libxml2/libxml2-2.9.14-o0-libxml2,xmlBufferCreateSize,1
[*] Detection Result:None,1
[*] Detection for /binaries/target/libxml2/libxml2-2.10.0-o0-libxml2,xmlBufferCreateSize,1
[*] Detection Result:None,1
[*] Detection for /binaries/target/libxml2/libxml2-2.10.1-o0-libxml2,xmlBufferCreateSize,1
[*] Detection Result:None,1
[*] Detection for /binaries/target/libxml2/libxml2-2.9.13-o0-libxml2,xmlBufferCreateStatic,-1
[*] Detection Result:None,-1
[*] Detection for /binaries/target/libxml2/libxml2-2.9.12-o0-libxml2,xmlBufferCreateStatic,-1
[*] Detection Result:None,-1
[*] Detection for /binaries/target/libxml2/libxml2-2.9.11-o0-libxml2,xmlBufferCreateStatic,-1
[*] Detection Result:None,-1
[*] Detection for /binaries/target/libxml2/libxml2-2.9.14-o0-libxml2,xmlBufferCreateStatic,1
[*] Detection Result:None,1
[*] Detection for /binaries/target/libxml2/libxml2-2.10.0-o0-libxml2,xmlBufferCreateStatic,1
[*] Detection Result:None,1
[*] Detection for /binaries/target/libxml2/libxml2-2.10.1-o0-libxml2,xmlBufferCreateStatic,1
[*] Detection Result:None,1
[*] Detection for /binaries/target/libxml2/libxml2-2.9.13-o0-libxml2,xmlBufferResize,-1
[*] Detection Result:None,-1
[*] Detection for /binaries/target/libxml2/libxml2-2.9.12-o0-libxml2,xmlBufferResize,-1
[*] Detection Result:None,-1
[*] Detection for /binaries/target/libxml2/libxml2-2.9.11-o0-libxml2,xmlBufferResize,-1
[*] Detection Result:None,-1
[*] Detection for /binaries/target/libxml2/libxml2-2.9.14-o0-libxml2,xmlBufferResize,1
[*] Detection Result:None,1
[*] Detection for /binaries/target/libxml2/libxml2-2.10.0-o0-libxml2,xmlBufferResize,1
[*] Detection Result:None,1
[*] Detection for /binaries/target/libxml2/libxml2-2.10.1-o0-libxml2,xmlBufferResize,1
[*] Detection Result:None,1
[*] Detection for /binaries/target/libxml2/libxml2-2.9.13-o0-libxml2,xmlBufferAdd,-1
[*] Detection Result:None,-1
[*] Detection for /binaries/target/libxml2/libxml2-2.9.12-o0-libxml2,xmlBufferAdd,-1
[*] Detection Result:None,-1
[*] Detection for /binaries/target/libxml2/libxml2-2.9.11-o0-libxml2,xmlBufferAdd,-1
[*] Detection Result:None,-1
[*] Detection for /binaries/target/libxml2/libxml2-2.9.14-o0-libxml2,xmlBufferAdd,1
[*] Detection Result:None,1
[*] Detection for /binaries/target/libxml2/libxml2-2.10.0-o0-libxml2,xmlBufferAdd,1
[*] Detection Result:None,1
[*] Detection for /binaries/target/libxml2/libxml2-2.10.1-o0-libxml2,xmlBufferAdd,1
[*] Detection Result:None,1
[*] Detection for /binaries/target/libxml2/libxml2-2.9.13-o0-libxml2,xmlBufferShrink,-1
[*] Detection Result:None,-1
[*] Detection for /binaries/target/libxml2/libxml2-2.9.12-o0-libxml2,xmlBufferShrink,-1
[*] Detection Result:None,-1
[*] Detection for /binaries/target/libxml2/libxml2-2.9.11-o0-libxml2,xmlBufferShrink,-1
[*] Detection Result:None,-1
[*] Detection for /binaries/target/libxml2/libxml2-2.9.14-o0-libxml2,xmlBufferShrink,1
[*] Detection Result:None,1
[*] Detection for /binaries/target/libxml2/libxml2-2.10.0-o0-libxml2,xmlBufferShrink,1
[*] Detection Result:None,1
[*] Detection for /binaries/target/libxml2/libxml2-2.10.1-o0-libxml2,xmlBufferShrink,1
[*] Detection Result:None,1
[*] Detection for /binaries/target/libxml2/libxml2-2.9.13-o0-libxml2,xmlBufCreateSize,-1
[*] /s; sim-cal:0.000924
[*] Detection Result:V,-1
[*] Detection for /binaries/target/libxml2/libxml2-2.9.12-o0-libxml2,xmlBufCreateSize,-1
[*] /s; sim-cal:0.464273
[*] Detection Result:V,-1
[*] Detection for /binaries/target/libxml2/libxml2-2.9.11-o0-libxml2,xmlBufCreateSize,-1
[*] /s; sim-cal:0.436513
[*] Detection Result:V,-1
[*] Detection for /binaries/target/libxml2/libxml2-2.9.14-o0-libxml2,xmlBufCreateSize,1
[*] /s; sim-cal:0.006025
[*] Detection Result:P,1
[*] Detection for /binaries/target/libxml2/libxml2-2.10.0-o0-libxml2,xmlBufCreateSize,1
[*] /s; sim-cal:0.004574
[*] Detection Result:P 0.4616813186813187/0.8603407527972817 11/8,1
[*] Detection for /binaries/target/libxml2/libxml2-2.10.1-o0-libxml2,xmlBufCreateSize,1
[*] /s; sim-cal:0.005181
[*] Detection Result:P 0.4616813186813187/0.8603407527972817 11/8,1
[*] Detection for /binaries/target/libxml2/libxml2-2.9.13-o0-libxml2,xmlBufCat,-1
[*] /s; sim-cal:0.005081
[*] Detection Result:N VP no diff,-1
[*] Detection for /binaries/target/libxml2/libxml2-2.9.12-o0-libxml2,xmlBufCat,-1
[*] /s; sim-cal:0.431451
[*] Detection Result:N VP no diff,-1
[*] Detection for /binaries/target/libxml2/libxml2-2.9.11-o0-libxml2,xmlBufCat,-1
[*] /s; sim-cal:0.553402
[*] Detection Result:N VP no diff,-1
[*] Detection for /binaries/target/libxml2/libxml2-2.9.14-o0-libxml2,xmlBufCat,1
[*] /s; sim-cal:0.001852
[*] Detection Result:N VP no diff,1
[*] Detection for /binaries/target/libxml2/libxml2-2.10.0-o0-libxml2,xmlBufCat,1
[*] /s; sim-cal:0.001898
[*] Detection Result:N VP no diff,1
[*] Detection for /binaries/target/libxml2/libxml2-2.10.1-o0-libxml2,xmlBufCat,1
[*] /s; sim-cal:0.001423
[*] Detection Result:N VP no diff,1
[*] Detection for /binaries/target/libxml2/libxml2-2.9.13-o0-libxml2,xmlBufGrowInternal,-1
[*] /s; sim-cal:0.003709
[*] Detection Result:V,-1
[*] Detection for /binaries/target/libxml2/libxml2-2.9.12-o0-libxml2,xmlBufGrowInternal,-1
[*] /s; sim-cal:0.365406
[*] Detection Result:V,-1
[*] Detection for /binaries/target/libxml2/libxml2-2.9.11-o0-libxml2,xmlBufGrowInternal,-1
[*] /s; sim-cal:0.497339
[*] Detection Result:V,-1
[*] Detection for /binaries/target/libxml2/libxml2-2.9.14-o0-libxml2,xmlBufGrowInternal,1
[*] /s; sim-cal:0.004012
[*] Detection Result:P,1
[*] Detection for /binaries/target/libxml2/libxml2-2.10.0-o0-libxml2,xmlBufGrowInternal,1
[*] /s; sim-cal:0.008196
[*] Detection Result:P 0.2750067476383266/0.825083311470152 14/5,1
[*] Detection for /binaries/target/libxml2/libxml2-2.10.1-o0-libxml2,xmlBufGrowInternal,1
[*] /s; sim-cal:0.007745
[*] Detection Result:P 0.2750067476383266/0.825083311470152 14/5,1
[*] Detection for /binaries/target/libxml2/libxml2-2.9.13-o0-libxml2,xmlBufResize,-1
[*] /s; sim-cal:0.003805
[*] Detection Result:V,-1
[*] Detection for /binaries/target/libxml2/libxml2-2.9.12-o0-libxml2,xmlBufResize,-1
[*] /s; sim-cal:0.495197
[*] Detection Result:V,-1
[*] Detection for /binaries/target/libxml2/libxml2-2.9.11-o0-libxml2,xmlBufResize,-1
[*] /s; sim-cal:0.453007
[*] Detection Result:V,-1
[*] Detection for /binaries/target/libxml2/libxml2-2.9.14-o0-libxml2,xmlBufResize,1
[*] /s; sim-cal:0.008104
[*] Detection Result:P,1
[*] Detection for /binaries/target/libxml2/libxml2-2.10.0-o0-libxml2,xmlBufResize,1
[*] /s; sim-cal:0.281346
[*] Detection Result:P 0.3582095342738811/0.8557159471534603 26/1,1
[*] Detection for /binaries/target/libxml2/libxml2-2.10.1-o0-libxml2,xmlBufResize,1
[*] /s; sim-cal:0.280846
[*] Detection Result:P 0.3582095342738811/0.8557159471534603 26/1,1
------------------------------------------
[*] Detecting CVE: CVE-2022-40303
[*] Detection for /binaries/target/libxml2/libxml2-2.10.2-o0-libxml2,xmlParseElementEnd,-1
[*] /s; sim-cal:0.00199
[*] Detection Result:N VP no diff,-1
[*] Detection for /binaries/target/libxml2/libxml2-2.10.1-o0-libxml2,xmlParseElementEnd,-1
[*] /s; sim-cal:0.000847
[*] Detection Result:N VP no diff,-1
[*] Detection for /binaries/target/libxml2/libxml2-2.10.0-o0-libxml2,xmlParseElementEnd,-1
[*] /s; sim-cal:0.000949
[*] Detection Result:N VP no diff,-1
[*] Detection for /binaries/target/libxml2/libxml2-2.10.3-o0-libxml2,xmlParseElementEnd,1
[*] /s; sim-cal:0.000905
[*] Detection Result:N VP no diff,1
[*] Detection for /binaries/target/libxml2/libxml2-2.10.4-o0-libxml2,xmlParseElementEnd,1
[*] /s; sim-cal:0.000916
[*] Detection Result:N VP no diff,1
[*] Detection for /binaries/target/libxml2/libxml2-2.11.0-o0-libxml2,xmlParseElementEnd,1
[*] /s; sim-cal:0.001241
[*] Detection Result:N VP no diff,1
[*] Detection for /binaries/target/libxml2/libxml2-2.10.2-o0-libxml2,xmlParseCDSect,-1
[*] /s; sim-cal:0.006537
[*] Detection Result:V,-1
[*] Detection for /binaries/target/libxml2/libxml2-2.10.1-o0-libxml2,xmlParseCDSect,-1
[*] /s; sim-cal:0.006517
[*] Detection Result:V,-1
[*] Detection for /binaries/target/libxml2/libxml2-2.10.0-o0-libxml2,xmlParseCDSect,-1
[*] /s; sim-cal:0.008928
[*] Detection Result:V 0.9180819180819181/0.27990886492042927 3/8,-1
[*] Detection for /binaries/target/libxml2/libxml2-2.10.3-o0-libxml2,xmlParseCDSect,1
[*] /s; sim-cal:0.006388
[*] Detection Result:P,1
[*] Detection for /binaries/target/libxml2/libxml2-2.10.4-o0-libxml2,xmlParseCDSect,1
[*] /s; sim-cal:0.008691
[*] Detection Result:P 0.46586488640461654/0.8918759802695884 9/3,1
[*] Detection for /binaries/target/libxml2/libxml2-2.11.0-o0-libxml2,xmlParseCDSect,1
[*] /s; sim-cal:0.018025
[*] Detection Result:P 0.4698856698856699/0.6229829682499994 29/27,1
[*] Detection for /binaries/target/libxml2/libxml2-2.10.2-o0-libxml2,xmlParseStringName,-1
[*] /s; sim-cal:0.006663
[*] Detection Result:V,-1
[*] Detection for /binaries/target/libxml2/libxml2-2.10.1-o0-libxml2,xmlParseStringName,-1
[*] /s; sim-cal:0.003918
[*] Detection Result:V,-1
[*] Detection for /binaries/target/libxml2/libxml2-2.10.0-o0-libxml2,xmlParseStringName,-1
[*] /s; sim-cal:0.002665
[*] Detection Result:V,-1
[*] Detection for /binaries/target/libxml2/libxml2-2.10.3-o0-libxml2,xmlParseStringName,1
[*] /s; sim-cal:0.002461
[*] Detection Result:P,1
[*] Detection for /binaries/target/libxml2/libxml2-2.10.4-o0-libxml2,xmlParseStringName,1
[*] /s; sim-cal:0.002631
[*] Detection Result:P,1
[*] Detection for /binaries/target/libxml2/libxml2-2.11.0-o0-libxml2,xmlParseStringName,1
[*] /s; sim-cal:0.004864
[*] Detection Result:P 0.25740107385216837/0.8921052631578948 8/2,1
[*] Detection for /binaries/target/libxml2/libxml2-2.10.2-o0-libxml2,xmlParseEntityValue,-1
[*] /s; sim-cal:0.004829
[*] Detection Result:V,-1
[*] Detection for /binaries/target/libxml2/libxml2-2.10.1-o0-libxml2,xmlParseEntityValue,-1
[*] /s; sim-cal:0.004846
[*] Detection Result:V,-1
[*] Detection for /binaries/target/libxml2/libxml2-2.10.0-o0-libxml2,xmlParseEntityValue,-1
[*] /s; sim-cal:0.007142
[*] Detection Result:V 1.0/0.3709833167970779 1/2,-1
[*] Detection for /binaries/target/libxml2/libxml2-2.10.3-o0-libxml2,xmlParseEntityValue,1
[*] /s; sim-cal:0.004954
[*] Detection Result:P,1
[*] Detection for /binaries/target/libxml2/libxml2-2.10.4-o0-libxml2,xmlParseEntityValue,1
[*] /s; sim-cal:0.006749
[*] Detection Result:P 0.229020979020979/1.0 7/1,1
[*] Detection for /binaries/target/libxml2/libxml2-2.11.0-o0-libxml2,xmlParseEntityValue,1
[*] /s; sim-cal:0.007128
[*] Detection Result:P 0.229020979020979/0.9139813311688311 12/6,1
[*] Detection for /binaries/target/libxml2/libxml2-2.10.2-o0-libxml2,xmlParseNCNameComplex,-1
[*] /s; sim-cal:0.003464
[*] Detection Result:V,-1
[*] Detection for /binaries/target/libxml2/libxml2-2.10.1-o0-libxml2,xmlParseNCNameComplex,-1
[*] /s; sim-cal:0.002971
[*] Detection Result:V,-1
[*] Detection for /binaries/target/libxml2/libxml2-2.10.0-o0-libxml2,xmlParseNCNameComplex,-1
[*] /s; sim-cal:0.00295
[*] Detection Result:V,-1
[*] Detection for /binaries/target/libxml2/libxml2-2.10.3-o0-libxml2,xmlParseNCNameComplex,1
[*] /s; sim-cal:0.002789
[*] Detection Result:P,1
[*] Detection for /binaries/target/libxml2/libxml2-2.10.4-o0-libxml2,xmlParseNCNameComplex,1
[*] /s; sim-cal:0.002587
[*] Detection Result:P,1
[*] Detection for /binaries/target/libxml2/libxml2-2.11.0-o0-libxml2,xmlParseNCNameComplex,1
[*] /s; sim-cal:0.008699
[*] Detection Result:P 0.48591104132345936/0.6860570731242462 8/2,1
[*] Detection for /binaries/target/libxml2/libxml2-2.10.2-o0-libxml2,xmlParseNameComplex,-1
[*] /s; sim-cal:0.009103
[*] Detection Result:V,-1
[*] Detection for /binaries/target/libxml2/libxml2-2.10.1-o0-libxml2,xmlParseNameComplex,-1
[*] /s; sim-cal:0.020165
[*] Detection Result:V 0.9144608236076535/0.4506724032396986 2/7,-1
[*] Detection for /binaries/target/libxml2/libxml2-2.10.0-o0-libxml2,xmlParseNameComplex,-1
[*] /s; sim-cal:0.008181
[*] Detection Result:V,-1
[*] Detection for /binaries/target/libxml2/libxml2-2.10.3-o0-libxml2,xmlParseNameComplex,1
[*] /s; sim-cal:0.020357
[*] Detection Result:P 0.49477070036753634/0.834608864379085 13/2,1
[*] Detection for /binaries/target/libxml2/libxml2-2.10.4-o0-libxml2,xmlParseNameComplex,1
[*] /s; sim-cal:0.024218
[*] Detection Result:P 0.49477070036753634/0.834608864379085 13/2,1
[*] Detection for /binaries/target/libxml2/libxml2-2.11.0-o0-libxml2,xmlParseNameComplex,1
[*] /s; sim-cal:0.036685
[*] Detection Result:P 0.49220036648685755/0.7282462892894609 13/4,1
[*] Detection for /binaries/target/libxml2/libxml2-2.10.2-o0-libxml2,xmlParseSystemLiteral,-1
[*] /s; sim-cal:0.004749
[*] Detection Result:V,-1
[*] Detection for /binaries/target/libxml2/libxml2-2.10.1-o0-libxml2,xmlParseSystemLiteral,-1
[*] /s; sim-cal:0.004624
[*] Detection Result:V,-1
[*] Detection for /binaries/target/libxml2/libxml2-2.10.0-o0-libxml2,xmlParseSystemLiteral,-1
[*] /s; sim-cal:0.006458
[*] Detection Result:V 0.9428571428571428/0.39195974045843995 2/5,-1
[*] Detection for /binaries/target/libxml2/libxml2-2.10.3-o0-libxml2,xmlParseSystemLiteral,1
[*] /s; sim-cal:0.005129
[*] Detection Result:P,1
[*] Detection for /binaries/target/libxml2/libxml2-2.10.4-o0-libxml2,xmlParseSystemLiteral,1
[*] /s; sim-cal:0.008158
[*] Detection Result:P 0.537435685087859/0.8448798123900724 7/2,1
[*] Detection for /binaries/target/libxml2/libxml2-2.11.0-o0-libxml2,xmlParseSystemLiteral,1
[*] /s; sim-cal:0.005394
[*] Detection Result:P 0.31328937728937734/0.34388955172449526 10/6,1
[*] Detection for /binaries/target/libxml2/libxml2-2.10.2-o0-libxml2,xmlFatalErr,-1
[*] /s; sim-cal:0.003275
[*] Detection Result:V,-1
[*] Detection for /binaries/target/libxml2/libxml2-2.10.1-o0-libxml2,xmlFatalErr,-1
[*] /s; sim-cal:0.003111
[*] Detection Result:V,-1
[*] Detection for /binaries/target/libxml2/libxml2-2.10.0-o0-libxml2,xmlFatalErr,-1
[*] /s; sim-cal:0.0032
[*] Detection Result:V,-1
[*] Detection for /binaries/target/libxml2/libxml2-2.10.3-o0-libxml2,xmlFatalErr,1
[*] /s; sim-cal:0.002471
[*] Detection Result:P,1
[*] Detection for /binaries/target/libxml2/libxml2-2.10.4-o0-libxml2,xmlFatalErr,1
[*] /s; sim-cal:0.003823
[*] Detection Result:P,1
[*] Detection for /binaries/target/libxml2/libxml2-2.11.0-o0-libxml2,xmlFatalErr,1
[*] /s; sim-cal:0.013133
[*] Detection Result:C can't tell,1
[*] Detection for /binaries/target/libxml2/libxml2-2.10.2-o0-libxml2,xmlParseAttValueInternal,-1
[*] /s; sim-cal:0.006436
[*] Detection Result:V,-1
[*] Detection for /binaries/target/libxml2/libxml2-2.10.1-o0-libxml2,xmlParseAttValueInternal,-1
[*] /s; sim-cal:0.006241
[*] Detection Result:V,-1
[*] Detection for /binaries/target/libxml2/libxml2-2.10.0-o0-libxml2,xmlParseAttValueInternal,-1
[*] /s; sim-cal:0.006062
[*] Detection Result:V,-1
[*] Detection for /binaries/target/libxml2/libxml2-2.10.3-o0-libxml2,xmlParseAttValueInternal,1
[*] /s; sim-cal:0.006486
[*] Detection Result:P,1
[*] Detection for /binaries/target/libxml2/libxml2-2.10.4-o0-libxml2,xmlParseAttValueInternal,1
[*] /s; sim-cal:0.00602
[*] Detection Result:P,1
[*] Detection for /binaries/target/libxml2/libxml2-2.11.0-o0-libxml2,xmlParseAttValueInternal,1
[*] /s; sim-cal:0.027162
[*] Detection Result:P 0.3808481399417279/0.8891070648283192 18/8,1
[*] Detection for /binaries/target/libxml2/libxml2-2.10.2-o0-libxml2,xmlParseAttValueComplex,-1
[*] /s; sim-cal:0.009551
[*] Detection Result:V,-1
[*] Detection for /binaries/target/libxml2/libxml2-2.10.1-o0-libxml2,xmlParseAttValueComplex,-1
[*] /s; sim-cal:0.014184
[*] Detection Result:V,-1
[*] Detection for /binaries/target/libxml2/libxml2-2.10.0-o0-libxml2,xmlParseAttValueComplex,-1
[*] /s; sim-cal:0.013285
[*] Detection Result:V 0.757286823317336/0.34997557675642976 2/8,-1
[*] Detection for /binaries/target/libxml2/libxml2-2.10.3-o0-libxml2,xmlParseAttValueComplex,1
[*] /s; sim-cal:0.010147
[*] Detection Result:P,1
[*] Detection for /binaries/target/libxml2/libxml2-2.10.4-o0-libxml2,xmlParseAttValueComplex,1
[*] /s; sim-cal:0.016349
[*] Detection Result:P 0.5098458685355337/0.940817831215971 7/2,1
[*] Detection for /binaries/target/libxml2/libxml2-2.11.0-o0-libxml2,xmlParseAttValueComplex,1
[*] /s; sim-cal:0.014882
[*] Detection Result:P 0.49107511597819986/0.8572469528351881 18/13,1
[*] Detection for /binaries/target/libxml2/libxml2-2.10.2-o0-libxml2,xmlParseNCName,-1
[*] /s; sim-cal:0.002415
[*] Detection Result:V,-1
[*] Detection for /binaries/target/libxml2/libxml2-2.10.1-o0-libxml2,xmlParseNCName,-1
[*] /s; sim-cal:0.001944
[*] Detection Result:V,-1
[*] Detection for /binaries/target/libxml2/libxml2-2.10.0-o0-libxml2,xmlParseNCName,-1
[*] /s; sim-cal:0.001469
[*] Detection Result:V,-1
[*] Detection for /binaries/target/libxml2/libxml2-2.10.3-o0-libxml2,xmlParseNCName,1
[*] /s; sim-cal:0.001448
[*] Detection Result:P,1
[*] Detection for /binaries/target/libxml2/libxml2-2.10.4-o0-libxml2,xmlParseNCName,1
[*] /s; sim-cal:0.003392
[*] Detection Result:P,1
[*] Detection for /binaries/target/libxml2/libxml2-2.11.0-o0-libxml2,xmlParseNCName,1
[*] /s; sim-cal:0.003563
[*] Detection Result:P 0.19160825771721518/0.5614583973610343 7/1,1
[*] Detection for /binaries/target/libxml2/libxml2-2.10.2-o0-libxml2,xmlParseName,-1
[*] /s; sim-cal:0.001441
[*] Detection Result:V,-1
[*] Detection for /binaries/target/libxml2/libxml2-2.10.1-o0-libxml2,xmlParseName,-1
[*] /s; sim-cal:0.0015
[*] Detection Result:V,-1
[*] Detection for /binaries/target/libxml2/libxml2-2.10.0-o0-libxml2,xmlParseName,-1
[*] /s; sim-cal:0.001454
[*] Detection Result:V,-1
[*] Detection for /binaries/target/libxml2/libxml2-2.10.3-o0-libxml2,xmlParseName,1
[*] /s; sim-cal:0.00201
[*] Detection Result:P,1
[*] Detection for /binaries/target/libxml2/libxml2-2.10.4-o0-libxml2,xmlParseName,1
[*] /s; sim-cal:0.001406
[*] Detection Result:P,1
[*] Detection for /binaries/target/libxml2/libxml2-2.11.0-o0-libxml2,xmlParseName,1
[*] /s; sim-cal:0.003417
[*] Detection Result:P 0.34038835314345517/0.9292707048393035 11/4,1
[*] Detection for /binaries/target/libxml2/libxml2-2.10.2-o0-libxml2,xmlParsePI,-1
[*] /s; sim-cal:0.006023
[*] Detection Result:V,-1
[*] Detection for /binaries/target/libxml2/libxml2-2.10.1-o0-libxml2,xmlParsePI,-1
[*] /s; sim-cal:0.006117
[*] Detection Result:V,-1
[*] Detection for /binaries/target/libxml2/libxml2-2.10.0-o0-libxml2,xmlParsePI,-1
[*] /s; sim-cal:0.008704
[*] Detection Result:V 0.9884792626728112/0.4868587138702082 1/7,-1
[*] Detection for /binaries/target/libxml2/libxml2-2.10.3-o0-libxml2,xmlParsePI,1
[*] /s; sim-cal:0.005919
[*] Detection Result:P,1
[*] Detection for /binaries/target/libxml2/libxml2-2.10.4-o0-libxml2,xmlParsePI,1
[*] /s; sim-cal:0.008937
[*] Detection Result:P 0.5822310435898947/1.0 7/1,1
[*] Detection for /binaries/target/libxml2/libxml2-2.11.0-o0-libxml2,xmlParsePI,1
[*] /s; sim-cal:0.025756
[*] Detection Result:P 0.5093828891766142/0.7405683909909737 13/9,1
[*] Detection for /binaries/target/libxml2/libxml2-2.10.2-o0-libxml2,xmlParseNmtoken,-1
[*] /s; sim-cal:0.008032
[*] Detection Result:V,-1
[*] Detection for /binaries/target/libxml2/libxml2-2.10.1-o0-libxml2,xmlParseNmtoken,-1
[*] /s; sim-cal:0.006509
[*] Detection Result:V,-1
[*] Detection for /binaries/target/libxml2/libxml2-2.10.0-o0-libxml2,xmlParseNmtoken,-1
[*] /s; sim-cal:0.004218
[*] Detection Result:V,-1
[*] Detection for /binaries/target/libxml2/libxml2-2.10.3-o0-libxml2,xmlParseNmtoken,1
[*] /s; sim-cal:0.005211
[*] Detection Result:P,1
[*] Detection for /binaries/target/libxml2/libxml2-2.10.4-o0-libxml2,xmlParseNmtoken,1
[*] /s; sim-cal:0.004317
[*] Detection Result:P,1
[*] Detection for /binaries/target/libxml2/libxml2-2.11.0-o0-libxml2,xmlParseNmtoken,1
[*] /s; sim-cal:0.006969
[*] Detection Result:V 0.48113944915663004/0.43314749577907474 11/9,1
[*] Detection for /binaries/target/libxml2/libxml2-2.10.2-o0-libxml2,xmlParsePubidLiteral,-1
[*] /s; sim-cal:0.003619
[*] Detection Result:V,-1
[*] Detection for /binaries/target/libxml2/libxml2-2.10.1-o0-libxml2,xmlParsePubidLiteral,-1
[*] /s; sim-cal:0.00238
[*] Detection Result:V,-1
[*] Detection for /binaries/target/libxml2/libxml2-2.10.0-o0-libxml2,xmlParsePubidLiteral,-1
[*] /s; sim-cal:0.002954
[*] Detection Result:V,-1
[*] Detection for /binaries/target/libxml2/libxml2-2.10.3-o0-libxml2,xmlParsePubidLiteral,1
[*] /s; sim-cal:0.002709
[*] Detection Result:P,1
[*] Detection for /binaries/target/libxml2/libxml2-2.10.4-o0-libxml2,xmlParsePubidLiteral,1
[*] /s; sim-cal:0.003149
[*] Detection Result:P,1
[*] Detection for /binaries/target/libxml2/libxml2-2.11.0-o0-libxml2,xmlParsePubidLiteral,1
[*] /s; sim-cal:0.007577
[*] Detection Result:V 0.3681877811094453/0.2516892084688695 14/12,1
[*] Detection for /binaries/target/libxml2/libxml2-2.10.2-o0-libxml2,xmlParseComment,-1
[*] /s; sim-cal:0.005655
[*] Detection Result:V,-1
[*] Detection for /binaries/target/libxml2/libxml2-2.10.1-o0-libxml2,xmlParseComment,-1
[*] /s; sim-cal:0.005913
[*] Detection Result:V,-1
[*] Detection for /binaries/target/libxml2/libxml2-2.10.0-o0-libxml2,xmlParseComment,-1
[*] /s; sim-cal:0.005706
[*] Detection Result:V,-1
[*] Detection for /binaries/target/libxml2/libxml2-2.10.3-o0-libxml2,xmlParseComment,1
[*] /s; sim-cal:0.009187
[*] Detection Result:P,1
[*] Detection for /binaries/target/libxml2/libxml2-2.10.4-o0-libxml2,xmlParseComment,1
[*] /s; sim-cal:0.005515
[*] Detection Result:P,1
[*] Detection for /binaries/target/libxml2/libxml2-2.11.0-o0-libxml2,xmlParseComment,1
[*] /s; sim-cal:0.011295
[*] Detection Result:P 0.38958888659929475/0.8858919821110097 18/13,1
[*] Detection for /binaries/target/libxml2/libxml2-2.10.2-o0-libxml2,xmlParseCommentComplex,-1
[*] /s; sim-cal:0.006955
[*] Detection Result:V,-1
[*] Detection for /binaries/target/libxml2/libxml2-2.10.1-o0-libxml2,xmlParseCommentComplex,-1
[*] /s; sim-cal:0.006287
[*] Detection Result:V,-1
[*] Detection for /binaries/target/libxml2/libxml2-2.10.0-o0-libxml2,xmlParseCommentComplex,-1
[*] /s; sim-cal:0.008406
[*] Detection Result:V 0.7299094844549391/0.39981687672959226 4/7,-1
[*] Detection for /binaries/target/libxml2/libxml2-2.10.3-o0-libxml2,xmlParseCommentComplex,1
[*] /s; sim-cal:0.008395
[*] Detection Result:P,1
[*] Detection for /binaries/target/libxml2/libxml2-2.10.4-o0-libxml2,xmlParseCommentComplex,1
[*] /s; sim-cal:0.008897
[*] Detection Result:P 0.42076822496782973/0.8000267094017095 9/4,1
[*] Detection for /binaries/target/libxml2/libxml2-2.11.0-o0-libxml2,xmlParseCommentComplex,1
[*] /s; sim-cal:0.008067
[*] Detection Result:P 0.42490045637278845/0.5802876810689311 11/7,1
------------------------------------------
[*] Detecting CVE: CVE-2022-40304
[*] Detection for /binaries/target/libxml2/libxml2-2.10.2-o0-libxml2,xmlFreeEntity,-1
[*] /s; sim-cal:0.465489
[*] Detection Result:V,-1
[*] Detection for /binaries/target/libxml2/libxml2-2.10.1-o0-libxml2,xmlFreeEntity,-1
[*] /s; sim-cal:0.53888
[*] Detection Result:V,-1
[*] Detection for /binaries/target/libxml2/libxml2-2.10.0-o0-libxml2,xmlFreeEntity,-1
[*] /s; sim-cal:0.40253
[*] Detection Result:V,-1
[*] Detection for /binaries/target/libxml2/libxml2-2.10.3-o0-libxml2,xmlFreeEntity,1
[*] /s; sim-cal:0.569348
[*] Detection Result:P,1
[*] Detection for /binaries/target/libxml2/libxml2-2.10.4-o0-libxml2,xmlFreeEntity,1
[*] /s; sim-cal:0.659319
[*] Detection Result:P,1
[*] Detection for /binaries/target/libxml2/libxml2-2.11.0-o0-libxml2,xmlFreeEntity,1
[*] /s; sim-cal:0.591058
[*] Detection Result:P,1
[*] Detection for /binaries/target/libxml2/libxml2-2.10.2-o0-libxml2,xmlCreateEntity,-1
[*] /s; sim-cal:0.456749
[*] Detection Result:V,-1
[*] Detection for /binaries/target/libxml2/libxml2-2.10.1-o0-libxml2,xmlCreateEntity,-1
[*] /s; sim-cal:0.470031
[*] Detection Result:V,-1
[*] Detection for /binaries/target/libxml2/libxml2-2.10.0-o0-libxml2,xmlCreateEntity,-1
[*] /s; sim-cal:0.455897
[*] Detection Result:V,-1
[*] Detection for /binaries/target/libxml2/libxml2-2.10.3-o0-libxml2,xmlCreateEntity,1
[*] /s; sim-cal:0.452241
[*] Detection Result:P,1
[*] Detection for /binaries/target/libxml2/libxml2-2.10.4-o0-libxml2,xmlCreateEntity,1
[*] /s; sim-cal:0.432938
[*] Detection Result:P,1
[*] Detection for /binaries/target/libxml2/libxml2-2.11.0-o0-libxml2,xmlCreateEntity,1
[*] /s; sim-cal:0.459352
[*] Detection Result:P 0.11400661420893747/0.7142857142857143 4/2,1
------------------------------------------
[*] Detecting CVE: CVE-2023-28484
[*] Detection for /binaries/target/libxml2/libxml2-2.10.3-o0-libxml2,xmlSchemaFixupComplexType,-1
[*] /s; sim-cal:0.007633
[*] Detection Result:V 1.0/0.6447368421052632 1/1,-1
[*] Detection for /binaries/target/libxml2/libxml2-2.10.2-o0-libxml2,xmlSchemaFixupComplexType,-1
[*] /s; sim-cal:0.007042
[*] Detection Result:V 1.0/0.6447368421052632 1/1,-1
[*] Detection for /binaries/target/libxml2/libxml2-2.10.1-o0-libxml2,xmlSchemaFixupComplexType,-1
[*] /s; sim-cal:0.008062
[*] Detection Result:V 1.0/0.6447368421052632 1/1,-1
[*] Detection for /binaries/target/libxml2/libxml2-2.10.4-o0-libxml2,xmlSchemaFixupComplexType,1
[*] /s; sim-cal:0.009242
[*] Detection Result:V 0.7836257309941521/0.7760233918128655 2/1,1
[*] Detection for /binaries/target/libxml2/libxml2-2.11.0-o0-libxml2,xmlSchemaFixupComplexType,1
[*] /s; sim-cal:0.00674
[*] Detection Result:P,1
[*] Detection for /binaries/target/libxml2/libxml2-2.11.1-o0-libxml2,xmlSchemaFixupComplexType,1
[*] /s; sim-cal:0.006272
[*] Detection Result:P,1
