=========2025-06-13 21:26:41.304250============
Detect o0 Binaries.
------------------------------------------
[*] Detecting CVE: CVE-2014-8275
[*] Detection for /binaries/target/openssl/openssl-OpenSSL_1_0_0o-o0-openssl,ASN1_item_verify,-1
target function: ASN1_item_verify not found
[*] Detection for /binaries/target/openssl/openssl-OpenSSL_0_9_8zc-o0-openssl,ASN1_item_verify,-1
[*] /s; sim-cal:0.02799
[*] Detection Result:P 0.5150294414432153/0.5307791043863272 10/10,-1
[*] Detection for /binaries/target/openssl/openssl-OpenSSL_1_0_1j-o0-openssl,ASN1_item_verify,-1
[*] /s; sim-cal:0.018727
[*] Detection Result:V 0.9471620304092732/0.9072680773654174 11/11,-1
[*] Detection for /binaries/target/openssl/openssl-OpenSSL_0_9_8zd-o0-openssl,ASN1_item_verify,1
[*] /s; sim-cal:0.017344
[*] Detection Result:V 0.6026132036888905/0.5418030196802576 12/11,1
[*] Detection for /binaries/target/openssl/openssl-OpenSSL_1_0_1k-o0-openssl,ASN1_item_verify,1
[*] /s; sim-cal:0.036282
[*] Detection Result:P 0.9123794217136212/0.95009363019097 14/12,1
[*] Detection for /binaries/target/openssl/openssl-OpenSSL_1_0_0p-o0-openssl,ASN1_item_verify,1
[*] /s; sim-cal:0.011726
[*] Detection Result:V 0.6469881407566856/0.6083044125647237 14/12,1
[*] Detection for /binaries/target/openssl/openssl-OpenSSL_1_0_0o-o0-openssl,ASN1_verify,-1
target function: ASN1_verify not found
[*] Detection for /binaries/target/openssl/openssl-OpenSSL_0_9_8zc-o0-openssl,ASN1_verify,-1
[*] /s; sim-cal:0.007296
[*] Detection Result:P 0.6102272727272727/0.6528306299463132 8/8,-1
[*] Detection for /binaries/target/openssl/openssl-OpenSSL_1_0_1j-o0-openssl,ASN1_verify,-1
[*] /s; sim-cal:0.017652
[*] Detection Result:V 0.611634199134199/0.4930543705776625 4/6,-1
[*] Detection for /binaries/target/openssl/openssl-OpenSSL_0_9_8zd-o0-openssl,ASN1_verify,1
[*] /s; sim-cal:0.007391
[*] Detection Result:P 0.5380823986194996/0.7357778430905748 11/9,1
[*] Detection for /binaries/target/openssl/openssl-OpenSSL_1_0_1k-o0-openssl,ASN1_verify,1
[*] /s; sim-cal:0.008657
[*] Detection Result:P 0.5313089545927661/0.7547270415487469 9/4,1
[*] Detection for /binaries/target/openssl/openssl-OpenSSL_1_0_0p-o0-openssl,ASN1_verify,1
[*] /s; sim-cal:0.00517
[*] Detection Result:P 0.4894762434009447/0.7446217803360661 7/2,1
[*] Detection for /binaries/target/openssl/openssl-OpenSSL_1_0_0o-o0-openssl,ECDSA_verify,-1
target function: ECDSA_verify not found
[*] Detection for /binaries/target/openssl/openssl-OpenSSL_0_9_8zc-o0-openssl,ECDSA_verify,-1
[*] /s; sim-cal:0.001492
[*] Detection Result:V,-1
[*] Detection for /binaries/target/openssl/openssl-OpenSSL_1_0_1j-o0-openssl,ECDSA_verify,-1
[*] /s; sim-cal:0.003507
[*] Detection Result:V,-1
[*] Detection for /binaries/target/openssl/openssl-OpenSSL_0_9_8zd-o0-openssl,ECDSA_verify,1
[*] /s; sim-cal:0.001558
[*] Detection Result:P,1
[*] Detection for /binaries/target/openssl/openssl-OpenSSL_1_0_1k-o0-openssl,ECDSA_verify,1
[*] /s; sim-cal:0.004158
[*] Detection Result:P,1
[*] Detection for /binaries/target/openssl/openssl-OpenSSL_1_0_0p-o0-openssl,ECDSA_verify,1
[*] /s; sim-cal:0.003494
[*] Detection Result:P,1
[*] Detection for /binaries/target/openssl/openssl-OpenSSL_1_0_0o-o0-openssl,DSA_verify,-1
target function: DSA_verify not found
[*] Detection for /binaries/target/openssl/openssl-OpenSSL_0_9_8zc-o0-openssl,DSA_verify,-1
[*] /s; sim-cal:0.001327
[*] Detection Result:V,-1
[*] Detection for /binaries/target/openssl/openssl-OpenSSL_1_0_1j-o0-openssl,DSA_verify,-1
[*] /s; sim-cal:0.002093
[*] Detection Result:V,-1
[*] Detection for /binaries/target/openssl/openssl-OpenSSL_0_9_8zd-o0-openssl,DSA_verify,1
[*] /s; sim-cal:0.002589
[*] Detection Result:P,1
[*] Detection for /binaries/target/openssl/openssl-OpenSSL_1_0_1k-o0-openssl,DSA_verify,1
[*] /s; sim-cal:0.003393
[*] Detection Result:P,1
[*] Detection for /binaries/target/openssl/openssl-OpenSSL_1_0_0p-o0-openssl,DSA_verify,1
[*] /s; sim-cal:0.001296
[*] Detection Result:P,1
------------------------------------------
[*] Detecting CVE: CVE-2015-1792
[*] Detection for /binaries/target/openssl/openssl-OpenSSL_1_0_1f-o0-openssl,do_free_upto,-1
[*] /s; sim-cal:0.00089
[*] Detection Result:V,-1
[*] Detection for /binaries/target/openssl/openssl-OpenSSL_1_0_0l-o0-openssl,do_free_upto,-1
[*] /s; sim-cal:0.000753
[*] Detection Result:V,-1
[*] Detection for /binaries/target/openssl/openssl-OpenSSL_1_0_2-beta1-o0-openssl,do_free_upto,-1
target function: do_free_upto not found
[*] Detection for /binaries/target/openssl/openssl-OpenSSL-fips-2_0_9-o0-openssl,do_free_upto,1
target function: do_free_upto not found
[*] Detection for /binaries/target/openssl/openssl-OpenSSL_0_9_8zg-o0-openssl,do_free_upto,1
target function: do_free_upto not found
[*] Detection for /binaries/target/openssl/openssl-OpenSSL_1_0_2b-o0-openssl,do_free_upto,1
target function: do_free_upto not found
[*] Detection for /binaries/target/openssl/openssl-OpenSSL_1_0_1f-o0-openssl,CMS_verify,-1
[*] /s; sim-cal:0.053917
[*] Detection Result:V 0.8986831584207897/0.35390214757623767 4/5,-1
[*] Detection for /binaries/target/openssl/openssl-OpenSSL_1_0_0l-o0-openssl,CMS_verify,-1
[*] /s; sim-cal:0.038051
[*] Detection Result:V 0.8986831584207897/0.35390214757623767 4/5,-1
[*] Detection for /binaries/target/openssl/openssl-OpenSSL_1_0_2-beta1-o0-openssl,CMS_verify,-1
target function: CMS_verify not found
[*] Detection for /binaries/target/openssl/openssl-OpenSSL-fips-2_0_9-o0-openssl,CMS_verify,1
target function: CMS_verify not found
[*] Detection for /binaries/target/openssl/openssl-OpenSSL_0_9_8zg-o0-openssl,CMS_verify,1
target function: CMS_verify not found
[*] Detection for /binaries/target/openssl/openssl-OpenSSL_1_0_2b-o0-openssl,CMS_verify,1
target function: CMS_verify not found
------------------------------------------
[*] Detecting CVE: CVE-2015-0205
[*] Detection for /binaries/target/openssl/openssl-OpenSSL_1_0_1j-o0-openssl,ssl3_get_cert_verify,-1
target function: ssl3_get_cert_verify not found
[*] Detection for /binaries/target/openssl/openssl-OpenSSL_1_0_0o-o0-openssl,ssl3_get_cert_verify,-1
target function: ssl3_get_cert_verify not found
[*] Detection for /binaries/target/openssl/openssl-OpenSSL_1_0_0n-o0-openssl,ssl3_get_cert_verify,-1
target function: ssl3_get_cert_verify not found
[*] Detection for /binaries/target/openssl/openssl-OpenSSL_0_9_8zd-o0-openssl,ssl3_get_cert_verify,1
[*] /s; sim-cal:0.013742
[*] Detection Result:P 0.5079365079365079/0.6413255360623782 19/19,1
[*] Detection for /binaries/target/openssl/openssl-OpenSSL_1_0_1k-o0-openssl,ssl3_get_cert_verify,1
target function: ssl3_get_cert_verify not found
[*] Detection for /binaries/target/openssl/openssl-OpenSSL_1_0_0p-o0-openssl,ssl3_get_cert_verify,1
target function: ssl3_get_cert_verify not found
------------------------------------------
[*] Detecting CVE: CVE-2016-0705
[*] Detection for /binaries/target/openssl/openssl-OpenSSL_1_0_1r-o0-openssl,dsa_priv_decode,-1
[*] /s; sim-cal:0.01569
[*] Detection Result:V 0.9790598440967895/0.5290097494595056 1/10,-1
[*] Detection for /binaries/target/openssl/openssl-OpenSSL_1_0_2f-o0-openssl,dsa_priv_decode,-1
[*] /s; sim-cal:10.325421
[*] Detection Result:V 0.9790598440967895/0.5290097494595056 1/10,-1
[*] Detection for /binaries/target/openssl/openssl-OpenSSL_1_0_2e-o0-openssl,dsa_priv_decode,-1
[*] /s; sim-cal:10.341444
[*] Detection Result:V 0.9790598440967895/0.5290097494595056 1/10,-1
[*] Detection for /binaries/target/openssl/openssl-OpenSSL-fips-2_0_10-o0-openssl,dsa_priv_decode,1
target function: dsa_priv_decode not found
[*] Detection for /binaries/target/openssl/openssl-OpenSSL_1_1_0-pre3-o0-openssl,dsa_priv_decode,1
[*] /s; sim-cal:9.866385
[*] Detection Result:V 0.793177824936348/0.5681508573876725 11/14,1
[*] Detection for /binaries/target/openssl/openssl-OpenSSL-fips-2_0_11-o0-openssl,dsa_priv_decode,1
target function: dsa_priv_decode not found
------------------------------------------
[*] Detecting CVE: CVE-2016-0797
[*] Detection for /binaries/target/openssl/openssl-OpenSSL_1_0_1r-o0-openssl,BN_dec2bn,-1
[*] /s; sim-cal:0.004193
[*] Detection Result:V,-1
[*] Detection for /binaries/target/openssl/openssl-OpenSSL_1_0_2f-o0-openssl,BN_dec2bn,-1
[*] /s; sim-cal:0.55876
[*] Detection Result:V,-1
[*] Detection for /binaries/target/openssl/openssl-OpenSSL_1_0_2e-o0-openssl,BN_dec2bn,-1
[*] /s; sim-cal:0.537737
[*] Detection Result:V,-1
[*] Detection for /binaries/target/openssl/openssl-OpenSSL_1_0_1s-o0-openssl,BN_dec2bn,1
[*] /s; sim-cal:0.00423
[*] Detection Result:P,1
[*] Detection for /binaries/target/openssl/openssl-OpenSSL_1_0_2g-o0-openssl,BN_dec2bn,1
[*] /s; sim-cal:9.9608
[*] Detection Result:P,1
[*] Detection for /binaries/target/openssl/openssl-OpenSSL-fips-2_0_10-o0-openssl,BN_dec2bn,1
target function: BN_dec2bn not found
[*] Detection for /binaries/target/openssl/openssl-OpenSSL_1_0_1r-o0-openssl,BN_hex2bn,-1
[*] /s; sim-cal:0.005035
[*] Detection Result:V,-1
[*] Detection for /binaries/target/openssl/openssl-OpenSSL_1_0_2f-o0-openssl,BN_hex2bn,-1
[*] /s; sim-cal:0.532342
[*] Detection Result:V,-1
[*] Detection for /binaries/target/openssl/openssl-OpenSSL_1_0_2e-o0-openssl,BN_hex2bn,-1
[*] /s; sim-cal:0.562383
[*] Detection Result:V,-1
[*] Detection for /binaries/target/openssl/openssl-OpenSSL_1_0_1s-o0-openssl,BN_hex2bn,1
[*] /s; sim-cal:0.025549
[*] Detection Result:P,1
[*] Detection for /binaries/target/openssl/openssl-OpenSSL_1_0_2g-o0-openssl,BN_hex2bn,1
[*] /s; sim-cal:1.173698
[*] Detection Result:P,1
[*] Detection for /binaries/target/openssl/openssl-OpenSSL-fips-2_0_10-o0-openssl,BN_hex2bn,1
target function: BN_hex2bn not found
------------------------------------------
[*] Detecting CVE: CVE-2016-0798
[*] Detection for /binaries/target/openssl/openssl-OpenSSL_1_0_1r-o0-openssl,init_ssl_connection,-1
[*] /s; sim-cal:0.014758
[*] Detection Result:V 0.9914912280701754/0.6866697994987468 5/6,-1
[*] Detection for /binaries/target/openssl/openssl-OpenSSL_1_0_2f-o0-openssl,init_ssl_connection,-1
[*] /s; sim-cal:0.590926
[*] Detection Result:V,-1
[*] Detection for /binaries/target/openssl/openssl-OpenSSL_1_0_2e-o0-openssl,init_ssl_connection,-1
[*] /s; sim-cal:0.584339
[*] Detection Result:V,-1
[*] Detection for /binaries/target/openssl/openssl-OpenSSL_1_0_1s-o0-openssl,init_ssl_connection,1
[*] /s; sim-cal:0.006509
[*] Detection Result:P 0.6960170901391409/0.9914912280701754 6/5,1
[*] Detection for /binaries/target/openssl/openssl-OpenSSL_1_0_2g-o0-openssl,init_ssl_connection,1
[*] /s; sim-cal:0.588944
[*] Detection Result:P,1
[*] Detection for /binaries/target/openssl/openssl-OpenSSL-fips-2_0_10-o0-openssl,init_ssl_connection,1
target function: init_ssl_connection not found
[*] Detection for /binaries/target/openssl/openssl-OpenSSL_1_0_1r-o0-openssl,SRP_user_pwd_set_sv_BN,-1
[*] /s; sim-cal:0.000705
[*] Detection Result:N VP no diff,-1
[*] Detection for /binaries/target/openssl/openssl-OpenSSL_1_0_2f-o0-openssl,SRP_user_pwd_set_sv_BN,-1
[*] /s; sim-cal:1.452648
[*] Detection Result:N VP no diff,-1
[*] Detection for /binaries/target/openssl/openssl-OpenSSL_1_0_2e-o0-openssl,SRP_user_pwd_set_sv_BN,-1
[*] /s; sim-cal:1.053526
[*] Detection Result:N VP no diff,-1
[*] Detection for /binaries/target/openssl/openssl-OpenSSL_1_0_1s-o0-openssl,SRP_user_pwd_set_sv_BN,1
[*] /s; sim-cal:0.000683
[*] Detection Result:N VP no diff,1
[*] Detection for /binaries/target/openssl/openssl-OpenSSL_1_0_2g-o0-openssl,SRP_user_pwd_set_sv_BN,1
[*] /s; sim-cal:0.609819
[*] Detection Result:N VP no diff,1
[*] Detection for /binaries/target/openssl/openssl-OpenSSL-fips-2_0_10-o0-openssl,SRP_user_pwd_set_sv_BN,1
target function: SRP_user_pwd_set_sv_BN not found
[*] Detection for /binaries/target/openssl/openssl-OpenSSL_1_0_1r-o0-openssl,sv_body,-1
[*] /s; sim-cal:0.017775
[*] Detection Result:V 0.7136355878291362/0.40261144699000484 6/7,-1
[*] Detection for /binaries/target/openssl/openssl-OpenSSL_1_0_2f-o0-openssl,sv_body,-1
[*] /s; sim-cal:0.762939
[*] Detection Result:V,-1
[*] Detection for /binaries/target/openssl/openssl-OpenSSL_1_0_2e-o0-openssl,sv_body,-1
[*] /s; sim-cal:0.638624
[*] Detection Result:V 0.7358394188564966/0.2383948765234344 1/4,-1
[*] Detection for /binaries/target/openssl/openssl-OpenSSL_1_0_1s-o0-openssl,sv_body,1
[*] /s; sim-cal:0.013513
[*] Detection Result:P 0.4136803906965198/0.7112636713205973 8/5,1
[*] Detection for /binaries/target/openssl/openssl-OpenSSL_1_0_2g-o0-openssl,sv_body,1
[*] /s; sim-cal:0.663479
[*] Detection Result:P 0.24946382022994928/0.7334675023479577 7/2,1
[*] Detection for /binaries/target/openssl/openssl-OpenSSL-fips-2_0_10-o0-openssl,sv_body,1
target function: sv_body not found
[*] Detection for /binaries/target/openssl/openssl-OpenSSL_1_0_1r-o0-openssl,t_tob64,-1
[*] /s; sim-cal:0.004784
[*] Detection Result:N VP no diff,-1
[*] Detection for /binaries/target/openssl/openssl-OpenSSL_1_0_2f-o0-openssl,t_tob64,-1
[*] /s; sim-cal:0.591034
[*] Detection Result:N VP no diff,-1
[*] Detection for /binaries/target/openssl/openssl-OpenSSL_1_0_2e-o0-openssl,t_tob64,-1
[*] /s; sim-cal:0.631978
[*] Detection Result:N VP no diff,-1
[*] Detection for /binaries/target/openssl/openssl-OpenSSL_1_0_1s-o0-openssl,t_tob64,1
[*] /s; sim-cal:0.002954
[*] Detection Result:N VP no diff,1
[*] Detection for /binaries/target/openssl/openssl-OpenSSL_1_0_2g-o0-openssl,t_tob64,1
[*] /s; sim-cal:0.808351
[*] Detection Result:N VP no diff,1
[*] Detection for /binaries/target/openssl/openssl-OpenSSL-fips-2_0_10-o0-openssl,t_tob64,1
target function: t_tob64 not found
[*] Detection for /binaries/target/openssl/openssl-OpenSSL_1_0_1r-o0-openssl,rev_body,-1
target function: rev_body not found
[*] Detection for /binaries/target/openssl/openssl-OpenSSL_1_0_2f-o0-openssl,rev_body,-1
[*] /s; sim-cal:0.635902
[*] Detection Result:V,-1
[*] Detection for /binaries/target/openssl/openssl-OpenSSL_1_0_2e-o0-openssl,rev_body,-1
[*] /s; sim-cal:0.71506
[*] Detection Result:V,-1
[*] Detection for /binaries/target/openssl/openssl-OpenSSL_1_0_1s-o0-openssl,rev_body,1
target function: rev_body not found
[*] Detection for /binaries/target/openssl/openssl-OpenSSL_1_0_2g-o0-openssl,rev_body,1
[*] /s; sim-cal:0.668809
[*] Detection Result:P,1
[*] Detection for /binaries/target/openssl/openssl-OpenSSL-fips-2_0_10-o0-openssl,rev_body,1
target function: rev_body not found
[*] Detection for /binaries/target/openssl/openssl-OpenSSL_1_0_1r-o0-openssl,SRP_VBASE_init,-1
[*] /s; sim-cal:0.002457
[*] Detection Result:V,-1
[*] Detection for /binaries/target/openssl/openssl-OpenSSL_1_0_2f-o0-openssl,SRP_VBASE_init,-1
[*] /s; sim-cal:0.743812
[*] Detection Result:V,-1
[*] Detection for /binaries/target/openssl/openssl-OpenSSL_1_0_2e-o0-openssl,SRP_VBASE_init,-1
[*] /s; sim-cal:0.762903
[*] Detection Result:V,-1
[*] Detection for /binaries/target/openssl/openssl-OpenSSL_1_0_1s-o0-openssl,SRP_VBASE_init,1
[*] /s; sim-cal:0.00317
[*] Detection Result:P,1
[*] Detection for /binaries/target/openssl/openssl-OpenSSL_1_0_2g-o0-openssl,SRP_VBASE_init,1
[*] /s; sim-cal:0.619109
[*] Detection Result:P,1
[*] Detection for /binaries/target/openssl/openssl-OpenSSL-fips-2_0_10-o0-openssl,SRP_VBASE_init,1
target function: SRP_VBASE_init not found
[*] Detection for /binaries/target/openssl/openssl-OpenSSL_1_0_1r-o0-openssl,www_body,-1
[*] /s; sim-cal:0.012025
[*] Detection Result:V 0.9388068181818182/0.7403941197691197 4/5,-1
[*] Detection for /binaries/target/openssl/openssl-OpenSSL_1_0_2f-o0-openssl,www_body,-1
[*] /s; sim-cal:0.787595
[*] Detection Result:V,-1
[*] Detection for /binaries/target/openssl/openssl-OpenSSL_1_0_2e-o0-openssl,www_body,-1
[*] /s; sim-cal:0.668274
[*] Detection Result:V 0.9739583333333334/0.512717352092352 1/3,-1
[*] Detection for /binaries/target/openssl/openssl-OpenSSL_1_0_1s-o0-openssl,www_body,1
[*] /s; sim-cal:0.011174
[*] Detection Result:P 0.48022071771353375/0.9410389610389611 5/3,1
[*] Detection for /binaries/target/openssl/openssl-OpenSSL_1_0_2g-o0-openssl,www_body,1
[*] /s; sim-cal:0.636618
[*] Detection Result:P,1
[*] Detection for /binaries/target/openssl/openssl-OpenSSL-fips-2_0_10-o0-openssl,www_body,1
target function: www_body not found
[*] Detection for /binaries/target/openssl/openssl-OpenSSL_1_0_1r-o0-openssl,ssl_srp_server_param_cb,-1
[*] /s; sim-cal:0.00143
[*] Detection Result:V,-1
[*] Detection for /binaries/target/openssl/openssl-OpenSSL_1_0_2f-o0-openssl,ssl_srp_server_param_cb,-1
[*] /s; sim-cal:0.588675
[*] Detection Result:V,-1
[*] Detection for /binaries/target/openssl/openssl-OpenSSL_1_0_2e-o0-openssl,ssl_srp_server_param_cb,-1
[*] /s; sim-cal:0.595331
[*] Detection Result:V,-1
[*] Detection for /binaries/target/openssl/openssl-OpenSSL_1_0_1s-o0-openssl,ssl_srp_server_param_cb,1
[*] /s; sim-cal:0.002367
[*] Detection Result:P,1
[*] Detection for /binaries/target/openssl/openssl-OpenSSL_1_0_2g-o0-openssl,ssl_srp_server_param_cb,1
[*] /s; sim-cal:0.606537
[*] Detection Result:P,1
[*] Detection for /binaries/target/openssl/openssl-OpenSSL-fips-2_0_10-o0-openssl,ssl_srp_server_param_cb,1
target function: ssl_srp_server_param_cb not found
------------------------------------------
[*] Detecting CVE: CVE-2016-0799
[*] Detection for /binaries/target/openssl/openssl-OpenSSL_1_0_1r-o0-openssl,fmtint,-1
[*] /s; sim-cal:0.010999
[*] Detection Result:C can't tell,-1
[*] Detection for /binaries/target/openssl/openssl-OpenSSL_1_0_2f-o0-openssl,fmtint,-1
[*] /s; sim-cal:0.578282
[*] Detection Result:V,-1
[*] Detection for /binaries/target/openssl/openssl-OpenSSL_1_0_2e-o0-openssl,fmtint,-1
[*] /s; sim-cal:0.578825
[*] Detection Result:V,-1
[*] Detection for /binaries/target/openssl/openssl-OpenSSL_1_0_1s-o0-openssl,fmtint,1
[*] /s; sim-cal:0.008583
[*] Detection Result:C can't tell,1
[*] Detection for /binaries/target/openssl/openssl-OpenSSL_1_0_2g-o0-openssl,fmtint,1
[*] /s; sim-cal:0.644561
[*] Detection Result:P,1
[*] Detection for /binaries/target/openssl/openssl-OpenSSL-fips-2_0_10-o0-openssl,fmtint,1
target function: fmtint not found
[*] Detection for /binaries/target/openssl/openssl-OpenSSL_1_0_1r-o0-openssl,BIO_vsnprintf,-1
[*] /s; sim-cal:0.001104
[*] Detection Result:V,-1
[*] Detection for /binaries/target/openssl/openssl-OpenSSL_1_0_2f-o0-openssl,BIO_vsnprintf,-1
[*] /s; sim-cal:0.661438
[*] Detection Result:V,-1
[*] Detection for /binaries/target/openssl/openssl-OpenSSL_1_0_2e-o0-openssl,BIO_vsnprintf,-1
[*] /s; sim-cal:0.637677
[*] Detection Result:V,-1
[*] Detection for /binaries/target/openssl/openssl-OpenSSL_1_0_1s-o0-openssl,BIO_vsnprintf,1
[*] /s; sim-cal:0.001013
[*] Detection Result:P,1
[*] Detection for /binaries/target/openssl/openssl-OpenSSL_1_0_2g-o0-openssl,BIO_vsnprintf,1
[*] /s; sim-cal:0.557757
[*] Detection Result:P,1
[*] Detection for /binaries/target/openssl/openssl-OpenSSL-fips-2_0_10-o0-openssl,BIO_vsnprintf,1
target function: BIO_vsnprintf not found
[*] Detection for /binaries/target/openssl/openssl-OpenSSL_1_0_1r-o0-openssl,roundv,-1
[*] /s; sim-cal:0.000643
[*] Detection Result:N VP no diff,-1
[*] Detection for /binaries/target/openssl/openssl-OpenSSL_1_0_2f-o0-openssl,roundv,-1
[*] /s; sim-cal:0.677827
[*] Detection Result:N VP no diff,-1
[*] Detection for /binaries/target/openssl/openssl-OpenSSL_1_0_2e-o0-openssl,roundv,-1
[*] /s; sim-cal:0.616211
[*] Detection Result:N VP no diff,-1
[*] Detection for /binaries/target/openssl/openssl-OpenSSL_1_0_1s-o0-openssl,roundv,1
[*] /s; sim-cal:0.000531
[*] Detection Result:N VP no diff,1
[*] Detection for /binaries/target/openssl/openssl-OpenSSL_1_0_2g-o0-openssl,roundv,1
[*] /s; sim-cal:0.562808
[*] Detection Result:N VP no diff,1
[*] Detection for /binaries/target/openssl/openssl-OpenSSL-fips-2_0_10-o0-openssl,roundv,1
target function: roundv not found
[*] Detection for /binaries/target/openssl/openssl-OpenSSL_1_0_1r-o0-openssl,BIO_vprintf,-1
[*] /s; sim-cal:0.001123
[*] Detection Result:V,-1
[*] Detection for /binaries/target/openssl/openssl-OpenSSL_1_0_2f-o0-openssl,BIO_vprintf,-1
[*] /s; sim-cal:0.687749
[*] Detection Result:V,-1
[*] Detection for /binaries/target/openssl/openssl-OpenSSL_1_0_2e-o0-openssl,BIO_vprintf,-1
[*] /s; sim-cal:0.590011
[*] Detection Result:V,-1
[*] Detection for /binaries/target/openssl/openssl-OpenSSL_1_0_1s-o0-openssl,BIO_vprintf,1
[*] /s; sim-cal:0.001194
[*] Detection Result:P,1
[*] Detection for /binaries/target/openssl/openssl-OpenSSL_1_0_2g-o0-openssl,BIO_vprintf,1
[*] /s; sim-cal:0.681115
[*] Detection Result:P,1
[*] Detection for /binaries/target/openssl/openssl-OpenSSL-fips-2_0_10-o0-openssl,BIO_vprintf,1
target function: BIO_vprintf not found
[*] Detection for /binaries/target/openssl/openssl-OpenSSL_1_0_1r-o0-openssl,fmtfp,-1
[*] /s; sim-cal:0.003939
[*] Detection Result:V,-1
[*] Detection for /binaries/target/openssl/openssl-OpenSSL_1_0_2f-o0-openssl,fmtfp,-1
[*] /s; sim-cal:0.686968
[*] Detection Result:V,-1
[*] Detection for /binaries/target/openssl/openssl-OpenSSL_1_0_2e-o0-openssl,fmtfp,-1
[*] /s; sim-cal:0.777303
[*] Detection Result:V,-1
[*] Detection for /binaries/target/openssl/openssl-OpenSSL_1_0_1s-o0-openssl,fmtfp,1
[*] /s; sim-cal:0.0077
[*] Detection Result:P,1
[*] Detection for /binaries/target/openssl/openssl-OpenSSL_1_0_2g-o0-openssl,fmtfp,1
[*] /s; sim-cal:0.630405
[*] Detection Result:P,1
[*] Detection for /binaries/target/openssl/openssl-OpenSSL-fips-2_0_10-o0-openssl,fmtfp,1
target function: fmtfp not found
[*] Detection for /binaries/target/openssl/openssl-OpenSSL_1_0_1r-o0-openssl,doapr_outch,-1
[*] /s; sim-cal:0.001887
[*] Detection Result:V,-1
[*] Detection for /binaries/target/openssl/openssl-OpenSSL_1_0_2f-o0-openssl,doapr_outch,-1
[*] /s; sim-cal:0.583243
[*] Detection Result:V,-1
[*] Detection for /binaries/target/openssl/openssl-OpenSSL_1_0_2e-o0-openssl,doapr_outch,-1
[*] /s; sim-cal:0.609599
[*] Detection Result:V,-1
[*] Detection for /binaries/target/openssl/openssl-OpenSSL_1_0_1s-o0-openssl,doapr_outch,1
[*] /s; sim-cal:0.001847
[*] Detection Result:P,1
[*] Detection for /binaries/target/openssl/openssl-OpenSSL_1_0_2g-o0-openssl,doapr_outch,1
[*] /s; sim-cal:0.675229
[*] Detection Result:P,1
[*] Detection for /binaries/target/openssl/openssl-OpenSSL-fips-2_0_10-o0-openssl,doapr_outch,1
target function: doapr_outch not found
[*] Detection for /binaries/target/openssl/openssl-OpenSSL_1_0_1r-o0-openssl,_dopr,-1
[*] /s; sim-cal:0.009741
[*] Detection Result:V,-1
[*] Detection for /binaries/target/openssl/openssl-OpenSSL_1_0_2f-o0-openssl,_dopr,-1
[*] /s; sim-cal:0.660132
[*] Detection Result:V,-1
[*] Detection for /binaries/target/openssl/openssl-OpenSSL_1_0_2e-o0-openssl,_dopr,-1
[*] /s; sim-cal:0.739398
[*] Detection Result:V,-1
[*] Detection for /binaries/target/openssl/openssl-OpenSSL_1_0_1s-o0-openssl,_dopr,1
[*] /s; sim-cal:0.009336
[*] Detection Result:P,1
[*] Detection for /binaries/target/openssl/openssl-OpenSSL_1_0_2g-o0-openssl,_dopr,1
[*] /s; sim-cal:0.58387
[*] Detection Result:P,1
[*] Detection for /binaries/target/openssl/openssl-OpenSSL-fips-2_0_10-o0-openssl,_dopr,1
target function: _dopr not found
------------------------------------------
[*] Detecting CVE: CVE-2016-2105
[*] Detection for /binaries/target/openssl/openssl-OpenSSL_1_0_1s-o0-openssl,EVP_EncodeUpdate,-1
[*] /s; sim-cal:0.001926
[*] Detection Result:V,-1
[*] Detection for /binaries/target/openssl/openssl-OpenSSL_1_0_2g-o0-openssl,EVP_EncodeUpdate,-1
[*] /s; sim-cal:0.522599
[*] Detection Result:V,-1
[*] Detection for /binaries/target/openssl/openssl-OpenSSL_1_0_1r-o0-openssl,EVP_EncodeUpdate,-1
[*] /s; sim-cal:0.002972
[*] Detection Result:V,-1
[*] Detection for /binaries/target/openssl/openssl-OpenSSL_1_0_2h-o0-openssl,EVP_EncodeUpdate,1
[*] /s; sim-cal:9.902617
[*] Detection Result:P 0.4627016129032258/0.8076923076923077 9/8,1
[*] Detection for /binaries/target/openssl/openssl-OpenSSL_1_0_1t-o0-openssl,EVP_EncodeUpdate,1
[*] /s; sim-cal:0.003484
[*] Detection Result:P 0.4627016129032258/0.8076923076923077 9/8,1
[*] Detection for /binaries/target/openssl/openssl-OpenSSL_1_1_0-pre5-o0-openssl,EVP_EncodeUpdate,1
target function: EVP_EncodeUpdate not found
------------------------------------------
[*] Detecting CVE: CVE-2016-2106
[*] Detection for /binaries/target/openssl/openssl-OpenSSL_1_0_1s-o0-openssl,EVP_EncryptUpdate,-1
[*] /s; sim-cal:0.002495
[*] Detection Result:N VP no diff,-1
[*] Detection for /binaries/target/openssl/openssl-OpenSSL_1_0_2g-o0-openssl,EVP_EncryptUpdate,-1
[*] /s; sim-cal:0.502171
[*] Detection Result:N VP no diff,-1
[*] Detection for /binaries/target/openssl/openssl-OpenSSL_1_0_1r-o0-openssl,EVP_EncryptUpdate,-1
[*] /s; sim-cal:0.002856
[*] Detection Result:N VP no diff,-1
[*] Detection for /binaries/target/openssl/openssl-OpenSSL_1_0_2h-o0-openssl,EVP_EncryptUpdate,1
[*] /s; sim-cal:0.517792
[*] Detection Result:N VP no diff,1
[*] Detection for /binaries/target/openssl/openssl-OpenSSL_1_0_1t-o0-openssl,EVP_EncryptUpdate,1
[*] /s; sim-cal:0.002354
[*] Detection Result:N VP no diff,1
[*] Detection for /binaries/target/openssl/openssl-OpenSSL_1_1_0-pre5-o0-openssl,EVP_EncryptUpdate,1
[*] /s; sim-cal:0.27227
[*] Detection Result:N VP no diff,1
------------------------------------------
[*] Detecting CVE: CVE-2016-2107
[*] Detection for /binaries/target/openssl/openssl-OpenSSL_1_0_1s-o0-openssl,aesni_cbc_hmac_sha256_cipher,-1
target function: aesni_cbc_hmac_sha256_cipher not found
[*] Detection for /binaries/target/openssl/openssl-OpenSSL_1_0_2g-o0-openssl,aesni_cbc_hmac_sha256_cipher,-1
[*] /s; sim-cal:0.588809
[*] Detection Result:V,-1
[*] Detection for /binaries/target/openssl/openssl-OpenSSL_1_0_1r-o0-openssl,aesni_cbc_hmac_sha256_cipher,-1
target function: aesni_cbc_hmac_sha256_cipher not found
[*] Detection for /binaries/target/openssl/openssl-OpenSSL_1_0_2h-o0-openssl,aesni_cbc_hmac_sha256_cipher,1
[*] /s; sim-cal:0.572808
[*] Detection Result:P,1
[*] Detection for /binaries/target/openssl/openssl-OpenSSL_1_0_1t-o0-openssl,aesni_cbc_hmac_sha256_cipher,1
target function: aesni_cbc_hmac_sha256_cipher not found
[*] Detection for /binaries/target/openssl/openssl-OpenSSL_1_1_0-pre5-o0-openssl,aesni_cbc_hmac_sha256_cipher,1
target function: aesni_cbc_hmac_sha256_cipher not found
[*] Detection for /binaries/target/openssl/openssl-OpenSSL_1_0_1s-o0-openssl,aesni_cbc_hmac_sha1_cipher,-1
[*] /s; sim-cal:0.011144
[*] Detection Result:V 0.8964283883325272/0.8458923083421455 5/5,-1
[*] Detection for /binaries/target/openssl/openssl-OpenSSL_1_0_2g-o0-openssl,aesni_cbc_hmac_sha1_cipher,-1
[*] /s; sim-cal:0.550732
[*] Detection Result:V,-1
[*] Detection for /binaries/target/openssl/openssl-OpenSSL_1_0_1r-o0-openssl,aesni_cbc_hmac_sha1_cipher,-1
[*] /s; sim-cal:0.008445
[*] Detection Result:V 0.8964283883325272/0.8458923083421455 5/5,-1
[*] Detection for /binaries/target/openssl/openssl-OpenSSL_1_0_2h-o0-openssl,aesni_cbc_hmac_sha1_cipher,1
[*] /s; sim-cal:0.576788
[*] Detection Result:P,1
[*] Detection for /binaries/target/openssl/openssl-OpenSSL_1_0_1t-o0-openssl,aesni_cbc_hmac_sha1_cipher,1
[*] /s; sim-cal:0.008367
[*] Detection Result:P 0.8392698249055016/0.9022581718766842 5/5,1
[*] Detection for /binaries/target/openssl/openssl-OpenSSL_1_1_0-pre5-o0-openssl,aesni_cbc_hmac_sha1_cipher,1
target function: aesni_cbc_hmac_sha1_cipher not found
------------------------------------------
[*] Detecting CVE: CVE-2016-2108
[*] Detection for /binaries/target/openssl/openssl-OpenSSL_1_0_0t-o0-openssl,ASN1_TYPE_cmp,-1
target function: ASN1_TYPE_cmp not found
[*] Detection for /binaries/target/openssl/openssl-OpenSSL_0_9_8zh-o0-openssl,ASN1_TYPE_cmp,-1
[*] /s; sim-cal:0.00257
[*] Detection Result:N VP no diff,-1
[*] Detection for /binaries/target/openssl/openssl-OpenSSL_1_0_0s-o0-openssl,ASN1_TYPE_cmp,-1
target function: ASN1_TYPE_cmp not found
[*] Detection for /binaries/target/openssl/openssl-OpenSSL_1_0_2h-o0-openssl,ASN1_TYPE_cmp,1
[*] /s; sim-cal:0.513448
[*] Detection Result:N VP no diff,1
[*] Detection for /binaries/target/openssl/openssl-OpenSSL_1_0_1t-o0-openssl,ASN1_TYPE_cmp,1
[*] /s; sim-cal:0.001097
[*] Detection Result:N VP no diff,1
[*] Detection for /binaries/target/openssl/openssl-OpenSSL_1_1_0-pre5-o0-openssl,ASN1_TYPE_cmp,1
target function: ASN1_TYPE_cmp not found
[*] Detection for /binaries/target/openssl/openssl-OpenSSL_1_0_0t-o0-openssl,asn1_ex_c2i,-1
target function: asn1_ex_c2i not found
[*] Detection for /binaries/target/openssl/openssl-OpenSSL_0_9_8zh-o0-openssl,asn1_ex_c2i,-1
[*] /s; sim-cal:0.009216
[*] Detection Result:P 0.882693653557246/0.9642857142857143 6/10,-1
[*] Detection for /binaries/target/openssl/openssl-OpenSSL_1_0_0s-o0-openssl,asn1_ex_c2i,-1
target function: asn1_ex_c2i not found
[*] Detection for /binaries/target/openssl/openssl-OpenSSL_1_0_2h-o0-openssl,asn1_ex_c2i,1
[*] /s; sim-cal:0.552781
[*] Detection Result:P 0.7231186805997623/0.9377911490683231 6/6,1
[*] Detection for /binaries/target/openssl/openssl-OpenSSL_1_0_1t-o0-openssl,asn1_ex_c2i,1
[*] /s; sim-cal:0.003127
[*] Detection Result:P,1
[*] Detection for /binaries/target/openssl/openssl-OpenSSL_1_1_0-pre5-o0-openssl,asn1_ex_c2i,1
target function: asn1_ex_c2i not found
[*] Detection for /binaries/target/openssl/openssl-OpenSSL_1_0_0t-o0-openssl,asn1_ex_i2c,-1
target function: asn1_ex_i2c not found
[*] Detection for /binaries/target/openssl/openssl-OpenSSL_0_9_8zh-o0-openssl,asn1_ex_i2c,-1
[*] /s; sim-cal:0.003175
[*] Detection Result:V,-1
[*] Detection for /binaries/target/openssl/openssl-OpenSSL_1_0_0s-o0-openssl,asn1_ex_i2c,-1
target function: asn1_ex_i2c not found
[*] Detection for /binaries/target/openssl/openssl-OpenSSL_1_0_2h-o0-openssl,asn1_ex_i2c,1
[*] /s; sim-cal:0.794539
[*] Detection Result:P,1
[*] Detection for /binaries/target/openssl/openssl-OpenSSL_1_0_1t-o0-openssl,asn1_ex_i2c,1
[*] /s; sim-cal:0.002243
[*] Detection Result:P,1
[*] Detection for /binaries/target/openssl/openssl-OpenSSL_1_1_0-pre5-o0-openssl,asn1_ex_i2c,1
target function: asn1_ex_i2c not found
------------------------------------------
[*] Detecting CVE: CVE-2016-2109
[*] Detection for /binaries/target/openssl/openssl-OpenSSL_1_0_1s-o0-libcrypto,asn1_d2i_read_bio,-1
target function: asn1_d2i_read_bio not found
[*] Detection for /binaries/target/openssl/openssl-OpenSSL_1_0_2g-o0-libcrypto,asn1_d2i_read_bio,-1
target function: asn1_d2i_read_bio not found
[*] Detection for /binaries/target/openssl/openssl-OpenSSL_1_0_1r-o0-libcrypto,asn1_d2i_read_bio,-1
target function: asn1_d2i_read_bio not found
[*] Detection for /binaries/target/openssl/openssl-OpenSSL_1_1_0-pre5-o0-libcrypto,asn1_d2i_read_bio,1
target function: asn1_d2i_read_bio not found
[*] Detection for /binaries/target/openssl/openssl-OpenSSL_1_0_2h-o0-libcrypto,asn1_d2i_read_bio,1
target function: asn1_d2i_read_bio not found
[*] Detection for /binaries/target/openssl/openssl-OpenSSL_1_0_1t-o0-libcrypto,asn1_d2i_read_bio,1
target function: asn1_d2i_read_bio not found
[*] Detection for /binaries/target/openssl/openssl-OpenSSL_1_0_1s-o0-libcrypto,ASN1_item_d2i_fp,-1
target function: ASN1_item_d2i_fp not found
[*] Detection for /binaries/target/openssl/openssl-OpenSSL_1_0_2g-o0-libcrypto,ASN1_item_d2i_fp,-1
target function: ASN1_item_d2i_fp not found
[*] Detection for /binaries/target/openssl/openssl-OpenSSL_1_0_1r-o0-libcrypto,ASN1_item_d2i_fp,-1
target function: ASN1_item_d2i_fp not found
[*] Detection for /binaries/target/openssl/openssl-OpenSSL_1_1_0-pre5-o0-libcrypto,ASN1_item_d2i_fp,1
target function: ASN1_item_d2i_fp not found
[*] Detection for /binaries/target/openssl/openssl-OpenSSL_1_0_2h-o0-libcrypto,ASN1_item_d2i_fp,1
target function: ASN1_item_d2i_fp not found
[*] Detection for /binaries/target/openssl/openssl-OpenSSL_1_0_1t-o0-libcrypto,ASN1_item_d2i_fp,1
target function: ASN1_item_d2i_fp not found
------------------------------------------
[*] Detecting CVE: CVE-2016-2176
[*] Detection for /binaries/target/openssl/openssl-OpenSSL_1_0_1s-o0-openssl,X509_NAME_oneline,-1
[*] /s; sim-cal:0.006249
[*] Detection Result:C can't tell,-1
[*] Detection for /binaries/target/openssl/openssl-OpenSSL_1_0_2g-o0-openssl,X509_NAME_oneline,-1
[*] /s; sim-cal:0.540552
[*] Detection Result:C can't tell,-1
[*] Detection for /binaries/target/openssl/openssl-OpenSSL_1_0_1r-o0-openssl,X509_NAME_oneline,-1
[*] /s; sim-cal:0.004904
[*] Detection Result:C can't tell,-1
[*] Detection for /binaries/target/openssl/openssl-OpenSSL_1_0_2h-o0-openssl,X509_NAME_oneline,1
[*] /s; sim-cal:0.709654
[*] Detection Result:P 0.2847985347985348/0.9880952380952381 4/2,1
[*] Detection for /binaries/target/openssl/openssl-OpenSSL_1_0_1t-o0-openssl,X509_NAME_oneline,1
[*] /s; sim-cal:0.003826
[*] Detection Result:P,1
[*] Detection for /binaries/target/openssl/openssl-OpenSSL_1_1_0-pre5-o0-openssl,X509_NAME_oneline,1
[*] /s; sim-cal:0.30124
[*] Detection Result:C can't tell,1
------------------------------------------
[*] Detecting CVE: CVE-2016-2177
[*] Detection for /binaries/target/openssl/openssl-OpenSSL_1_0_2h-o0-openssl,tls1_process_ticket,-1
[*] /s; sim-cal:0.902788
[*] Detection Result:V,-1
[*] Detection for /binaries/target/openssl/openssl-OpenSSL_1_0_1t-o0-openssl,tls1_process_ticket,-1
[*] /s; sim-cal:0.005555
[*] Detection Result:V 0.7872879510503492/0.24669507400674123 2/8,-1
[*] Detection for /binaries/target/openssl/openssl-OpenSSL_1_0_1s-o0-openssl,tls1_process_ticket,-1
[*] /s; sim-cal:0.005707
[*] Detection Result:V 0.7872879510503492/0.24669507400674123 2/8,-1
[*] Detection for /binaries/target/openssl/openssl-OpenSSL_1_1_0-pre6-o0-openssl,tls1_process_ticket,1
target function: tls1_process_ticket not found
[*] Detection for /binaries/target/openssl/openssl-OpenSSL_1_1_0-o0-openssl,tls1_process_ticket,1
target function: tls1_process_ticket not found
[*] Detection for /binaries/target/openssl/openssl-OpenSSL_1_0_1u-o0-openssl,tls1_process_ticket,1
[*] /s; sim-cal:0.007149
[*] Detection Result:P 0.2719940183068533/0.7854733677971274 9/2,1
[*] Detection for /binaries/target/openssl/openssl-OpenSSL_1_0_2h-o0-openssl,ssl_scan_clienthello_tlsext,-1
[*] /s; sim-cal:0.587342
[*] Detection Result:V,-1
[*] Detection for /binaries/target/openssl/openssl-OpenSSL_1_0_1t-o0-openssl,ssl_scan_clienthello_tlsext,-1
target function: ssl_scan_clienthello_tlsext not found
[*] Detection for /binaries/target/openssl/openssl-OpenSSL_1_0_1s-o0-openssl,ssl_scan_clienthello_tlsext,-1
target function: ssl_scan_clienthello_tlsext not found
[*] Detection for /binaries/target/openssl/openssl-OpenSSL_1_1_0-pre6-o0-openssl,ssl_scan_clienthello_tlsext,1
target function: ssl_scan_clienthello_tlsext not found
[*] Detection for /binaries/target/openssl/openssl-OpenSSL_1_1_0-o0-openssl,ssl_scan_clienthello_tlsext,1
target function: ssl_scan_clienthello_tlsext not found
[*] Detection for /binaries/target/openssl/openssl-OpenSSL_1_0_1u-o0-openssl,ssl_scan_clienthello_tlsext,1
target function: ssl_scan_clienthello_tlsext not found
[*] Detection for /binaries/target/openssl/openssl-OpenSSL_1_0_2h-o0-openssl,ssl_scan_clienthello_custom_tlsext,-1
[*] /s; sim-cal:0.56257
[*] Detection Result:V,-1
[*] Detection for /binaries/target/openssl/openssl-OpenSSL_1_0_1t-o0-openssl,ssl_scan_clienthello_custom_tlsext,-1
target function: ssl_scan_clienthello_custom_tlsext not found
[*] Detection for /binaries/target/openssl/openssl-OpenSSL_1_0_1s-o0-openssl,ssl_scan_clienthello_custom_tlsext,-1
target function: ssl_scan_clienthello_custom_tlsext not found
[*] Detection for /binaries/target/openssl/openssl-OpenSSL_1_1_0-pre6-o0-openssl,ssl_scan_clienthello_custom_tlsext,1
target function: ssl_scan_clienthello_custom_tlsext not found
[*] Detection for /binaries/target/openssl/openssl-OpenSSL_1_1_0-o0-openssl,ssl_scan_clienthello_custom_tlsext,1
target function: ssl_scan_clienthello_custom_tlsext not found
[*] Detection for /binaries/target/openssl/openssl-OpenSSL_1_0_1u-o0-openssl,ssl_scan_clienthello_custom_tlsext,1
target function: ssl_scan_clienthello_custom_tlsext not found
[*] Detection for /binaries/target/openssl/openssl-OpenSSL_1_0_2h-o0-openssl,ssl3_get_client_hello,-1
[*] /s; sim-cal:0.690133
[*] Detection Result:V,-1
[*] Detection for /binaries/target/openssl/openssl-OpenSSL_1_0_1t-o0-openssl,ssl3_get_client_hello,-1
[*] /s; sim-cal:0.025208
[*] Detection Result:V 0.6950727170677291/0.2736442745636871 42/49,-1
[*] Detection for /binaries/target/openssl/openssl-OpenSSL_1_0_1s-o0-openssl,ssl3_get_client_hello,-1
[*] /s; sim-cal:0.040472
[*] Detection Result:V 0.6950727170677291/0.2736442745636871 42/49,-1
[*] Detection for /binaries/target/openssl/openssl-OpenSSL_1_1_0-pre6-o0-openssl,ssl3_get_client_hello,1
target function: ssl3_get_client_hello not found
[*] Detection for /binaries/target/openssl/openssl-OpenSSL_1_1_0-o0-openssl,ssl3_get_client_hello,1
target function: ssl3_get_client_hello not found
[*] Detection for /binaries/target/openssl/openssl-OpenSSL_1_0_1u-o0-openssl,ssl3_get_client_hello,1
[*] /s; sim-cal:0.032214
[*] Detection Result:P 0.27989157213970334/0.6838412729933806 49/42,1
[*] Detection for /binaries/target/openssl/openssl-OpenSSL_1_0_2h-o0-openssl,ssl_get_prev_session,-1
[*] /s; sim-cal:0.605421
[*] Detection Result:V,-1
[*] Detection for /binaries/target/openssl/openssl-OpenSSL_1_0_1t-o0-openssl,ssl_get_prev_session,-1
[*] /s; sim-cal:0.003909
[*] Detection Result:V 0.9565217391304348/0.08333333333333333 7/8,-1
[*] Detection for /binaries/target/openssl/openssl-OpenSSL_1_0_1s-o0-openssl,ssl_get_prev_session,-1
[*] /s; sim-cal:0.006405
[*] Detection Result:V 0.9565217391304348/0.08333333333333333 7/8,-1
[*] Detection for /binaries/target/openssl/openssl-OpenSSL_1_1_0-pre6-o0-openssl,ssl_get_prev_session,1
target function: ssl_get_prev_session not found
[*] Detection for /binaries/target/openssl/openssl-OpenSSL_1_1_0-o0-openssl,ssl_get_prev_session,1
target function: ssl_get_prev_session not found
[*] Detection for /binaries/target/openssl/openssl-OpenSSL_1_0_1u-o0-openssl,ssl_get_prev_session,1
[*] /s; sim-cal:0.004851
[*] Detection Result:P 0.08695652173913043/0.9583333333333333 8/7,1
[*] Detection for /binaries/target/openssl/openssl-OpenSSL_1_0_2h-o0-openssl,ssl_check_for_safari,-1
[*] /s; sim-cal:0.644181
[*] Detection Result:V,-1
[*] Detection for /binaries/target/openssl/openssl-OpenSSL_1_0_1t-o0-openssl,ssl_check_for_safari,-1
[*] /s; sim-cal:0.001778
[*] Detection Result:V,-1
[*] Detection for /binaries/target/openssl/openssl-OpenSSL_1_0_1s-o0-openssl,ssl_check_for_safari,-1
[*] /s; sim-cal:0.001238
[*] Detection Result:V,-1
[*] Detection for /binaries/target/openssl/openssl-OpenSSL_1_1_0-pre6-o0-openssl,ssl_check_for_safari,1
target function: ssl_check_for_safari not found
[*] Detection for /binaries/target/openssl/openssl-OpenSSL_1_1_0-o0-openssl,ssl_check_for_safari,1
target function: ssl_check_for_safari not found
[*] Detection for /binaries/target/openssl/openssl-OpenSSL_1_0_1u-o0-openssl,ssl_check_for_safari,1
[*] /s; sim-cal:0.001432
[*] Detection Result:P,1
[*] Detection for /binaries/target/openssl/openssl-OpenSSL_1_0_2h-o0-openssl,ssl_scan_serverhello_tlsext,-1
[*] /s; sim-cal:0.709368
[*] Detection Result:V,-1
[*] Detection for /binaries/target/openssl/openssl-OpenSSL_1_0_1t-o0-openssl,ssl_scan_serverhello_tlsext,-1
target function: ssl_scan_serverhello_tlsext not found
[*] Detection for /binaries/target/openssl/openssl-OpenSSL_1_0_1s-o0-openssl,ssl_scan_serverhello_tlsext,-1
target function: ssl_scan_serverhello_tlsext not found
[*] Detection for /binaries/target/openssl/openssl-OpenSSL_1_1_0-pre6-o0-openssl,ssl_scan_serverhello_tlsext,1
target function: ssl_scan_serverhello_tlsext not found
[*] Detection for /binaries/target/openssl/openssl-OpenSSL_1_1_0-o0-openssl,ssl_scan_serverhello_tlsext,1
target function: ssl_scan_serverhello_tlsext not found
[*] Detection for /binaries/target/openssl/openssl-OpenSSL_1_0_1u-o0-openssl,ssl_scan_serverhello_tlsext,1
target function: ssl_scan_serverhello_tlsext not found
------------------------------------------
[*] Detecting CVE: CVE-2016-2842
[*] Detection for /binaries/target/openssl/openssl-OpenSSL_1_0_1r-o0-openssl,fmtint,-1
[*] /s; sim-cal:0.00588
[*] Detection Result:C can't tell,-1
[*] Detection for /binaries/target/openssl/openssl-OpenSSL_1_0_2f-o0-openssl,fmtint,-1
[*] /s; sim-cal:0.00267
[*] Detection Result:V,-1
[*] Detection for /binaries/target/openssl/openssl-OpenSSL_1_0_2e-o0-openssl,fmtint,-1
[*] /s; sim-cal:0.002747
[*] Detection Result:V,-1
[*] Detection for /binaries/target/openssl/openssl-OpenSSL_1_0_1s-o0-openssl,fmtint,1
[*] /s; sim-cal:0.005158
[*] Detection Result:C can't tell,1
[*] Detection for /binaries/target/openssl/openssl-OpenSSL_1_0_2g-o0-openssl,fmtint,1
[*] /s; sim-cal:0.002349
[*] Detection Result:P,1
[*] Detection for /binaries/target/openssl/openssl-OpenSSL-fips-2_0_10-o0-openssl,fmtint,1
target function: fmtint not found
[*] Detection for /binaries/target/openssl/openssl-OpenSSL_1_0_1r-o0-openssl,BIO_vsnprintf,-1
[*] /s; sim-cal:0.00422
[*] Detection Result:V,-1
[*] Detection for /binaries/target/openssl/openssl-OpenSSL_1_0_2f-o0-openssl,BIO_vsnprintf,-1
[*] /s; sim-cal:0.000713
[*] Detection Result:V,-1
[*] Detection for /binaries/target/openssl/openssl-OpenSSL_1_0_2e-o0-openssl,BIO_vsnprintf,-1
[*] /s; sim-cal:0.000821
[*] Detection Result:V,-1
[*] Detection for /binaries/target/openssl/openssl-OpenSSL_1_0_1s-o0-openssl,BIO_vsnprintf,1
[*] /s; sim-cal:0.000866
[*] Detection Result:P,1
[*] Detection for /binaries/target/openssl/openssl-OpenSSL_1_0_2g-o0-openssl,BIO_vsnprintf,1
[*] /s; sim-cal:0.000865
[*] Detection Result:P,1
[*] Detection for /binaries/target/openssl/openssl-OpenSSL-fips-2_0_10-o0-openssl,BIO_vsnprintf,1
target function: BIO_vsnprintf not found
[*] Detection for /binaries/target/openssl/openssl-OpenSSL_1_0_1r-o0-openssl,roundv,-1
[*] /s; sim-cal:0.000621
[*] Detection Result:N VP no diff,-1
[*] Detection for /binaries/target/openssl/openssl-OpenSSL_1_0_2f-o0-openssl,roundv,-1
[*] /s; sim-cal:0.000763
[*] Detection Result:N VP no diff,-1
[*] Detection for /binaries/target/openssl/openssl-OpenSSL_1_0_2e-o0-openssl,roundv,-1
[*] /s; sim-cal:0.000475
[*] Detection Result:N VP no diff,-1
[*] Detection for /binaries/target/openssl/openssl-OpenSSL_1_0_1s-o0-openssl,roundv,1
[*] /s; sim-cal:0.000473
[*] Detection Result:N VP no diff,1
[*] Detection for /binaries/target/openssl/openssl-OpenSSL_1_0_2g-o0-openssl,roundv,1
[*] /s; sim-cal:0.000467
[*] Detection Result:N VP no diff,1
[*] Detection for /binaries/target/openssl/openssl-OpenSSL-fips-2_0_10-o0-openssl,roundv,1
target function: roundv not found
[*] Detection for /binaries/target/openssl/openssl-OpenSSL_1_0_1r-o0-openssl,BIO_vprintf,-1
[*] /s; sim-cal:0.00108
[*] Detection Result:V,-1
[*] Detection for /binaries/target/openssl/openssl-OpenSSL_1_0_2f-o0-openssl,BIO_vprintf,-1
[*] /s; sim-cal:0.001026
[*] Detection Result:V,-1
[*] Detection for /binaries/target/openssl/openssl-OpenSSL_1_0_2e-o0-openssl,BIO_vprintf,-1
[*] /s; sim-cal:0.000951
[*] Detection Result:V,-1
[*] Detection for /binaries/target/openssl/openssl-OpenSSL_1_0_1s-o0-openssl,BIO_vprintf,1
[*] /s; sim-cal:0.001683
[*] Detection Result:P,1
[*] Detection for /binaries/target/openssl/openssl-OpenSSL_1_0_2g-o0-openssl,BIO_vprintf,1
[*] /s; sim-cal:0.000849
[*] Detection Result:P,1
[*] Detection for /binaries/target/openssl/openssl-OpenSSL-fips-2_0_10-o0-openssl,BIO_vprintf,1
target function: BIO_vprintf not found
[*] Detection for /binaries/target/openssl/openssl-OpenSSL_1_0_1r-o0-openssl,fmtfp,-1
[*] /s; sim-cal:0.003008
[*] Detection Result:V,-1
[*] Detection for /binaries/target/openssl/openssl-OpenSSL_1_0_2f-o0-openssl,fmtfp,-1
[*] /s; sim-cal:0.003561
[*] Detection Result:V,-1
[*] Detection for /binaries/target/openssl/openssl-OpenSSL_1_0_2e-o0-openssl,fmtfp,-1
[*] /s; sim-cal:0.002715
[*] Detection Result:V,-1
[*] Detection for /binaries/target/openssl/openssl-OpenSSL_1_0_1s-o0-openssl,fmtfp,1
[*] /s; sim-cal:0.003757
[*] Detection Result:P,1
[*] Detection for /binaries/target/openssl/openssl-OpenSSL_1_0_2g-o0-openssl,fmtfp,1
[*] /s; sim-cal:0.002938
[*] Detection Result:P,1
[*] Detection for /binaries/target/openssl/openssl-OpenSSL-fips-2_0_10-o0-openssl,fmtfp,1
target function: fmtfp not found
[*] Detection for /binaries/target/openssl/openssl-OpenSSL_1_0_1r-o0-openssl,doapr_outch,-1
[*] /s; sim-cal:0.003539
[*] Detection Result:V,-1
[*] Detection for /binaries/target/openssl/openssl-OpenSSL_1_0_2f-o0-openssl,doapr_outch,-1
[*] /s; sim-cal:0.00117
[*] Detection Result:V,-1
[*] Detection for /binaries/target/openssl/openssl-OpenSSL_1_0_2e-o0-openssl,doapr_outch,-1
[*] /s; sim-cal:0.00148
[*] Detection Result:V,-1
[*] Detection for /binaries/target/openssl/openssl-OpenSSL_1_0_1s-o0-openssl,doapr_outch,1
[*] /s; sim-cal:0.001174
[*] Detection Result:P,1
[*] Detection for /binaries/target/openssl/openssl-OpenSSL_1_0_2g-o0-openssl,doapr_outch,1
[*] /s; sim-cal:0.001503
[*] Detection Result:P,1
[*] Detection for /binaries/target/openssl/openssl-OpenSSL-fips-2_0_10-o0-openssl,doapr_outch,1
target function: doapr_outch not found
[*] Detection for /binaries/target/openssl/openssl-OpenSSL_1_0_1r-o0-openssl,_dopr,-1
[*] /s; sim-cal:0.008671
[*] Detection Result:V,-1
[*] Detection for /binaries/target/openssl/openssl-OpenSSL_1_0_2f-o0-openssl,_dopr,-1
[*] /s; sim-cal:0.009503
[*] Detection Result:V,-1
[*] Detection for /binaries/target/openssl/openssl-OpenSSL_1_0_2e-o0-openssl,_dopr,-1
[*] /s; sim-cal:0.008563
[*] Detection Result:V,-1
[*] Detection for /binaries/target/openssl/openssl-OpenSSL_1_0_1s-o0-openssl,_dopr,1
[*] /s; sim-cal:0.009765
[*] Detection Result:P,1
[*] Detection for /binaries/target/openssl/openssl-OpenSSL_1_0_2g-o0-openssl,_dopr,1
[*] /s; sim-cal:0.012224
[*] Detection Result:P,1
[*] Detection for /binaries/target/openssl/openssl-OpenSSL-fips-2_0_10-o0-openssl,_dopr,1
target function: _dopr not found
------------------------------------------
[*] Detecting CVE: CVE-2016-6304
[*] Detection for /binaries/target/openssl/openssl-OpenSSL_1_1_0-o0-openssl,ssl_parse_clienthello_tlsext,-1
target function: ssl_parse_clienthello_tlsext not found
[*] Detection for /binaries/target/openssl/openssl-OpenSSL_1_0_2h-o0-openssl,ssl_parse_clienthello_tlsext,-1
[*] /s; sim-cal:0.672055
[*] Detection Result:C can't tell,-1
[*] Detection for /binaries/target/openssl/openssl-OpenSSL_1_0_1t-o0-openssl,ssl_parse_clienthello_tlsext,-1
[*] /s; sim-cal:0.014649
[*] Detection Result:V 1.0/0.4301957872738272 4/8,-1
[*] Detection for /binaries/target/openssl/openssl-OpenSSL_1_0_1u-o0-openssl,ssl_parse_clienthello_tlsext,1
[*] /s; sim-cal:0.008301
[*] Detection Result:P,1
[*] Detection for /binaries/target/openssl/openssl-OpenSSL_1_0_2i-o0-openssl,ssl_parse_clienthello_tlsext,1
[*] /s; sim-cal:9.902769
[*] Detection Result:C can't tell,1
[*] Detection for /binaries/target/openssl/openssl-OpenSSL_1_1_0a-o0-openssl,ssl_parse_clienthello_tlsext,1
target function: ssl_parse_clienthello_tlsext not found
------------------------------------------
[*] Detecting CVE: CVE-2016-6306
[*] Detection for /binaries/target/openssl/openssl-OpenSSL_1_0_2h-o0-openssl,ssl3_get_server_certificate,-1
[*] /s; sim-cal:0.547476
[*] Detection Result:V 0.8924030023095154/0.8512537131410565 17/17,-1
[*] Detection for /binaries/target/openssl/openssl-OpenSSL_1_0_1t-o0-openssl,ssl3_get_server_certificate,-1
[*] /s; sim-cal:0.004794
[*] Detection Result:V,-1
[*] Detection for /binaries/target/openssl/openssl-OpenSSL_1_0_1s-o0-openssl,ssl3_get_server_certificate,-1
[*] /s; sim-cal:0.00408
[*] Detection Result:V,-1
[*] Detection for /binaries/target/openssl/openssl-OpenSSL_1_0_1u-o0-openssl,ssl3_get_server_certificate,1
[*] /s; sim-cal:0.004193
[*] Detection Result:P,1
[*] Detection for /binaries/target/openssl/openssl-OpenSSL_1_0_2i-o0-openssl,ssl3_get_server_certificate,1
[*] /s; sim-cal:0.606069
[*] Detection Result:P 0.8924030023095154/0.8982254195955213 19/18,1
[*] Detection for /binaries/target/openssl/openssl-OpenSSL_1_1_0a-o0-openssl,ssl3_get_server_certificate,1
target function: ssl3_get_server_certificate not found
[*] Detection for /binaries/target/openssl/openssl-OpenSSL_1_0_2h-o0-openssl,ssl3_get_certificate_request,-1
[*] /s; sim-cal:0.659144
[*] Detection Result:V 0.861247656836758/0.8104915115206514 24/24,-1
[*] Detection for /binaries/target/openssl/openssl-OpenSSL_1_0_1t-o0-openssl,ssl3_get_certificate_request,-1
[*] /s; sim-cal:0.003791
[*] Detection Result:V,-1
[*] Detection for /binaries/target/openssl/openssl-OpenSSL_1_0_1s-o0-openssl,ssl3_get_certificate_request,-1
[*] /s; sim-cal:0.008454
[*] Detection Result:V 0.9200182446072187/0.4026434663854804 2/12,-1
[*] Detection for /binaries/target/openssl/openssl-OpenSSL_1_0_1u-o0-openssl,ssl3_get_certificate_request,1
[*] /s; sim-cal:0.003844
[*] Detection Result:P,1
[*] Detection for /binaries/target/openssl/openssl-OpenSSL_1_0_2i-o0-openssl,ssl3_get_certificate_request,1
[*] /s; sim-cal:0.602438
[*] Detection Result:V 0.861247656836758/0.8427982748056754 28/27,1
[*] Detection for /binaries/target/openssl/openssl-OpenSSL_1_1_0a-o0-openssl,ssl3_get_certificate_request,1
target function: ssl3_get_certificate_request not found
[*] Detection for /binaries/target/openssl/openssl-OpenSSL_1_0_2h-o0-openssl,ssl3_get_client_certificate,-1
[*] /s; sim-cal:0.640887
[*] Detection Result:V 0.9623227019884987/0.8931061513922481 13/13,-1
[*] Detection for /binaries/target/openssl/openssl-OpenSSL_1_0_1t-o0-openssl,ssl3_get_client_certificate,-1
[*] /s; sim-cal:0.008375
[*] Detection Result:V 0.9667869877027844/0.897074405360502 13/13,-1
[*] Detection for /binaries/target/openssl/openssl-OpenSSL_1_0_1s-o0-openssl,ssl3_get_client_certificate,-1
[*] /s; sim-cal:0.007018
[*] Detection Result:V 0.9667869877027844/0.897074405360502 13/13,-1
[*] Detection for /binaries/target/openssl/openssl-OpenSSL_1_0_1u-o0-openssl,ssl3_get_client_certificate,1
[*] /s; sim-cal:0.003681
[*] Detection Result:P,1
[*] Detection for /binaries/target/openssl/openssl-OpenSSL_1_0_2i-o0-openssl,ssl3_get_client_certificate,1
[*] /s; sim-cal:0.617559
[*] Detection Result:P 0.9623227019884987/0.9627811469784121 15/14,1
[*] Detection for /binaries/target/openssl/openssl-OpenSSL_1_1_0a-o0-openssl,ssl3_get_client_certificate,1
target function: ssl3_get_client_certificate not found
------------------------------------------
[*] Detecting CVE: CVE-2016-7052
[*] Detection for /binaries/target/openssl/openssl-OpenSSL_1_0_2i-o0-openssl,get_crl_sk,-1
[*] /s; sim-cal:0.634315
[*] Detection Result:V,-1
[*] Detection for /binaries/target/openssl/openssl-OpenSSL_1_1_0b-o0-openssl,get_crl_sk,1
target function: get_crl_sk not found
[*] Detection for /binaries/target/openssl/openssl-OpenSSL_1_0_2j-o0-openssl,get_crl_sk,1
[*] /s; sim-cal:9.978227
[*] Detection Result:P,1
[*] Detection for /binaries/target/openssl/openssl-OpenSSL_1_1_0a-o0-openssl,get_crl_sk,1
target function: get_crl_sk not found
------------------------------------------
[*] Detecting CVE: CVE-2018-0732
[*] Detection for /binaries/target/openssl/openssl-OpenSSL_1_1_0h-o0-openssl,generate_key,-1
target function: generate_key not found
[*] Detection for /binaries/target/openssl/openssl-OpenSSL_1_0_2o-o0-openssl,generate_key,-1
[*] /s; sim-cal:0.003816
[*] Detection Result:V,-1
[*] Detection for /binaries/target/openssl/openssl-OpenSSL_1_0_2n-o0-openssl,generate_key,-1
[*] /s; sim-cal:9.941206
[*] Detection Result:V,-1
[*] Detection for /binaries/target/openssl/openssl-OpenSSL_1_1_1-pre8-o0-openssl,generate_key,1
target function: generate_key not found
[*] Detection for /binaries/target/openssl/openssl-OpenSSL_1_1_1-pre7-o0-openssl,generate_key,1
target function: generate_key not found
[*] Detection for /binaries/target/openssl/openssl-OpenSSL_1_1_1-pre6-o0-openssl,generate_key,1
target function: generate_key not found
------------------------------------------
[*] Detecting CVE: CVE-2018-0735
[*] Detection for /binaries/target/openssl/openssl-OpenSSL_1_1_1-o0-openssl,ec_scalar_mul_ladder,-1
[*] Detection Result:None,-1
[*] Detection for /binaries/target/openssl/openssl-OpenSSL_1_1_0i-o0-openssl,ec_scalar_mul_ladder,-1
[*] Detection Result:None,-1
[*] Detection for /binaries/target/openssl/openssl-OpenSSL_1_1_0h-o0-openssl,ec_scalar_mul_ladder,-1
[*] Detection Result:None,-1
[*] Detection for /binaries/target/openssl/openssl-OpenSSL_1_0_2q-o0-openssl,ec_scalar_mul_ladder,1
[*] Detection Result:None,1
[*] Detection for /binaries/target/openssl/openssl-OpenSSL_1_1_1a-o0-openssl,ec_scalar_mul_ladder,1
[*] Detection Result:None,1
[*] Detection for /binaries/target/openssl/openssl-OpenSSL_1_1_0j-o0-openssl,ec_scalar_mul_ladder,1
[*] Detection Result:None,1
------------------------------------------
[*] Detecting CVE: CVE-2018-0737
[*] Detection for /binaries/target/openssl/openssl-OpenSSL_1_1_0h-o0-libcrypto,rsa_builtin_keygen,-1
target function: rsa_builtin_keygen not found
[*] Detection for /binaries/target/openssl/openssl-OpenSSL_1_0_2o-o0-libcrypto,rsa_builtin_keygen,-1
target function: rsa_builtin_keygen not found
[*] Detection for /binaries/target/openssl/openssl-OpenSSL_1_0_2n-o0-libcrypto,rsa_builtin_keygen,-1
target function: rsa_builtin_keygen not found
[*] Detection for /binaries/target/openssl/openssl-OpenSSL_1_1_1-pre5-o0-libcrypto,rsa_builtin_keygen,1
target function: rsa_builtin_keygen not found
[*] Detection for /binaries/target/openssl/openssl-OpenSSL_1_1_1-pre4-o0-libcrypto,rsa_builtin_keygen,1
target function: rsa_builtin_keygen not found
[*] Detection for /binaries/target/openssl/openssl-OpenSSL_1_1_1-pre6-o0-libcrypto,rsa_builtin_keygen,1
target function: rsa_builtin_keygen not found
------------------------------------------
[*] Detecting CVE: CVE-2018-0739
[*] Detection for /binaries/target/openssl/openssl-OpenSSL_1_0_2n-o0-openssl,ASN1_item_ex_d2i,-1
[*] Detection Result:None,-1
[*] Detection for /binaries/target/openssl/openssl-OpenSSL_1_1_0g-o0-openssl,ASN1_item_ex_d2i,-1
[*] Detection Result:None,-1
[*] Detection for /binaries/target/openssl/openssl-OpenSSL_1_0_2m-o0-openssl,ASN1_item_ex_d2i,-1
[*] Detection Result:None,-1
[*] Detection for /binaries/target/openssl/openssl-OpenSSL_1_1_0h-o0-openssl,ASN1_item_ex_d2i,1
[*] Detection Result:None,1
[*] Detection for /binaries/target/openssl/openssl-OpenSSL_1_0_2o-o0-openssl,ASN1_item_ex_d2i,1
[*] Detection Result:None,1
[*] Detection for /binaries/target/openssl/openssl-OpenSSL_1_1_1-pre4-o0-openssl,ASN1_item_ex_d2i,1
[*] Detection Result:None,1
[*] Detection for /binaries/target/openssl/openssl-OpenSSL_1_0_2n-o0-openssl,asn1_item_embed_d2i,-1
[*] Detection Result:None,-1
[*] Detection for /binaries/target/openssl/openssl-OpenSSL_1_1_0g-o0-openssl,asn1_item_embed_d2i,-1
[*] Detection Result:None,-1
[*] Detection for /binaries/target/openssl/openssl-OpenSSL_1_0_2m-o0-openssl,asn1_item_embed_d2i,-1
[*] Detection Result:None,-1
[*] Detection for /binaries/target/openssl/openssl-OpenSSL_1_1_0h-o0-openssl,asn1_item_embed_d2i,1
[*] Detection Result:None,1
[*] Detection for /binaries/target/openssl/openssl-OpenSSL_1_0_2o-o0-openssl,asn1_item_embed_d2i,1
[*] Detection Result:None,1
[*] Detection for /binaries/target/openssl/openssl-OpenSSL_1_1_1-pre4-o0-openssl,asn1_item_embed_d2i,1
[*] Detection Result:None,1
[*] Detection for /binaries/target/openssl/openssl-OpenSSL_1_0_2n-o0-openssl,asn1_template_noexp_d2i,-1
[*] Detection Result:None,-1
[*] Detection for /binaries/target/openssl/openssl-OpenSSL_1_1_0g-o0-openssl,asn1_template_noexp_d2i,-1
[*] Detection Result:None,-1
[*] Detection for /binaries/target/openssl/openssl-OpenSSL_1_0_2m-o0-openssl,asn1_template_noexp_d2i,-1
[*] Detection Result:None,-1
[*] Detection for /binaries/target/openssl/openssl-OpenSSL_1_1_0h-o0-openssl,asn1_template_noexp_d2i,1
[*] Detection Result:None,1
[*] Detection for /binaries/target/openssl/openssl-OpenSSL_1_0_2o-o0-openssl,asn1_template_noexp_d2i,1
[*] Detection Result:None,1
[*] Detection for /binaries/target/openssl/openssl-OpenSSL_1_1_1-pre4-o0-openssl,asn1_template_noexp_d2i,1
[*] Detection Result:None,1
[*] Detection for /binaries/target/openssl/openssl-OpenSSL_1_0_2n-o0-openssl,asn1_check_tlen,-1
[*] Detection Result:None,-1
[*] Detection for /binaries/target/openssl/openssl-OpenSSL_1_1_0g-o0-openssl,asn1_check_tlen,-1
[*] Detection Result:None,-1
[*] Detection for /binaries/target/openssl/openssl-OpenSSL_1_0_2m-o0-openssl,asn1_check_tlen,-1
[*] Detection Result:None,-1
[*] Detection for /binaries/target/openssl/openssl-OpenSSL_1_1_0h-o0-openssl,asn1_check_tlen,1
[*] Detection Result:None,1
[*] Detection for /binaries/target/openssl/openssl-OpenSSL_1_0_2o-o0-openssl,asn1_check_tlen,1
[*] Detection Result:None,1
[*] Detection for /binaries/target/openssl/openssl-OpenSSL_1_1_1-pre4-o0-openssl,asn1_check_tlen,1
[*] Detection Result:None,1
[*] Detection for /binaries/target/openssl/openssl-OpenSSL_1_0_2n-o0-openssl,asn1_template_ex_d2i,-1
[*] Detection Result:None,-1
[*] Detection for /binaries/target/openssl/openssl-OpenSSL_1_1_0g-o0-openssl,asn1_template_ex_d2i,-1
[*] Detection Result:None,-1
[*] Detection for /binaries/target/openssl/openssl-OpenSSL_1_0_2m-o0-openssl,asn1_template_ex_d2i,-1
[*] Detection Result:None,-1
[*] Detection for /binaries/target/openssl/openssl-OpenSSL_1_1_0h-o0-openssl,asn1_template_ex_d2i,1
[*] Detection Result:None,1
[*] Detection for /binaries/target/openssl/openssl-OpenSSL_1_0_2o-o0-openssl,asn1_template_ex_d2i,1
[*] Detection Result:None,1
[*] Detection for /binaries/target/openssl/openssl-OpenSSL_1_1_1-pre4-o0-openssl,asn1_template_ex_d2i,1
[*] Detection Result:None,1
------------------------------------------
[*] Detecting CVE: CVE-2019-1543
[*] Detection for /binaries/target/openssl/openssl-OpenSSL_1_1_1b-o0-libcrypto,chacha20_poly1305_ctrl,-1
target function: chacha20_poly1305_ctrl not found
[*] Detection for /binaries/target/openssl/openssl-OpenSSL_1_1_1a-o0-libcrypto,chacha20_poly1305_ctrl,-1
target function: chacha20_poly1305_ctrl not found
[*] Detection for /binaries/target/openssl/openssl-OpenSSL_1_1_0j-o0-libcrypto,chacha20_poly1305_ctrl,-1
target function: chacha20_poly1305_ctrl not found
[*] Detection for /binaries/target/openssl/openssl-OpenSSL_1_1_0k-o0-libcrypto,chacha20_poly1305_ctrl,1
target function: chacha20_poly1305_ctrl not found
[*] Detection for /binaries/target/openssl/openssl-OpenSSL_1_0_2s-o0-libcrypto,chacha20_poly1305_ctrl,1
target function: chacha20_poly1305_ctrl not found
[*] Detection for /binaries/target/openssl/openssl-OpenSSL_1_1_1c-o0-libcrypto,chacha20_poly1305_ctrl,1
target function: chacha20_poly1305_ctrl not found
------------------------------------------
[*] Detecting CVE: CVE-2019-1547
[*] Detection for /binaries/target/openssl/openssl-OpenSSL_1_0_2s-o0-libcrypto,ec_guess_cofactor,-1
[*] Detection Result:None,-1
[*] Detection for /binaries/target/openssl/openssl-OpenSSL_1_1_0k-o0-libcrypto,ec_guess_cofactor,-1
[*] Detection Result:None,-1
[*] Detection for /binaries/target/openssl/openssl-OpenSSL_1_1_1c-o0-libcrypto,ec_guess_cofactor,-1
[*] Detection Result:None,-1
[*] Detection for /binaries/target/openssl/openssl-OpenSSL_1_0_2t-o0-libcrypto,ec_guess_cofactor,1
[*] Detection Result:None,1
[*] Detection for /binaries/target/openssl/openssl-OpenSSL_1_1_1d-o0-libcrypto,ec_guess_cofactor,1
[*] Detection Result:None,1
[*] Detection for /binaries/target/openssl/openssl-OpenSSL_1_1_0l-o0-libcrypto,ec_guess_cofactor,1
[*] Detection Result:None,1
[*] Detection for /binaries/target/openssl/openssl-OpenSSL_1_0_2s-o0-libcrypto,EC_GROUP_set_generator,-1
[*] Detection Result:None,-1
[*] Detection for /binaries/target/openssl/openssl-OpenSSL_1_1_0k-o0-libcrypto,EC_GROUP_set_generator,-1
[*] Detection Result:None,-1
[*] Detection for /binaries/target/openssl/openssl-OpenSSL_1_1_1c-o0-libcrypto,EC_GROUP_set_generator,-1
[*] Detection Result:None,-1
[*] Detection for /binaries/target/openssl/openssl-OpenSSL_1_0_2t-o0-libcrypto,EC_GROUP_set_generator,1
[*] Detection Result:None,1
[*] Detection for /binaries/target/openssl/openssl-OpenSSL_1_1_1d-o0-libcrypto,EC_GROUP_set_generator,1
[*] Detection Result:None,1
[*] Detection for /binaries/target/openssl/openssl-OpenSSL_1_1_0l-o0-libcrypto,EC_GROUP_set_generator,1
[*] Detection Result:None,1
[*] Detection for /binaries/target/openssl/openssl-OpenSSL_1_0_2s-o0-libcrypto,EC_METHOD_get_field_type,-1
[*] /s; sim-cal:0.000386
[*] Detection Result:N VP no diff,-1
[*] Detection for /binaries/target/openssl/openssl-OpenSSL_1_1_0k-o0-libcrypto,EC_METHOD_get_field_type,-1
[*] /s; sim-cal:0.279239
[*] Detection Result:N VP no diff,-1
[*] Detection for /binaries/target/openssl/openssl-OpenSSL_1_1_1c-o0-libcrypto,EC_METHOD_get_field_type,-1
[*] /s; sim-cal:0.261797
[*] Detection Result:N VP no diff,-1
[*] Detection for /binaries/target/openssl/openssl-OpenSSL_1_0_2t-o0-libcrypto,EC_METHOD_get_field_type,1
[*] /s; sim-cal:0.000315
[*] Detection Result:N VP no diff,1
[*] Detection for /binaries/target/openssl/openssl-OpenSSL_1_1_1d-o0-libcrypto,EC_METHOD_get_field_type,1
[*] /s; sim-cal:2.384236
[*] Detection Result:N VP no diff,1
[*] Detection for /binaries/target/openssl/openssl-OpenSSL_1_1_0l-o0-libcrypto,EC_METHOD_get_field_type,1
[*] /s; sim-cal:2.153155
[*] Detection Result:N VP no diff,1
------------------------------------------
[*] Detecting CVE: CVE-2019-1559
[*] Detection for /binaries/target/openssl/openssl-OpenSSL_1_0_2q-o0-openssl,ssl3_read_bytes,-1
[*] /s; sim-cal:10.048501
[*] Detection Result:V,-1
[*] Detection for /binaries/target/openssl/openssl-OpenSSL_1_0_2p-o0-openssl,ssl3_read_bytes,-1
[*] /s; sim-cal:9.993224
[*] Detection Result:V,-1
[*] Detection for /binaries/target/openssl/openssl-OpenSSL_1_0_2o-o0-openssl,ssl3_read_bytes,-1
[*] /s; sim-cal:0.009079
[*] Detection Result:V,-1
[*] Detection for /binaries/target/openssl/openssl-OpenSSL_1_1_1b-o0-openssl,ssl3_read_bytes,1
target function: ssl3_read_bytes not found
[*] Detection for /binaries/target/openssl/openssl-OpenSSL_1_0_2r-o0-openssl,ssl3_read_bytes,1
[*] /s; sim-cal:10.015759
[*] Detection Result:P,1
[*] Detection for /binaries/target/openssl/openssl-OpenSSL_1_1_0k-o0-openssl,ssl3_read_bytes,1
target function: ssl3_read_bytes not found
[*] Detection for /binaries/target/openssl/openssl-OpenSSL_1_0_2q-o0-openssl,ssl3_send_alert,-1
[*] /s; sim-cal:0.503801
[*] Detection Result:V,-1
[*] Detection for /binaries/target/openssl/openssl-OpenSSL_1_0_2p-o0-openssl,ssl3_send_alert,-1
[*] /s; sim-cal:0.541907
[*] Detection Result:V,-1
[*] Detection for /binaries/target/openssl/openssl-OpenSSL_1_0_2o-o0-openssl,ssl3_send_alert,-1
[*] /s; sim-cal:0.001048
[*] Detection Result:V,-1
[*] Detection for /binaries/target/openssl/openssl-OpenSSL_1_1_1b-o0-openssl,ssl3_send_alert,1
target function: ssl3_send_alert not found
[*] Detection for /binaries/target/openssl/openssl-OpenSSL_1_0_2r-o0-openssl,ssl3_send_alert,1
[*] /s; sim-cal:0.487209
[*] Detection Result:P,1
[*] Detection for /binaries/target/openssl/openssl-OpenSSL_1_1_0k-o0-openssl,ssl3_send_alert,1
target function: ssl3_send_alert not found
[*] Detection for /binaries/target/openssl/openssl-OpenSSL_1_0_2q-o0-openssl,dtls1_read_bytes,-1
[*] /s; sim-cal:0.601919
[*] Detection Result:V,-1
[*] Detection for /binaries/target/openssl/openssl-OpenSSL_1_0_2p-o0-openssl,dtls1_read_bytes,-1
[*] /s; sim-cal:0.606276
[*] Detection Result:V 0.9022661833612163/0.8993667750771925 15/15,-1
[*] Detection for /binaries/target/openssl/openssl-OpenSSL_1_0_2o-o0-openssl,dtls1_read_bytes,-1
[*] /s; sim-cal:0.020297
[*] Detection Result:V 0.9022661833612163/0.8993667750771925 15/15,-1
[*] Detection for /binaries/target/openssl/openssl-OpenSSL_1_1_1b-o0-openssl,dtls1_read_bytes,1
target function: dtls1_read_bytes not found
[*] Detection for /binaries/target/openssl/openssl-OpenSSL_1_0_2r-o0-openssl,dtls1_read_bytes,1
[*] /s; sim-cal:0.589258
[*] Detection Result:P,1
[*] Detection for /binaries/target/openssl/openssl-OpenSSL_1_1_0k-o0-openssl,dtls1_read_bytes,1
target function: dtls1_read_bytes not found
------------------------------------------
[*] Detecting CVE: CVE-2019-1563
[*] Detection for /binaries/target/openssl/openssl-OpenSSL_1_0_2s-o0-libcrypto,pkcs7_decrypt_rinfo,-1
target function: pkcs7_decrypt_rinfo not found
[*] Detection for /binaries/target/openssl/openssl-OpenSSL_1_1_0k-o0-libcrypto,pkcs7_decrypt_rinfo,-1
target function: pkcs7_decrypt_rinfo not found
[*] Detection for /binaries/target/openssl/openssl-OpenSSL_1_1_1c-o0-libcrypto,pkcs7_decrypt_rinfo,-1
target function: pkcs7_decrypt_rinfo not found
[*] Detection for /binaries/target/openssl/openssl-OpenSSL_1_0_2t-o0-libcrypto,pkcs7_decrypt_rinfo,1
target function: pkcs7_decrypt_rinfo not found
[*] Detection for /binaries/target/openssl/openssl-OpenSSL_1_1_1d-o0-libcrypto,pkcs7_decrypt_rinfo,1
target function: pkcs7_decrypt_rinfo not found
[*] Detection for /binaries/target/openssl/openssl-OpenSSL_1_1_0l-o0-libcrypto,pkcs7_decrypt_rinfo,1
target function: pkcs7_decrypt_rinfo not found
[*] Detection for /binaries/target/openssl/openssl-OpenSSL_1_0_2s-o0-libcrypto,CMS_decrypt,-1
[*] /s; sim-cal:0.008723
[*] Detection Result:V 0.28243909959913654/0.0 1/1,-1
[*] Detection for /binaries/target/openssl/openssl-OpenSSL_1_1_0k-o0-libcrypto,CMS_decrypt,-1
[*] /s; sim-cal:0.265374
[*] Detection Result:V 0.28243909959913654/0.0 1/1,-1
[*] Detection for /binaries/target/openssl/openssl-OpenSSL_1_1_1c-o0-libcrypto,CMS_decrypt,-1
[*] /s; sim-cal:0.278276
[*] Detection Result:V 0.28243909959913654/0.0 1/1,-1
[*] Detection for /binaries/target/openssl/openssl-OpenSSL_1_0_2t-o0-libcrypto,CMS_decrypt,1
[*] /s; sim-cal:0.007148
[*] Detection Result:V 0.28243909959913654/0.0 1/1,1
[*] Detection for /binaries/target/openssl/openssl-OpenSSL_1_1_1d-o0-libcrypto,CMS_decrypt,1
[*] /s; sim-cal:0.302292
[*] Detection Result:V 0.28243909959913654/0.0 1/1,1
[*] Detection for /binaries/target/openssl/openssl-OpenSSL_1_1_0l-o0-libcrypto,CMS_decrypt,1
[*] /s; sim-cal:0.262959
[*] Detection Result:V 0.28243909959913654/0.0 1/1,1
[*] Detection for /binaries/target/openssl/openssl-OpenSSL_1_0_2s-o0-libcrypto,cms_RecipientInfo_ktri_decrypt,-1
target function: cms_RecipientInfo_ktri_decrypt not found
[*] Detection for /binaries/target/openssl/openssl-OpenSSL_1_1_0k-o0-libcrypto,cms_RecipientInfo_ktri_decrypt,-1
target function: cms_RecipientInfo_ktri_decrypt not found
[*] Detection for /binaries/target/openssl/openssl-OpenSSL_1_1_1c-o0-libcrypto,cms_RecipientInfo_ktri_decrypt,-1
target function: cms_RecipientInfo_ktri_decrypt not found
[*] Detection for /binaries/target/openssl/openssl-OpenSSL_1_0_2t-o0-libcrypto,cms_RecipientInfo_ktri_decrypt,1
target function: cms_RecipientInfo_ktri_decrypt not found
[*] Detection for /binaries/target/openssl/openssl-OpenSSL_1_1_1d-o0-libcrypto,cms_RecipientInfo_ktri_decrypt,1
target function: cms_RecipientInfo_ktri_decrypt not found
[*] Detection for /binaries/target/openssl/openssl-OpenSSL_1_1_0l-o0-libcrypto,cms_RecipientInfo_ktri_decrypt,1
target function: cms_RecipientInfo_ktri_decrypt not found
[*] Detection for /binaries/target/openssl/openssl-OpenSSL_1_0_2s-o0-libcrypto,pkcs7_encode_rinfo,-1
target function: pkcs7_encode_rinfo not found
[*] Detection for /binaries/target/openssl/openssl-OpenSSL_1_1_0k-o0-libcrypto,pkcs7_encode_rinfo,-1
target function: pkcs7_encode_rinfo not found
[*] Detection for /binaries/target/openssl/openssl-OpenSSL_1_1_1c-o0-libcrypto,pkcs7_encode_rinfo,-1
target function: pkcs7_encode_rinfo not found
[*] Detection for /binaries/target/openssl/openssl-OpenSSL_1_0_2t-o0-libcrypto,pkcs7_encode_rinfo,1
target function: pkcs7_encode_rinfo not found
[*] Detection for /binaries/target/openssl/openssl-OpenSSL_1_1_1d-o0-libcrypto,pkcs7_encode_rinfo,1
target function: pkcs7_encode_rinfo not found
[*] Detection for /binaries/target/openssl/openssl-OpenSSL_1_1_0l-o0-libcrypto,pkcs7_encode_rinfo,1
target function: pkcs7_encode_rinfo not found
[*] Detection for /binaries/target/openssl/openssl-OpenSSL_1_0_2s-o0-libcrypto,PKCS7_dataDecode,-1
target function: PKCS7_dataDecode not found
[*] Detection for /binaries/target/openssl/openssl-OpenSSL_1_1_0k-o0-libcrypto,PKCS7_dataDecode,-1
target function: PKCS7_dataDecode not found
[*] Detection for /binaries/target/openssl/openssl-OpenSSL_1_1_1c-o0-libcrypto,PKCS7_dataDecode,-1
target function: PKCS7_dataDecode not found
[*] Detection for /binaries/target/openssl/openssl-OpenSSL_1_0_2t-o0-libcrypto,PKCS7_dataDecode,1
target function: PKCS7_dataDecode not found
[*] Detection for /binaries/target/openssl/openssl-OpenSSL_1_1_1d-o0-libcrypto,PKCS7_dataDecode,1
target function: PKCS7_dataDecode not found
[*] Detection for /binaries/target/openssl/openssl-OpenSSL_1_1_0l-o0-libcrypto,PKCS7_dataDecode,1
target function: PKCS7_dataDecode not found
------------------------------------------
[*] Detecting CVE: CVE-2020-1967
[*] Detection for /binaries/target/openssl/openssl-OpenSSL_1_1_1f-o0-libssl,tls1_check_sig_alg,-1
target function: tls1_check_sig_alg not found
[*] Detection for /binaries/target/openssl/openssl-OpenSSL_1_1_1e-o0-libssl,tls1_check_sig_alg,-1
target function: tls1_check_sig_alg not found
[*] Detection for /binaries/target/openssl/openssl-OpenSSL_1_1_1d-o0-libssl,tls1_check_sig_alg,-1
target function: tls1_check_sig_alg not found
[*] Detection for /binaries/target/openssl/openssl-OpenSSL_1_1_1g-o0-libssl,tls1_check_sig_alg,1
target function: tls1_check_sig_alg not found
[*] Detection for /binaries/target/openssl/openssl-openssl-3.0.0-alpha1-o0-libssl,tls1_check_sig_alg,1
target function: tls1_check_sig_alg not found
[*] Detection for /binaries/target/openssl/openssl-openssl-3.0.0-alpha2-o0-libssl,tls1_check_sig_alg,1
target function: tls1_check_sig_alg not found
------------------------------------------
[*] Detecting CVE: CVE-2021-23840
[*] Detection for /binaries/target/openssl/openssl-OpenSSL_1_1_1i-o0-libcrypto,evp_EncryptDecryptUpdate,-1
target function: evp_EncryptDecryptUpdate not found
[*] Detection for /binaries/target/openssl/openssl-OpenSSL_1_1_1h-o0-libcrypto,evp_EncryptDecryptUpdate,-1
target function: evp_EncryptDecryptUpdate not found
[*] Detection for /binaries/target/openssl/openssl-OpenSSL_1_1_1g-o0-libcrypto,evp_EncryptDecryptUpdate,-1
target function: evp_EncryptDecryptUpdate not found
[*] Detection for /binaries/target/openssl/openssl-OpenSSL_1_1_1j-o0-libcrypto,evp_EncryptDecryptUpdate,1
target function: evp_EncryptDecryptUpdate not found
[*] Detection for /binaries/target/openssl/openssl-openssl-3.0.0-alpha12-o0-libcrypto,evp_EncryptDecryptUpdate,1
target function: evp_EncryptDecryptUpdate not found
[*] Detection for /binaries/target/openssl/openssl-openssl-3.0.0-alpha11-o0-libcrypto,evp_EncryptDecryptUpdate,1
target function: evp_EncryptDecryptUpdate not found
[*] Detection for /binaries/target/openssl/openssl-OpenSSL_1_1_1i-o0-libcrypto,EVP_DecryptUpdate,-1
[*] /s; sim-cal:0.29793
[*] Detection Result:C can't tell,-1
[*] Detection for /binaries/target/openssl/openssl-OpenSSL_1_1_1h-o0-libcrypto,EVP_DecryptUpdate,-1
[*] /s; sim-cal:0.282588
[*] Detection Result:C can't tell,-1
[*] Detection for /binaries/target/openssl/openssl-OpenSSL_1_1_1g-o0-libcrypto,EVP_DecryptUpdate,-1
[*] /s; sim-cal:0.276616
[*] Detection Result:C can't tell,-1
[*] Detection for /binaries/target/openssl/openssl-OpenSSL_1_1_1j-o0-libcrypto,EVP_DecryptUpdate,1
[*] /s; sim-cal:0.267085
[*] Detection Result:C can't tell,1
[*] Detection for /binaries/target/openssl/openssl-openssl-3.0.0-alpha12-o0-libcrypto,EVP_DecryptUpdate,1
[*] /s; sim-cal:0.296354
[*] Detection Result:C can't tell,1
[*] Detection for /binaries/target/openssl/openssl-openssl-3.0.0-alpha11-o0-libcrypto,EVP_DecryptUpdate,1
[*] /s; sim-cal:0.643376
[*] Detection Result:C can't tell,1
------------------------------------------
[*] Detecting CVE: CVE-2021-3711
[*] Detection for /binaries/target/openssl/openssl-OpenSSL_1_1_1k-o0-openssl,ec_field_size,-1
[*] Detection Result:None,-1
[*] Detection for /binaries/target/openssl/openssl-OpenSSL_1_1_1j-o0-openssl,ec_field_size,-1
[*] Detection Result:None,-1
[*] Detection for /binaries/target/openssl/openssl-OpenSSL_1_1_1i-o0-openssl,ec_field_size,-1
[*] Detection Result:None,-1
[*] Detection for /binaries/target/openssl/openssl-OpenSSL_1_1_1l-o0-openssl,ec_field_size,1
[*] Detection Result:None,1
[*] Detection for /binaries/target/openssl/openssl-openssl-3.0.0-o0-openssl,ec_field_size,1
[*] Detection Result:None,1
[*] Detection for /binaries/target/openssl/openssl-openssl-3.0.0-beta2-o0-openssl,ec_field_size,1
[*] Detection Result:None,1
[*] Detection for /binaries/target/openssl/openssl-OpenSSL_1_1_1k-o0-openssl,test_sm2_crypt,-1
[*] Detection Result:None,-1
[*] Detection for /binaries/target/openssl/openssl-OpenSSL_1_1_1j-o0-openssl,test_sm2_crypt,-1
[*] Detection Result:None,-1
[*] Detection for /binaries/target/openssl/openssl-OpenSSL_1_1_1i-o0-openssl,test_sm2_crypt,-1
[*] Detection Result:None,-1
[*] Detection for /binaries/target/openssl/openssl-OpenSSL_1_1_1l-o0-openssl,test_sm2_crypt,1
[*] Detection Result:None,1
[*] Detection for /binaries/target/openssl/openssl-openssl-3.0.0-o0-openssl,test_sm2_crypt,1
[*] Detection Result:None,1
[*] Detection for /binaries/target/openssl/openssl-openssl-3.0.0-beta2-o0-openssl,test_sm2_crypt,1
[*] Detection Result:None,1
[*] Detection for /binaries/target/openssl/openssl-OpenSSL_1_1_1k-o0-openssl,pkey_sm2_decrypt,-1
[*] Detection Result:None,-1
[*] Detection for /binaries/target/openssl/openssl-OpenSSL_1_1_1j-o0-openssl,pkey_sm2_decrypt,-1
[*] Detection Result:None,-1
[*] Detection for /binaries/target/openssl/openssl-OpenSSL_1_1_1i-o0-openssl,pkey_sm2_decrypt,-1
[*] Detection Result:None,-1
[*] Detection for /binaries/target/openssl/openssl-OpenSSL_1_1_1l-o0-openssl,pkey_sm2_decrypt,1
[*] Detection Result:None,1
[*] Detection for /binaries/target/openssl/openssl-openssl-3.0.0-o0-openssl,pkey_sm2_decrypt,1
[*] Detection Result:None,1
[*] Detection for /binaries/target/openssl/openssl-openssl-3.0.0-beta2-o0-openssl,pkey_sm2_decrypt,1
[*] Detection Result:None,1
------------------------------------------
[*] Detecting CVE: CVE-2021-3712
[*] Detection for /binaries/target/openssl/openssl-OpenSSL_1_1_1k-o0-openssl,EC_GROUP_new_from_ecparameters,-1
[*] Detection Result:None,-1
[*] Detection for /binaries/target/openssl/openssl-OpenSSL_1_1_1j-o0-openssl,EC_GROUP_new_from_ecparameters,-1
[*] Detection Result:None,-1
[*] Detection for /binaries/target/openssl/openssl-OpenSSL_1_1_1i-o0-openssl,EC_GROUP_new_from_ecparameters,-1
[*] Detection Result:None,-1
[*] Detection for /binaries/target/openssl/openssl-OpenSSL_1_1_1l-o0-openssl,EC_GROUP_new_from_ecparameters,1
[*] Detection Result:None,1
[*] Detection for /binaries/target/openssl/openssl-openssl-3.0.0-o0-openssl,EC_GROUP_new_from_ecparameters,1
[*] Detection Result:None,1
[*] Detection for /binaries/target/openssl/openssl-openssl-3.0.0-beta2-o0-openssl,EC_GROUP_new_from_ecparameters,1
[*] Detection Result:None,1
------------------------------------------
[*] Detecting CVE: CVE-2021-4044
[*] Detection for /binaries/target/openssl/openssl-openssl-3.0.0-o0-libssl,tls_post_process_server_certificate,-1
target function: tls_post_process_server_certificate not found
[*] Detection for /binaries/target/openssl/openssl-OpenSSL_1_0_1u-o0-libssl,tls_post_process_server_certificate,-1
target function: tls_post_process_server_certificate not found
[*] Detection for /binaries/target/openssl/openssl-OpenSSL_1_1_0-o0-libssl,tls_post_process_server_certificate,-1
target function: tls_post_process_server_certificate not found
[*] Detection for /binaries/target/openssl/openssl-openssl-3.0.1-o0-libssl,tls_post_process_server_certificate,1
target function: tls_post_process_server_certificate not found
[*] Detection for /binaries/target/openssl/openssl-OpenSSL_1_1_1m-o0-libssl,tls_post_process_server_certificate,1
target function: tls_post_process_server_certificate not found
[*] Detection for /binaries/target/openssl/openssl-OpenSSL_1_1_1n-o0-libssl,tls_post_process_server_certificate,1
target function: tls_post_process_server_certificate not found
[*] Detection for /binaries/target/openssl/openssl-openssl-3.0.0-o0-libssl,ssl_verify_cert_chain,-1
target function: ssl_verify_cert_chain not found
[*] Detection for /binaries/target/openssl/openssl-OpenSSL_1_0_1u-o0-libssl,ssl_verify_cert_chain,-1
target function: ssl_verify_cert_chain not found
[*] Detection for /binaries/target/openssl/openssl-OpenSSL_1_1_0-o0-libssl,ssl_verify_cert_chain,-1
target function: ssl_verify_cert_chain not found
[*] Detection for /binaries/target/openssl/openssl-openssl-3.0.1-o0-libssl,ssl_verify_cert_chain,1
target function: ssl_verify_cert_chain not found
[*] Detection for /binaries/target/openssl/openssl-OpenSSL_1_1_1m-o0-libssl,ssl_verify_cert_chain,1
target function: ssl_verify_cert_chain not found
[*] Detection for /binaries/target/openssl/openssl-OpenSSL_1_1_1n-o0-libssl,ssl_verify_cert_chain,1
target function: ssl_verify_cert_chain not found
[*] Detection for /binaries/target/openssl/openssl-openssl-3.0.0-o0-libssl,ssl_cert_set_cert_cb,-1
target function: ssl_cert_set_cert_cb not found
[*] Detection for /binaries/target/openssl/openssl-OpenSSL_1_0_1u-o0-libssl,ssl_cert_set_cert_cb,-1
target function: ssl_cert_set_cert_cb not found
[*] Detection for /binaries/target/openssl/openssl-OpenSSL_1_1_0-o0-libssl,ssl_cert_set_cert_cb,-1
target function: ssl_cert_set_cert_cb not found
[*] Detection for /binaries/target/openssl/openssl-openssl-3.0.1-o0-libssl,ssl_cert_set_cert_cb,1
target function: ssl_cert_set_cert_cb not found
[*] Detection for /binaries/target/openssl/openssl-OpenSSL_1_1_1m-o0-libssl,ssl_cert_set_cert_cb,1
target function: ssl_cert_set_cert_cb not found
[*] Detection for /binaries/target/openssl/openssl-OpenSSL_1_1_1n-o0-libssl,ssl_cert_set_cert_cb,1
target function: ssl_cert_set_cert_cb not found
------------------------------------------
[*] Detecting CVE: CVE-2021-4160
[*] Detection for /binaries/target/openssl/openssl-openssl-3.0.0-o0-openssl,test_modexp_mont5,-1
[*] Detection Result:None,-1
[*] Detection for /binaries/target/openssl/openssl-OpenSSL_1_1_1l-o0-openssl,test_modexp_mont5,-1
[*] Detection Result:None,-1
[*] Detection for /binaries/target/openssl/openssl-openssl-3.0.0-beta2-o0-openssl,test_modexp_mont5,-1
[*] Detection Result:None,-1
[*] Detection for /binaries/target/openssl/openssl-openssl-3.0.1-o0-openssl,test_modexp_mont5,1
[*] Detection Result:None,1
[*] Detection for /binaries/target/openssl/openssl-OpenSSL_1_1_1m-o0-openssl,test_modexp_mont5,1
[*] Detection Result:None,1
[*] Detection for /binaries/target/openssl/openssl-OpenSSL_1_1_1n-o0-openssl,test_modexp_mont5,1
[*] Detection Result:None,1
------------------------------------------
[*] Detecting CVE: CVE-2022-1343
[*] Detection for /binaries/target/openssl/openssl-openssl-3.0.2-o0-libcrypto,ocsp_verify_signer,-1
target function: ocsp_verify_signer not found
[*] Detection for /binaries/target/openssl/openssl-openssl-3.0.1-o0-libcrypto,ocsp_verify_signer,-1
target function: ocsp_verify_signer not found
[*] Detection for /binaries/target/openssl/openssl-openssl-3.0.0-o0-libcrypto,ocsp_verify_signer,-1
target function: ocsp_verify_signer not found
[*] Detection for /binaries/target/openssl/openssl-OpenSSL_1_1_1o-o0-libcrypto,ocsp_verify_signer,1
target function: ocsp_verify_signer not found
[*] Detection for /binaries/target/openssl/openssl-openssl-3.0.3-o0-libcrypto,ocsp_verify_signer,1
target function: ocsp_verify_signer not found
[*] Detection for /binaries/target/openssl/openssl-OpenSSL_1_1_1p-o0-libcrypto,ocsp_verify_signer,1
target function: ocsp_verify_signer not found
------------------------------------------
[*] Detecting CVE: CVE-2022-1434
[*] Detection for /binaries/target/openssl/openssl-openssl-3.0.2-o0-openssl,rc4_hmac_md5_set_ctx_params,-1
[*] Detection Result:None,-1
[*] Detection for /binaries/target/openssl/openssl-openssl-3.0.1-o0-openssl,rc4_hmac_md5_set_ctx_params,-1
[*] Detection Result:None,-1
[*] Detection for /binaries/target/openssl/openssl-openssl-3.0.0-o0-openssl,rc4_hmac_md5_set_ctx_params,-1
[*] Detection Result:None,-1
[*] Detection for /binaries/target/openssl/openssl-OpenSSL_1_1_1o-o0-openssl,rc4_hmac_md5_set_ctx_params,1
[*] Detection Result:None,1
[*] Detection for /binaries/target/openssl/openssl-openssl-3.0.3-o0-openssl,rc4_hmac_md5_set_ctx_params,1
[*] Detection Result:None,1
[*] Detection for /binaries/target/openssl/openssl-OpenSSL_1_1_1p-o0-openssl,rc4_hmac_md5_set_ctx_params,1
[*] Detection Result:None,1
------------------------------------------
[*] Detecting CVE: CVE-2022-1473
[*] Detection for /binaries/target/openssl/openssl-openssl-3.0.2-o0-libcrypto,OPENSSL_LH_flush,-1
target function: OPENSSL_LH_flush not found
[*] Detection for /binaries/target/openssl/openssl-openssl-3.0.1-o0-libcrypto,OPENSSL_LH_flush,-1
target function: OPENSSL_LH_flush not found
[*] Detection for /binaries/target/openssl/openssl-openssl-3.0.0-o0-libcrypto,OPENSSL_LH_flush,-1
target function: OPENSSL_LH_flush not found
[*] Detection for /binaries/target/openssl/openssl-OpenSSL_1_1_1o-o0-libcrypto,OPENSSL_LH_flush,1
target function: OPENSSL_LH_flush not found
[*] Detection for /binaries/target/openssl/openssl-openssl-3.0.3-o0-libcrypto,OPENSSL_LH_flush,1
target function: OPENSSL_LH_flush not found
[*] Detection for /binaries/target/openssl/openssl-OpenSSL_1_1_1p-o0-libcrypto,OPENSSL_LH_flush,1
target function: OPENSSL_LH_flush not found
------------------------------------------
[*] Detecting CVE: CVE-2022-2274
[*] Detection for /binaries/target/openssl/openssl-openssl-3.0.4-o0-libcrypto,ossl_rsaz_mod_exp_avx512_x2,-1
target function: ossl_rsaz_mod_exp_avx512_x2 not found
[*] Detection for /binaries/target/openssl/openssl-openssl-3.0.5-o0-libcrypto,ossl_rsaz_mod_exp_avx512_x2,1
target function: ossl_rsaz_mod_exp_avx512_x2 not found
[*] Detection for /binaries/target/openssl/openssl-OpenSSL_1_1_1q-o0-libcrypto,ossl_rsaz_mod_exp_avx512_x2,1
target function: ossl_rsaz_mod_exp_avx512_x2 not found
[*] Detection for /binaries/target/openssl/openssl-OpenSSL_1_1_1r-o0-libcrypto,ossl_rsaz_mod_exp_avx512_x2,1
target function: ossl_rsaz_mod_exp_avx512_x2 not found
------------------------------------------
[*] Detecting CVE: CVE-2022-3358
[*] Detection for /binaries/target/openssl/openssl-openssl-3.0.5-o0-libcrypto,evp_md_init_internal,-1
target function: evp_md_init_internal not found
[*] Detection for /binaries/target/openssl/openssl-openssl-3.0.4-o0-libcrypto,evp_md_init_internal,-1
target function: evp_md_init_internal not found
[*] Detection for /binaries/target/openssl/openssl-openssl-3.0.3-o0-libcrypto,evp_md_init_internal,-1
target function: evp_md_init_internal not found
[*] Detection for /binaries/target/openssl/openssl-OpenSSL_1_1_1r-o0-libcrypto,evp_md_init_internal,1
target function: evp_md_init_internal not found
[*] Detection for /binaries/target/openssl/openssl-openssl-3.0.6-o0-libcrypto,evp_md_init_internal,1
target function: evp_md_init_internal not found
[*] Detection for /binaries/target/openssl/openssl-OpenSSL_1_1_1s-o0-libcrypto,evp_md_init_internal,1
target function: evp_md_init_internal not found
[*] Detection for /binaries/target/openssl/openssl-openssl-3.0.5-o0-libcrypto,evp_cipher_init_internal,-1
target function: evp_cipher_init_internal not found
[*] Detection for /binaries/target/openssl/openssl-openssl-3.0.4-o0-libcrypto,evp_cipher_init_internal,-1
target function: evp_cipher_init_internal not found
[*] Detection for /binaries/target/openssl/openssl-openssl-3.0.3-o0-libcrypto,evp_cipher_init_internal,-1
target function: evp_cipher_init_internal not found
[*] Detection for /binaries/target/openssl/openssl-OpenSSL_1_1_1r-o0-libcrypto,evp_cipher_init_internal,1
target function: evp_cipher_init_internal not found
[*] Detection for /binaries/target/openssl/openssl-openssl-3.0.6-o0-libcrypto,evp_cipher_init_internal,1
target function: evp_cipher_init_internal not found
[*] Detection for /binaries/target/openssl/openssl-OpenSSL_1_1_1s-o0-libcrypto,evp_cipher_init_internal,1
target function: evp_cipher_init_internal not found
------------------------------------------
[*] Detecting CVE: CVE-2022-3602
[*] Detection for /binaries/target/openssl/openssl-openssl-3.0.6-o0-libcrypto,ossl_punycode_decode,-1
target function: ossl_punycode_decode not found
[*] Detection for /binaries/target/openssl/openssl-openssl-3.0.5-o0-libcrypto,ossl_punycode_decode,-1
target function: ossl_punycode_decode not found
[*] Detection for /binaries/target/openssl/openssl-openssl-3.0.4-o0-libcrypto,ossl_punycode_decode,-1
target function: ossl_punycode_decode not found
[*] Detection for /binaries/target/openssl/openssl-OpenSSL_1_1_1s-o0-libcrypto,ossl_punycode_decode,1
target function: ossl_punycode_decode not found
[*] Detection for /binaries/target/openssl/openssl-openssl-3.0.7-o0-libcrypto,ossl_punycode_decode,1
target function: ossl_punycode_decode not found
[*] Detection for /binaries/target/openssl/openssl-openssl-3.1.0-alpha1-o0-libcrypto,ossl_punycode_decode,1
target function: ossl_punycode_decode not found
------------------------------------------
[*] Detecting CVE: CVE-2022-3786
[*] Detection for /binaries/target/openssl/openssl-openssl-3.0.6-o0-libcrypto,ossl_punycode_decode,-1
target function: ossl_punycode_decode not found
[*] Detection for /binaries/target/openssl/openssl-openssl-3.0.5-o0-libcrypto,ossl_punycode_decode,-1
target function: ossl_punycode_decode not found
[*] Detection for /binaries/target/openssl/openssl-openssl-3.0.4-o0-libcrypto,ossl_punycode_decode,-1
target function: ossl_punycode_decode not found
[*] Detection for /binaries/target/openssl/openssl-OpenSSL_1_1_1s-o0-libcrypto,ossl_punycode_decode,1
target function: ossl_punycode_decode not found
[*] Detection for /binaries/target/openssl/openssl-openssl-3.0.7-o0-libcrypto,ossl_punycode_decode,1
target function: ossl_punycode_decode not found
[*] Detection for /binaries/target/openssl/openssl-openssl-3.1.0-alpha1-o0-libcrypto,ossl_punycode_decode,1
target function: ossl_punycode_decode not found
[*] Detection for /binaries/target/openssl/openssl-openssl-3.0.6-o0-libcrypto,ossl_a2ulabel,-1
target function: ossl_a2ulabel not found
[*] Detection for /binaries/target/openssl/openssl-openssl-3.0.5-o0-libcrypto,ossl_a2ulabel,-1
target function: ossl_a2ulabel not found
[*] Detection for /binaries/target/openssl/openssl-openssl-3.0.4-o0-libcrypto,ossl_a2ulabel,-1
target function: ossl_a2ulabel not found
[*] Detection for /binaries/target/openssl/openssl-OpenSSL_1_1_1s-o0-libcrypto,ossl_a2ulabel,1
target function: ossl_a2ulabel not found
[*] Detection for /binaries/target/openssl/openssl-openssl-3.0.7-o0-libcrypto,ossl_a2ulabel,1
target function: ossl_a2ulabel not found
[*] Detection for /binaries/target/openssl/openssl-openssl-3.1.0-alpha1-o0-libcrypto,ossl_a2ulabel,1
target function: ossl_a2ulabel not found
------------------------------------------
[*] Detecting CVE: CVE-2022-3996
[*] Detection for /binaries/target/openssl/openssl-openssl-3.0.7-o0-libcrypto,ossl_policy_cache_set_mapping,-1
target function: ossl_policy_cache_set_mapping not found
[*] Detection for /binaries/target/openssl/openssl-openssl-3.0.6-o0-libcrypto,ossl_policy_cache_set_mapping,-1
target function: ossl_policy_cache_set_mapping not found
[*] Detection for /binaries/target/openssl/openssl-openssl-3.0.5-o0-libcrypto,ossl_policy_cache_set_mapping,-1
target function: ossl_policy_cache_set_mapping not found
[*] Detection for /binaries/target/openssl/openssl-openssl-3.1.0-alpha1-o0-libcrypto,ossl_policy_cache_set_mapping,1
target function: ossl_policy_cache_set_mapping not found
[*] Detection for /binaries/target/openssl/openssl-openssl-3.1.0-beta1-o0-libcrypto,ossl_policy_cache_set_mapping,1
target function: ossl_policy_cache_set_mapping not found
[*] Detection for /binaries/target/openssl/openssl-openssl-3.0.8-o0-libcrypto,ossl_policy_cache_set_mapping,1
target function: ossl_policy_cache_set_mapping not found
------------------------------------------
[*] Detecting CVE: CVE-2022-4203
[*] Detection for /binaries/target/openssl/openssl-openssl-3.0.7-o0-openssl,nc_match,-1
[*] Detection Result:None,-1
[*] Detection for /binaries/target/openssl/openssl-openssl-3.0.6-o0-openssl,nc_match,-1
[*] Detection Result:None,-1
[*] Detection for /binaries/target/openssl/openssl-openssl-3.0.5-o0-openssl,nc_match,-1
[*] Detection Result:None,-1
[*] Detection for /binaries/target/openssl/openssl-openssl-3.0.8-o0-openssl,nc_match,1
[*] Detection Result:None,1
[*] Detection for /binaries/target/openssl/openssl-OpenSSL_1_1_1t-o0-openssl,nc_match,1
[*] Detection Result:None,1
[*] Detection for /binaries/target/openssl/openssl-openssl-3.1.0-o0-openssl,nc_match,1
[*] Detection Result:None,1
[*] Detection for /binaries/target/openssl/openssl-openssl-3.0.7-o0-openssl,do_i2r_name_constraints,-1
[*] Detection Result:None,-1
[*] Detection for /binaries/target/openssl/openssl-openssl-3.0.6-o0-openssl,do_i2r_name_constraints,-1
[*] Detection Result:None,-1
[*] Detection for /binaries/target/openssl/openssl-openssl-3.0.5-o0-openssl,do_i2r_name_constraints,-1
[*] Detection Result:None,-1
[*] Detection for /binaries/target/openssl/openssl-openssl-3.0.8-o0-openssl,do_i2r_name_constraints,1
[*] Detection Result:None,1
[*] Detection for /binaries/target/openssl/openssl-OpenSSL_1_1_1t-o0-openssl,do_i2r_name_constraints,1
[*] Detection Result:None,1
[*] Detection for /binaries/target/openssl/openssl-openssl-3.1.0-o0-openssl,do_i2r_name_constraints,1
[*] Detection Result:None,1
------------------------------------------
[*] Detecting CVE: CVE-2022-4450
[*] Detection for /binaries/target/openssl/openssl-OpenSSL_1_1_1s-o0-openssl,PEM_read_bio_ex,-1
[*] Detection Result:None,-1
[*] Detection for /binaries/target/openssl/openssl-openssl-3.0.7-o0-openssl,PEM_read_bio_ex,-1
[*] Detection Result:None,-1
[*] Detection for /binaries/target/openssl/openssl-OpenSSL_1_1_1r-o0-openssl,PEM_read_bio_ex,-1
[*] Detection Result:None,-1
[*] Detection for /binaries/target/openssl/openssl-openssl-3.0.8-o0-openssl,PEM_read_bio_ex,1
[*] Detection Result:None,1
[*] Detection for /binaries/target/openssl/openssl-OpenSSL_1_1_1t-o0-openssl,PEM_read_bio_ex,1
[*] Detection Result:None,1
[*] Detection for /binaries/target/openssl/openssl-openssl-3.1.0-o0-openssl,PEM_read_bio_ex,1
[*] Detection Result:None,1
------------------------------------------
[*] Detecting CVE: CVE-2023-0215
[*] Detection for /binaries/target/openssl/openssl-OpenSSL_1_1_1s-o0-libcrypto,ndef_suffix,-1
target function: ndef_suffix not found
[*] Detection for /binaries/target/openssl/openssl-openssl-3.0.7-o0-libcrypto,ndef_suffix,-1
target function: ndef_suffix not found
[*] Detection for /binaries/target/openssl/openssl-OpenSSL_1_1_1r-o0-libcrypto,ndef_suffix,-1
target function: ndef_suffix not found
[*] Detection for /binaries/target/openssl/openssl-openssl-3.0.8-o0-libcrypto,ndef_suffix,1
target function: ndef_suffix not found
[*] Detection for /binaries/target/openssl/openssl-OpenSSL_1_1_1t-o0-libcrypto,ndef_suffix,1
target function: ndef_suffix not found
[*] Detection for /binaries/target/openssl/openssl-openssl-3.1.0-o0-libcrypto,ndef_suffix,1
target function: ndef_suffix not found
[*] Detection for /binaries/target/openssl/openssl-OpenSSL_1_1_1s-o0-libcrypto,BIO_new_NDEF,-1
target function: BIO_new_NDEF not found
[*] Detection for /binaries/target/openssl/openssl-openssl-3.0.7-o0-libcrypto,BIO_new_NDEF,-1
target function: BIO_new_NDEF not found
[*] Detection for /binaries/target/openssl/openssl-OpenSSL_1_1_1r-o0-libcrypto,BIO_new_NDEF,-1
target function: BIO_new_NDEF not found
[*] Detection for /binaries/target/openssl/openssl-openssl-3.0.8-o0-libcrypto,BIO_new_NDEF,1
target function: BIO_new_NDEF not found
[*] Detection for /binaries/target/openssl/openssl-OpenSSL_1_1_1t-o0-libcrypto,BIO_new_NDEF,1
target function: BIO_new_NDEF not found
[*] Detection for /binaries/target/openssl/openssl-openssl-3.1.0-o0-libcrypto,BIO_new_NDEF,1
target function: BIO_new_NDEF not found
------------------------------------------
[*] Detecting CVE: CVE-2023-0216
[*] Detection for /binaries/target/openssl/openssl-openssl-3.0.7-o0-openssl,ossl_pkcs7_resolve_libctx,-1
[*] Detection Result:None,-1
[*] Detection for /binaries/target/openssl/openssl-openssl-3.0.6-o0-openssl,ossl_pkcs7_resolve_libctx,-1
[*] Detection Result:None,-1
[*] Detection for /binaries/target/openssl/openssl-openssl-3.0.5-o0-openssl,ossl_pkcs7_resolve_libctx,-1
[*] Detection Result:None,-1
[*] Detection for /binaries/target/openssl/openssl-openssl-3.0.8-o0-openssl,ossl_pkcs7_resolve_libctx,1
[*] Detection Result:None,1
[*] Detection for /binaries/target/openssl/openssl-OpenSSL_1_1_1t-o0-openssl,ossl_pkcs7_resolve_libctx,1
[*] Detection Result:None,1
[*] Detection for /binaries/target/openssl/openssl-openssl-3.1.0-o0-openssl,ossl_pkcs7_resolve_libctx,1
[*] Detection Result:None,1
[*] Detection for /binaries/target/openssl/openssl-openssl-3.0.7-o0-openssl,pkcs7_get_signer_certs,-1
[*] Detection Result:None,-1
[*] Detection for /binaries/target/openssl/openssl-openssl-3.0.6-o0-openssl,pkcs7_get_signer_certs,-1
[*] Detection Result:None,-1
[*] Detection for /binaries/target/openssl/openssl-openssl-3.0.5-o0-openssl,pkcs7_get_signer_certs,-1
[*] Detection Result:None,-1
[*] Detection for /binaries/target/openssl/openssl-openssl-3.0.8-o0-openssl,pkcs7_get_signer_certs,1
[*] Detection Result:None,1
[*] Detection for /binaries/target/openssl/openssl-OpenSSL_1_1_1t-o0-openssl,pkcs7_get_signer_certs,1
[*] Detection Result:None,1
[*] Detection for /binaries/target/openssl/openssl-openssl-3.1.0-o0-openssl,pkcs7_get_signer_certs,1
[*] Detection Result:None,1
[*] Detection for /binaries/target/openssl/openssl-openssl-3.0.7-o0-openssl,PKCS7_add_signature,-1
[*] Detection Result:None,-1
[*] Detection for /binaries/target/openssl/openssl-openssl-3.0.6-o0-openssl,PKCS7_add_signature,-1
[*] Detection Result:None,-1
[*] Detection for /binaries/target/openssl/openssl-openssl-3.0.5-o0-openssl,PKCS7_add_signature,-1
[*] Detection Result:None,-1
[*] Detection for /binaries/target/openssl/openssl-openssl-3.0.8-o0-openssl,PKCS7_add_signature,1
[*] Detection Result:None,1
[*] Detection for /binaries/target/openssl/openssl-OpenSSL_1_1_1t-o0-openssl,PKCS7_add_signature,1
[*] Detection Result:None,1
[*] Detection for /binaries/target/openssl/openssl-openssl-3.1.0-o0-openssl,PKCS7_add_signature,1
[*] Detection Result:None,1
------------------------------------------
[*] Detecting CVE: CVE-2023-0217
[*] Detection for /binaries/target/openssl/openssl-openssl-3.0.7-o0-openssl,ffc_public_validate_test,-1
[*] Detection Result:None,-1
[*] Detection for /binaries/target/openssl/openssl-openssl-3.0.6-o0-openssl,ffc_public_validate_test,-1
[*] Detection Result:None,-1
[*] Detection for /binaries/target/openssl/openssl-openssl-3.0.5-o0-openssl,ffc_public_validate_test,-1
[*] Detection Result:None,-1
[*] Detection for /binaries/target/openssl/openssl-openssl-3.0.8-o0-openssl,ffc_public_validate_test,1
[*] Detection Result:None,1
[*] Detection for /binaries/target/openssl/openssl-OpenSSL_1_1_1t-o0-openssl,ffc_public_validate_test,1
[*] Detection Result:None,1
[*] Detection for /binaries/target/openssl/openssl-openssl-3.1.0-o0-openssl,ffc_public_validate_test,1
[*] Detection Result:None,1
[*] Detection for /binaries/target/openssl/openssl-openssl-3.0.7-o0-openssl,ffc_private_validate_test,-1
[*] Detection Result:None,-1
[*] Detection for /binaries/target/openssl/openssl-openssl-3.0.6-o0-openssl,ffc_private_validate_test,-1
[*] Detection Result:None,-1
[*] Detection for /binaries/target/openssl/openssl-openssl-3.0.5-o0-openssl,ffc_private_validate_test,-1
[*] Detection Result:None,-1
[*] Detection for /binaries/target/openssl/openssl-openssl-3.0.8-o0-openssl,ffc_private_validate_test,1
[*] Detection Result:None,1
[*] Detection for /binaries/target/openssl/openssl-OpenSSL_1_1_1t-o0-openssl,ffc_private_validate_test,1
[*] Detection Result:None,1
[*] Detection for /binaries/target/openssl/openssl-openssl-3.1.0-o0-openssl,ffc_private_validate_test,1
[*] Detection Result:None,1
[*] Detection for /binaries/target/openssl/openssl-openssl-3.0.7-o0-openssl,ossl_ffc_validate_private_key,-1
[*] Detection Result:None,-1
[*] Detection for /binaries/target/openssl/openssl-openssl-3.0.6-o0-openssl,ossl_ffc_validate_private_key,-1
[*] Detection Result:None,-1
[*] Detection for /binaries/target/openssl/openssl-openssl-3.0.5-o0-openssl,ossl_ffc_validate_private_key,-1
[*] Detection Result:None,-1
[*] Detection for /binaries/target/openssl/openssl-openssl-3.0.8-o0-openssl,ossl_ffc_validate_private_key,1
[*] Detection Result:None,1
[*] Detection for /binaries/target/openssl/openssl-OpenSSL_1_1_1t-o0-openssl,ossl_ffc_validate_private_key,1
[*] Detection Result:None,1
[*] Detection for /binaries/target/openssl/openssl-openssl-3.1.0-o0-openssl,ossl_ffc_validate_private_key,1
[*] Detection Result:None,1
[*] Detection for /binaries/target/openssl/openssl-openssl-3.0.7-o0-openssl,ossl_ffc_validate_public_key_partial,-1
[*] Detection Result:None,-1
[*] Detection for /binaries/target/openssl/openssl-openssl-3.0.6-o0-openssl,ossl_ffc_validate_public_key_partial,-1
[*] Detection Result:None,-1
[*] Detection for /binaries/target/openssl/openssl-openssl-3.0.5-o0-openssl,ossl_ffc_validate_public_key_partial,-1
[*] Detection Result:None,-1
[*] Detection for /binaries/target/openssl/openssl-openssl-3.0.8-o0-openssl,ossl_ffc_validate_public_key_partial,1
[*] Detection Result:None,1
[*] Detection for /binaries/target/openssl/openssl-OpenSSL_1_1_1t-o0-openssl,ossl_ffc_validate_public_key_partial,1
[*] Detection Result:None,1
[*] Detection for /binaries/target/openssl/openssl-openssl-3.1.0-o0-openssl,ossl_ffc_validate_public_key_partial,1
[*] Detection Result:None,1
------------------------------------------
[*] Detecting CVE: CVE-2023-0286
[*] Detection for /binaries/target/openssl/openssl-OpenSSL_1_1_1s-o0-openssl,GENERAL_NAME_cmp,-1
[*] Detection Result:None,-1
[*] Detection for /binaries/target/openssl/openssl-openssl-3.0.7-o0-openssl,GENERAL_NAME_cmp,-1
[*] Detection Result:None,-1
[*] Detection for /binaries/target/openssl/openssl-OpenSSL_1_1_1r-o0-openssl,GENERAL_NAME_cmp,-1
[*] Detection Result:None,-1
[*] Detection for /binaries/target/openssl/openssl-openssl-3.0.8-o0-openssl,GENERAL_NAME_cmp,1
[*] Detection Result:None,1
[*] Detection for /binaries/target/openssl/openssl-OpenSSL_1_1_1t-o0-openssl,GENERAL_NAME_cmp,1
[*] Detection Result:None,1
[*] Detection for /binaries/target/openssl/openssl-openssl-3.1.0-o0-openssl,GENERAL_NAME_cmp,1
[*] Detection Result:None,1
------------------------------------------
[*] Detecting CVE: CVE-2023-0401
[*] Detection for /binaries/target/openssl/openssl-openssl-3.0.7-o0-libcrypto,PKCS7_dataDecode,-1
target function: PKCS7_dataDecode not found
[*] Detection for /binaries/target/openssl/openssl-openssl-3.0.6-o0-libcrypto,PKCS7_dataDecode,-1
target function: PKCS7_dataDecode not found
[*] Detection for /binaries/target/openssl/openssl-openssl-3.0.5-o0-libcrypto,PKCS7_dataDecode,-1
target function: PKCS7_dataDecode not found
[*] Detection for /binaries/target/openssl/openssl-openssl-3.0.8-o0-libcrypto,PKCS7_dataDecode,1
target function: PKCS7_dataDecode not found
[*] Detection for /binaries/target/openssl/openssl-OpenSSL_1_1_1t-o0-libcrypto,PKCS7_dataDecode,1
target function: PKCS7_dataDecode not found
[*] Detection for /binaries/target/openssl/openssl-openssl-3.1.0-o0-libcrypto,PKCS7_dataDecode,1
target function: PKCS7_dataDecode not found
[*] Detection for /binaries/target/openssl/openssl-openssl-3.0.7-o0-libcrypto,pkcs7_bio_add_digest,-1
target function: pkcs7_bio_add_digest not found
[*] Detection for /binaries/target/openssl/openssl-openssl-3.0.6-o0-libcrypto,pkcs7_bio_add_digest,-1
target function: pkcs7_bio_add_digest not found
[*] Detection for /binaries/target/openssl/openssl-openssl-3.0.5-o0-libcrypto,pkcs7_bio_add_digest,-1
target function: pkcs7_bio_add_digest not found
[*] Detection for /binaries/target/openssl/openssl-openssl-3.0.8-o0-libcrypto,pkcs7_bio_add_digest,1
target function: pkcs7_bio_add_digest not found
[*] Detection for /binaries/target/openssl/openssl-OpenSSL_1_1_1t-o0-libcrypto,pkcs7_bio_add_digest,1
target function: pkcs7_bio_add_digest not found
[*] Detection for /binaries/target/openssl/openssl-openssl-3.1.0-o0-libcrypto,pkcs7_bio_add_digest,1
target function: pkcs7_bio_add_digest not found
------------------------------------------
[*] Detecting CVE: CVE-2023-0464
[*] Detection for /binaries/target/openssl/openssl-openssl-3.1.0-o0-openssl,ossl_policy_level_add_node,-1
[*] Detection Result:None,-1
[*] Detection for /binaries/target/openssl/openssl-OpenSSL_1_1_1t-o0-openssl,ossl_policy_level_add_node,-1
[*] Detection Result:None,-1
[*] Detection for /binaries/target/openssl/openssl-openssl-3.0.8-o0-openssl,ossl_policy_level_add_node,-1
[*] Detection Result:None,-1
[*] Detection for /binaries/target/openssl/openssl-openssl-3.0.9-o0-openssl,ossl_policy_level_add_node,1
[*] Detection Result:None,1
[*] Detection for /binaries/target/openssl/openssl-openssl-3.1.1-o0-openssl,ossl_policy_level_add_node,1
[*] Detection Result:None,1
[*] Detection for /binaries/target/openssl/openssl-OpenSSL_1_1_1u-o0-openssl,ossl_policy_level_add_node,1
[*] Detection Result:None,1
[*] Detection for /binaries/target/openssl/openssl-openssl-3.1.0-o0-openssl,ossl_policy_level_find_node,-1
[*] Detection Result:None,-1
[*] Detection for /binaries/target/openssl/openssl-OpenSSL_1_1_1t-o0-openssl,ossl_policy_level_find_node,-1
[*] Detection Result:None,-1
[*] Detection for /binaries/target/openssl/openssl-openssl-3.0.8-o0-openssl,ossl_policy_level_find_node,-1
[*] Detection Result:None,-1
[*] Detection for /binaries/target/openssl/openssl-openssl-3.0.9-o0-openssl,ossl_policy_level_find_node,1
[*] Detection Result:None,1
[*] Detection for /binaries/target/openssl/openssl-openssl-3.1.1-o0-openssl,ossl_policy_level_find_node,1
[*] Detection Result:None,1
[*] Detection for /binaries/target/openssl/openssl-OpenSSL_1_1_1u-o0-openssl,ossl_policy_level_find_node,1
[*] Detection Result:None,1
[*] Detection for /binaries/target/openssl/openssl-openssl-3.1.0-o0-openssl,tree_init,-1
[*] Detection Result:None,-1
[*] Detection for /binaries/target/openssl/openssl-OpenSSL_1_1_1t-o0-openssl,tree_init,-1
[*] Detection Result:None,-1
[*] Detection for /binaries/target/openssl/openssl-openssl-3.0.8-o0-openssl,tree_init,-1
[*] Detection Result:None,-1
[*] Detection for /binaries/target/openssl/openssl-openssl-3.0.9-o0-openssl,tree_init,1
[*] Detection Result:None,1
[*] Detection for /binaries/target/openssl/openssl-openssl-3.1.1-o0-openssl,tree_init,1
[*] Detection Result:None,1
[*] Detection for /binaries/target/openssl/openssl-OpenSSL_1_1_1u-o0-openssl,tree_init,1
[*] Detection Result:None,1
[*] Detection for /binaries/target/openssl/openssl-openssl-3.1.0-o0-openssl,tree_link_matching_nodes,-1
[*] Detection Result:None,-1
[*] Detection for /binaries/target/openssl/openssl-OpenSSL_1_1_1t-o0-openssl,tree_link_matching_nodes,-1
[*] Detection Result:None,-1
[*] Detection for /binaries/target/openssl/openssl-openssl-3.0.8-o0-openssl,tree_link_matching_nodes,-1
[*] Detection Result:None,-1
[*] Detection for /binaries/target/openssl/openssl-openssl-3.0.9-o0-openssl,tree_link_matching_nodes,1
[*] Detection Result:None,1
[*] Detection for /binaries/target/openssl/openssl-openssl-3.1.1-o0-openssl,tree_link_matching_nodes,1
[*] Detection Result:None,1
[*] Detection for /binaries/target/openssl/openssl-OpenSSL_1_1_1u-o0-openssl,tree_link_matching_nodes,1
[*] Detection Result:None,1
[*] Detection for /binaries/target/openssl/openssl-openssl-3.1.0-o0-openssl,tree_link_nodes,-1
[*] Detection Result:None,-1
[*] Detection for /binaries/target/openssl/openssl-OpenSSL_1_1_1t-o0-openssl,tree_link_nodes,-1
[*] Detection Result:None,-1
[*] Detection for /binaries/target/openssl/openssl-openssl-3.0.8-o0-openssl,tree_link_nodes,-1
[*] Detection Result:None,-1
[*] Detection for /binaries/target/openssl/openssl-openssl-3.0.9-o0-openssl,tree_link_nodes,1
[*] Detection Result:None,1
[*] Detection for /binaries/target/openssl/openssl-openssl-3.1.1-o0-openssl,tree_link_nodes,1
[*] Detection Result:None,1
[*] Detection for /binaries/target/openssl/openssl-OpenSSL_1_1_1u-o0-openssl,tree_link_nodes,1
[*] Detection Result:None,1
[*] Detection for /binaries/target/openssl/openssl-openssl-3.1.0-o0-openssl,tree_link_any,-1
[*] Detection Result:None,-1
[*] Detection for /binaries/target/openssl/openssl-OpenSSL_1_1_1t-o0-openssl,tree_link_any,-1
[*] Detection Result:None,-1
[*] Detection for /binaries/target/openssl/openssl-openssl-3.0.8-o0-openssl,tree_link_any,-1
[*] Detection Result:None,-1
[*] Detection for /binaries/target/openssl/openssl-openssl-3.0.9-o0-openssl,tree_link_any,1
[*] Detection Result:None,1
[*] Detection for /binaries/target/openssl/openssl-openssl-3.1.1-o0-openssl,tree_link_any,1
[*] Detection Result:None,1
[*] Detection for /binaries/target/openssl/openssl-OpenSSL_1_1_1u-o0-openssl,tree_link_any,1
[*] Detection Result:None,1
[*] Detection for /binaries/target/openssl/openssl-openssl-3.1.0-o0-openssl,tree_evaluate,-1
[*] Detection Result:None,-1
[*] Detection for /binaries/target/openssl/openssl-OpenSSL_1_1_1t-o0-openssl,tree_evaluate,-1
[*] Detection Result:None,-1
[*] Detection for /binaries/target/openssl/openssl-openssl-3.0.8-o0-openssl,tree_evaluate,-1
[*] Detection Result:None,-1
[*] Detection for /binaries/target/openssl/openssl-openssl-3.0.9-o0-openssl,tree_evaluate,1
[*] Detection Result:None,1
[*] Detection for /binaries/target/openssl/openssl-openssl-3.1.1-o0-openssl,tree_evaluate,1
[*] Detection Result:None,1
[*] Detection for /binaries/target/openssl/openssl-OpenSSL_1_1_1u-o0-openssl,tree_evaluate,1
[*] Detection Result:None,1
[*] Detection for /binaries/target/openssl/openssl-openssl-3.1.0-o0-openssl,tree_add_unmatched,-1
[*] Detection Result:None,-1
[*] Detection for /binaries/target/openssl/openssl-OpenSSL_1_1_1t-o0-openssl,tree_add_unmatched,-1
[*] Detection Result:None,-1
[*] Detection for /binaries/target/openssl/openssl-openssl-3.0.8-o0-openssl,tree_add_unmatched,-1
[*] Detection Result:None,-1
[*] Detection for /binaries/target/openssl/openssl-openssl-3.0.9-o0-openssl,tree_add_unmatched,1
[*] Detection Result:None,1
[*] Detection for /binaries/target/openssl/openssl-openssl-3.1.1-o0-openssl,tree_add_unmatched,1
[*] Detection Result:None,1
[*] Detection for /binaries/target/openssl/openssl-OpenSSL_1_1_1u-o0-openssl,tree_add_unmatched,1
[*] Detection Result:None,1
[*] Detection for /binaries/target/openssl/openssl-openssl-3.1.0-o0-openssl,tree_calculate_user_set,-1
[*] Detection Result:None,-1
[*] Detection for /binaries/target/openssl/openssl-OpenSSL_1_1_1t-o0-openssl,tree_calculate_user_set,-1
[*] Detection Result:None,-1
[*] Detection for /binaries/target/openssl/openssl-openssl-3.0.8-o0-openssl,tree_calculate_user_set,-1
[*] Detection Result:None,-1
[*] Detection for /binaries/target/openssl/openssl-openssl-3.0.9-o0-openssl,tree_calculate_user_set,1
[*] Detection Result:None,1
[*] Detection for /binaries/target/openssl/openssl-openssl-3.1.1-o0-openssl,tree_calculate_user_set,1
[*] Detection Result:None,1
[*] Detection for /binaries/target/openssl/openssl-OpenSSL_1_1_1u-o0-openssl,tree_calculate_user_set,1
[*] Detection Result:None,1
------------------------------------------
[*] Detecting CVE: CVE-2023-0465
[*] Detection for /binaries/target/openssl/openssl-openssl-3.1.0-o0-openssl,check_policy,-1
[*] Detection Result:None,-1
[*] Detection for /binaries/target/openssl/openssl-OpenSSL_1_1_1t-o0-openssl,check_policy,-1
[*] Detection Result:None,-1
[*] Detection for /binaries/target/openssl/openssl-openssl-3.0.8-o0-openssl,check_policy,-1
[*] Detection Result:None,-1
[*] Detection for /binaries/target/openssl/openssl-openssl-3.0.9-o0-openssl,check_policy,1
[*] Detection Result:None,1
[*] Detection for /binaries/target/openssl/openssl-openssl-3.1.1-o0-openssl,check_policy,1
[*] Detection Result:None,1
[*] Detection for /binaries/target/openssl/openssl-OpenSSL_1_1_1u-o0-openssl,check_policy,1
[*] Detection Result:None,1
------------------------------------------
[*] Detecting CVE: CVE-2023-2650
[*] Detection for /binaries/target/openssl/openssl-openssl-3.1.0-o0-openssl,OBJ_obj2txt,-1
[*] /s; sim-cal:0.000293
[*] Detection Result:N VP no diff,-1
[*] Detection for /binaries/target/openssl/openssl-OpenSSL_1_1_1t-o0-openssl,OBJ_obj2txt,-1
target function: OBJ_obj2txt not found
[*] Detection for /binaries/target/openssl/openssl-openssl-3.0.8-o0-openssl,OBJ_obj2txt,-1
[*] /s; sim-cal:0.000301
[*] Detection Result:N VP no diff,-1
[*] Detection for /binaries/target/openssl/openssl-openssl-3.0.9-o0-openssl,OBJ_obj2txt,1
[*] /s; sim-cal:0.000185
[*] Detection Result:N VP no diff,1
[*] Detection for /binaries/target/openssl/openssl-openssl-3.1.1-o0-openssl,OBJ_obj2txt,1
[*] /s; sim-cal:0.000165
[*] Detection Result:N VP no diff,1
[*] Detection for /binaries/target/openssl/openssl-OpenSSL_1_1_1u-o0-openssl,OBJ_obj2txt,1
target function: OBJ_obj2txt not found
------------------------------------------
[*] Detecting CVE: CVE-2023-2975
[*] Detection for /binaries/target/openssl/openssl-openssl-3.0.9-o0-libcrypto,siv_cipher,-1
target function: siv_cipher not found
[*] Detection for /binaries/target/openssl/openssl-openssl-3.1.1-o0-libcrypto,siv_cipher,-1
target function: siv_cipher not found
[*] Detection for /binaries/target/openssl/openssl-openssl-3.1.0-o0-libcrypto,siv_cipher,-1
target function: siv_cipher not found
[*] Detection for /binaries/target/openssl/openssl-openssl-3.1.2-o0-libcrypto,siv_cipher,1
target function: siv_cipher not found
[*] Detection for /binaries/target/openssl/openssl-OpenSSL_1_1_1v-o0-libcrypto,siv_cipher,1
target function: siv_cipher not found
[*] Detection for /binaries/target/openssl/openssl-openssl-3.0.10-o0-libcrypto,siv_cipher,1
target function: siv_cipher not found
------------------------------------------
[*] Detecting CVE: CVE-2023-3817
[*] Detection for /binaries/target/openssl/openssl-openssl-3.0.9-o0-openssl,DH_check,-1
[*] Detection Result:None,-1
[*] Detection for /binaries/target/openssl/openssl-openssl-3.1.1-o0-openssl,DH_check,-1
[*] Detection Result:None,-1
[*] Detection for /binaries/target/openssl/openssl-OpenSSL_1_1_1u-o0-openssl,DH_check,-1
[*] Detection Result:None,-1
[*] Detection for /binaries/target/openssl/openssl-openssl-3.1.2-o0-openssl,DH_check,1
[*] Detection Result:None,1
[*] Detection for /binaries/target/openssl/openssl-OpenSSL_1_1_1v-o0-openssl,DH_check,1
[*] Detection Result:None,1
[*] Detection for /binaries/target/openssl/openssl-openssl-3.0.10-o0-openssl,DH_check,1
[*] Detection Result:None,1
------------------------------------------
[*] Detecting CVE: CVE-2023-5363
[*] Detection for /binaries/target/openssl/openssl-openssl-3.1.3-o0-libcrypto,evp_cipher_init_internal,-1
target function: evp_cipher_init_internal not found
[*] Detection for /binaries/target/openssl/openssl-openssl-3.0.11-o0-libcrypto,evp_cipher_init_internal,-1
target function: evp_cipher_init_internal not found
[*] Detection for /binaries/target/openssl/openssl-openssl-3.1.2-o0-libcrypto,evp_cipher_init_internal,-1
target function: evp_cipher_init_internal not found
[*] Detection for /binaries/target/openssl/openssl-openssl-3.1.4-o0-libcrypto,evp_cipher_init_internal,1
target function: evp_cipher_init_internal not found
[*] Detection for /binaries/target/openssl/openssl-openssl-3.0.12-o0-libcrypto,evp_cipher_init_internal,1
target function: evp_cipher_init_internal not found
[*] Detection for /binaries/target/openssl/openssl-openssl-3.2.0-beta1-o0-libcrypto,evp_cipher_init_internal,1
target function: evp_cipher_init_internal not found
------------------------------------------
[*] Detecting CVE: CVE-2024-0727
[*] Detection for /binaries/target/openssl/openssl-openssl-3.2.0-o0-openssl,newpass_p12,-1
[*] /s; sim-cal:0.006125
[*] Detection Result:V,-1
[*] Detection for /binaries/target/openssl/openssl-openssl-3.0.12-o0-openssl,newpass_p12,-1
target function: newpass_p12 not found
[*] Detection for /binaries/target/openssl/openssl-openssl-3.1.4-o0-openssl,newpass_p12,-1
[*] /s; sim-cal:0.0038
[*] Detection Result:V 0.8333333333333334/0.6595238095238095 4/4,-1
[*] Detection for /binaries/target/openssl/openssl-openssl-3.0.13-o0-openssl,newpass_p12,1
[*] /s; sim-cal:0.005055
[*] Detection Result:P 0.08333333333333333/0.751984126984127 5/4,1
[*] Detection for /binaries/target/openssl/openssl-openssl-3.2.1-o0-openssl,newpass_p12,1
[*] /s; sim-cal:0.003801
[*] Detection Result:P,1
[*] Detection for /binaries/target/openssl/openssl-openssl-3.1.5-o0-openssl,newpass_p12,1
[*] /s; sim-cal:0.00411
[*] Detection Result:P 0.08333333333333333/0.751984126984127 5/4,1
[*] Detection for /binaries/target/openssl/openssl-openssl-3.2.0-o0-openssl,SMIME_write_PKCS7,-1
[*] /s; sim-cal:0.000759
[*] Detection Result:V,-1
[*] Detection for /binaries/target/openssl/openssl-openssl-3.0.12-o0-openssl,SMIME_write_PKCS7,-1
[*] /s; sim-cal:0.000521
[*] Detection Result:C can't tell,-1
[*] Detection for /binaries/target/openssl/openssl-openssl-3.1.4-o0-openssl,SMIME_write_PKCS7,-1
[*] /s; sim-cal:0.000539
[*] Detection Result:V,-1
[*] Detection for /binaries/target/openssl/openssl-openssl-3.0.13-o0-openssl,SMIME_write_PKCS7,1
[*] /s; sim-cal:0.000755
[*] Detection Result:P,1
[*] Detection for /binaries/target/openssl/openssl-openssl-3.2.1-o0-openssl,SMIME_write_PKCS7,1
[*] /s; sim-cal:0.000804
[*] Detection Result:P,1
[*] Detection for /binaries/target/openssl/openssl-openssl-3.1.5-o0-openssl,SMIME_write_PKCS7,1
[*] /s; sim-cal:0.001762
[*] Detection Result:P,1
[*] Detection for /binaries/target/openssl/openssl-openssl-3.2.0-o0-openssl,pkcs12_gen_mac,-1
[*] /s; sim-cal:0.005043
[*] Detection Result:V 0.971305144131231/0.9127307175841048 5/5,-1
[*] Detection for /binaries/target/openssl/openssl-openssl-3.0.12-o0-openssl,pkcs12_gen_mac,-1
target function: pkcs12_gen_mac not found
[*] Detection for /binaries/target/openssl/openssl-openssl-3.1.4-o0-openssl,pkcs12_gen_mac,-1
[*] /s; sim-cal:0.005657
[*] Detection Result:V 0.9426102882624623/0.8898971099678886 5/5,-1
[*] Detection for /binaries/target/openssl/openssl-openssl-3.0.13-o0-openssl,pkcs12_gen_mac,1
[*] /s; sim-cal:0.027966
[*] Detection Result:P 0.9139154323936933/0.9543327847675673 7/6,1
[*] Detection for /binaries/target/openssl/openssl-openssl-3.2.1-o0-openssl,pkcs12_gen_mac,1
[*] /s; sim-cal:0.007336
[*] Detection Result:P,1
[*] Detection for /binaries/target/openssl/openssl-openssl-3.1.5-o0-openssl,pkcs12_gen_mac,1
[*] /s; sim-cal:0.005466
[*] Detection Result:P 0.9139154323936933/0.9543327847675673 7/6,1
[*] Detection for /binaries/target/openssl/openssl-openssl-3.2.0-o0-openssl,PKCS12_unpack_p7encdata,-1
[*] /s; sim-cal:0.004985
[*] Detection Result:V,-1
[*] Detection for /binaries/target/openssl/openssl-openssl-3.0.12-o0-openssl,PKCS12_unpack_p7encdata,-1
[*] /s; sim-cal:0.00061
[*] Detection Result:V 1.0/0.0 1/1,-1
[*] Detection for /binaries/target/openssl/openssl-openssl-3.1.4-o0-openssl,PKCS12_unpack_p7encdata,-1
[*] /s; sim-cal:0.000572
[*] Detection Result:V,-1
[*] Detection for /binaries/target/openssl/openssl-openssl-3.0.13-o0-openssl,PKCS12_unpack_p7encdata,1
[*] /s; sim-cal:0.002223
[*] Detection Result:P 0.5459183673469388/0.975 2/1,1
[*] Detection for /binaries/target/openssl/openssl-openssl-3.2.1-o0-openssl,PKCS12_unpack_p7encdata,1
[*] /s; sim-cal:0.00076
[*] Detection Result:P,1
[*] Detection for /binaries/target/openssl/openssl-openssl-3.1.5-o0-openssl,PKCS12_unpack_p7encdata,1
[*] /s; sim-cal:0.001407
[*] Detection Result:P 0.5459183673469388/0.975 2/1,1
[*] Detection for /binaries/target/openssl/openssl-openssl-3.2.0-o0-openssl,PKCS12_unpack_authsafes,-1
[*] /s; sim-cal:0.001047
[*] Detection Result:V,-1
[*] Detection for /binaries/target/openssl/openssl-openssl-3.0.12-o0-openssl,PKCS12_unpack_authsafes,-1
[*] /s; sim-cal:0.00095
[*] Detection Result:C can't tell,-1
[*] Detection for /binaries/target/openssl/openssl-openssl-3.1.4-o0-openssl,PKCS12_unpack_authsafes,-1
[*] /s; sim-cal:0.001116
[*] Detection Result:C can't tell,-1
[*] Detection for /binaries/target/openssl/openssl-openssl-3.0.13-o0-openssl,PKCS12_unpack_authsafes,1
[*] /s; sim-cal:0.002304
[*] Detection Result:C can't tell,1
[*] Detection for /binaries/target/openssl/openssl-openssl-3.2.1-o0-openssl,PKCS12_unpack_authsafes,1
[*] /s; sim-cal:0.001243
[*] Detection Result:P,1
[*] Detection for /binaries/target/openssl/openssl-openssl-3.1.5-o0-openssl,PKCS12_unpack_authsafes,1
[*] /s; sim-cal:0.00148
[*] Detection Result:C can't tell,1
