------------------------------------------
Detecing CVE:CVE-2015-8958
CVE-2015-8958 has no sigs, skip
------------------------------------------
Detecing CVE:CVE-2015-8958
CVE-2015-8958 has no sigs, skip
------------------------------------------
Detecing CVE:CVE-2015-8958
CVE-2015-8958 has no sigs, skip
------------------------------------------
Detecing CVE:CVE-2015-8900
Detection for: /data/zhangxb//binaries/target/imagemagick/imagemagick-7.0.1-0-o2-magickcore
Result for ReadHDRImage:patch , truth is vuln
------------------------------------------
Detecing CVE:CVE-2015-8900
Detection for: /data/zhangxb//binaries/target/imagemagick/imagemagick-7.0.1-1-o2-magickcore
Result for ReadHDRImage:patch , truth is vuln
------------------------------------------
Detecing CVE:CVE-2015-8900
Detection for: /data/zhangxb//binaries/target/imagemagick/imagemagick-7.0.1-2-o2-magickcore
Result for ReadHDRImage:patch , truth is vuln
------------------------------------------
Detecing CVE:CVE-2015-8900
Detection for: /data/zhangxb//binaries/target/imagemagick/imagemagick-7.1.0-0-o2-magickcore
Result for ReadHDRImage:patch , truth is patch
------------------------------------------
Detecing CVE:CVE-2015-8900
Detection for: /data/zhangxb//binaries/target/imagemagick/imagemagick-7.1.0-1-o2-magickcore
Result for ReadHDRImage:patch , truth is patch
------------------------------------------
Detecing CVE:CVE-2015-8900
Detection for: /data/zhangxb//binaries/target/imagemagick/imagemagick-7.1.0-2-o2-magickcore
Result for ReadHDRImage:patch , truth is patch
------------------------------------------
Detecing CVE:CVE-2015-8895
Detection for: /data/zhangxb//binaries/target/imagemagick/imagemagick-7.0.1-0-o2-magickcore
Result for AcquireVirtualMemory:patch , truth is vuln
Result for RelinquishVirtualMemory:patch , truth is vuln
Result for AutoResizeImage:None , truth is vuln
Result for ReadICONImage:vuln , truth is vuln
fail to determine
Result for WritePICTImage:None , truth is vuln
------------------------------------------
Detecing CVE:CVE-2015-8895
Detection for: /data/zhangxb//binaries/target/imagemagick/imagemagick-7.0.1-1-o2-magickcore
Result for AcquireVirtualMemory:patch , truth is vuln
Result for RelinquishVirtualMemory:patch , truth is vuln
Result for AutoResizeImage:None , truth is vuln
Result for ReadICONImage:vuln , truth is vuln
fail to determine
Result for WritePICTImage:None , truth is vuln
------------------------------------------
Detecing CVE:CVE-2015-8895
Detection for: /data/zhangxb//binaries/target/imagemagick/imagemagick-7.0.1-2-o2-magickcore
Result for AcquireVirtualMemory:patch , truth is vuln
Result for RelinquishVirtualMemory:patch , truth is vuln
Result for AutoResizeImage:None , truth is vuln
Result for ReadICONImage:vuln , truth is vuln
fail to determine
Result for WritePICTImage:None , truth is vuln
------------------------------------------
Detecing CVE:CVE-2015-8895
Detection for: /data/zhangxb//binaries/target/imagemagick/imagemagick-7.0.5-1-o2-magickcore
Result for AcquireVirtualMemory:patch , truth is patch
Result for RelinquishVirtualMemory:patch , truth is patch
Result for AutoResizeImage:None , truth is patch
Result for ReadICONImage:vuln , truth is patch
fail to determine
Result for WritePICTImage:None , truth is patch
------------------------------------------
Detecing CVE:CVE-2015-8895
Detection for: /data/zhangxb//binaries/target/imagemagick/imagemagick-7.0.5-2-o2-magickcore
Result for AcquireVirtualMemory:patch , truth is patch
Result for RelinquishVirtualMemory:patch , truth is patch
Result for AutoResizeImage:None , truth is patch
Result for ReadICONImage:vuln , truth is patch
fail to determine
Result for WritePICTImage:None , truth is patch
------------------------------------------
Detecing CVE:CVE-2015-8895
Detection for: /data/zhangxb//binaries/target/imagemagick/imagemagick-7.0.5-3-o2-magickcore
Result for AcquireVirtualMemory:patch , truth is patch
Result for RelinquishVirtualMemory:patch , truth is patch
Result for AutoResizeImage:None , truth is patch
Result for ReadICONImage:vuln , truth is patch
fail to determine
Result for WritePICTImage:None , truth is patch
------------------------------------------
Detecing CVE:CVE-2015-8896
Detection for: /data/zhangxb//binaries/target/imagemagick/imagemagick-7.0.1-0-o2-magickcore
Result for AcquireVirtualMemory:patch , truth is vuln
Result for RelinquishVirtualMemory:patch , truth is vuln
Result for AutoResizeImage:None , truth is vuln
Result for ReadICONImage:vuln , truth is vuln
fail to determine
Result for WritePICTImage:None , truth is vuln
------------------------------------------
Detecing CVE:CVE-2015-8896
Detection for: /data/zhangxb//binaries/target/imagemagick/imagemagick-7.0.1-1-o2-magickcore
Result for AcquireVirtualMemory:patch , truth is vuln
Result for RelinquishVirtualMemory:patch , truth is vuln
Result for AutoResizeImage:None , truth is vuln
Result for ReadICONImage:vuln , truth is vuln
fail to determine
Result for WritePICTImage:None , truth is vuln
------------------------------------------
Detecing CVE:CVE-2015-8896
Detection for: /data/zhangxb//binaries/target/imagemagick/imagemagick-7.0.1-2-o2-magickcore
Result for AcquireVirtualMemory:patch , truth is vuln
Result for RelinquishVirtualMemory:patch , truth is vuln
Result for AutoResizeImage:None , truth is vuln
Result for ReadICONImage:vuln , truth is vuln
fail to determine
Result for WritePICTImage:None , truth is vuln
------------------------------------------
Detecing CVE:CVE-2015-8896
Detection for: /data/zhangxb//binaries/target/imagemagick/imagemagick-7.1.0-0-o2-magickcore
Result for AcquireVirtualMemory:vuln , truth is patch
Result for RelinquishVirtualMemory:patch , truth is patch
Result for AutoResizeImage:None , truth is patch
Result for ReadICONImage:vuln , truth is patch
Result for WritePICTImage:vuln , truth is patch
------------------------------------------
Detecing CVE:CVE-2015-8896
Detection for: /data/zhangxb//binaries/target/imagemagick/imagemagick-7.1.0-1-o2-magickcore
Result for AcquireVirtualMemory:vuln , truth is patch
Result for RelinquishVirtualMemory:patch , truth is patch
Result for AutoResizeImage:None , truth is patch
Result for ReadICONImage:vuln , truth is patch
Result for WritePICTImage:vuln , truth is patch
------------------------------------------
Detecing CVE:CVE-2015-8896
Detection for: /data/zhangxb//binaries/target/imagemagick/imagemagick-7.1.0-2-o2-magickcore
Result for AcquireVirtualMemory:vuln , truth is patch
Result for RelinquishVirtualMemory:patch , truth is patch
Result for AutoResizeImage:None , truth is patch
Result for ReadICONImage:vuln , truth is patch
Result for WritePICTImage:vuln , truth is patch
------------------------------------------
Detecing CVE:CVE-2016-7515
Detection for: /data/zhangxb//binaries/target/imagemagick/imagemagick-7.0.1-1-o2-magickcore
Result for ReadRLEImage:patch , truth is patch
------------------------------------------
Detecing CVE:CVE-2016-7515
Detection for: /data/zhangxb//binaries/target/imagemagick/imagemagick-7.0.1-2-o2-magickcore
Result for ReadRLEImage:patch , truth is patch
------------------------------------------
Detecing CVE:CVE-2016-7515
Detection for: /data/zhangxb//binaries/target/imagemagick/imagemagick-7.0.1-3-o2-magickcore
Result for ReadRLEImage:patch , truth is patch
------------------------------------------
Detecing CVE:CVE-2016-7514
Detection for: /data/zhangxb//binaries/target/imagemagick/imagemagick-7.0.1-1-o2-magickcore
Result for ReadPSDImage:patch , truth is patch
------------------------------------------
Detecing CVE:CVE-2016-7514
Detection for: /data/zhangxb//binaries/target/imagemagick/imagemagick-7.0.1-2-o2-magickcore
Result for ReadPSDImage:patch , truth is patch
------------------------------------------
Detecing CVE:CVE-2016-7514
Detection for: /data/zhangxb//binaries/target/imagemagick/imagemagick-7.0.1-3-o2-magickcore
Result for ReadPSDImage:patch , truth is patch
------------------------------------------
Detecing CVE:CVE-2016-7534
Detection for: /data/zhangxb//binaries/target/imagemagick/imagemagick-7.0.1-1-o2-magickcore
Result for ImportCbYCrYQuantum:None , truth is patch
fail to determine
Result for GetQuantumExtent:None , truth is patch
------------------------------------------
Detecing CVE:CVE-2016-7534
Detection for: /data/zhangxb//binaries/target/imagemagick/imagemagick-7.0.1-2-o2-magickcore
Result for ImportCbYCrYQuantum:None , truth is patch
fail to determine
Result for GetQuantumExtent:None , truth is patch
------------------------------------------
Detecing CVE:CVE-2016-7534
Detection for: /data/zhangxb//binaries/target/imagemagick/imagemagick-7.0.1-3-o2-magickcore
Result for ImportCbYCrYQuantum:None , truth is patch
fail to determine
Result for GetQuantumExtent:None , truth is patch
------------------------------------------
Detecing CVE:CVE-2016-10065
Detection for: /data/zhangxb//binaries/target/imagemagick/imagemagick-7.0.1-1-o2-magickcore
fail to determine
Result for ImportGrayQuantum:None , truth is patch
Result for ReadVIFFImage:patch , truth is patch
------------------------------------------
Detecing CVE:CVE-2016-10065
Detection for: /data/zhangxb//binaries/target/imagemagick/imagemagick-7.0.1-2-o2-magickcore
fail to determine
Result for ImportGrayQuantum:None , truth is patch
Result for ReadVIFFImage:patch , truth is patch
------------------------------------------
Detecing CVE:CVE-2016-10065
Detection for: /data/zhangxb//binaries/target/imagemagick/imagemagick-7.0.1-3-o2-magickcore
fail to determine
Result for ImportGrayQuantum:None , truth is patch
Result for ReadVIFFImage:patch , truth is patch
------------------------------------------
Detecing CVE:CVE-2016-5689
Detection for: /data/zhangxb//binaries/target/imagemagick/imagemagick-7.0.1-6-o2-magickcore
fail to determine
Result for ReadDCMImage:None , truth is vuln
------------------------------------------
Detecing CVE:CVE-2016-5689
Detection for: /data/zhangxb//binaries/target/imagemagick/imagemagick-7.0.1-5-o2-magickcore
fail to determine
Result for ReadDCMImage:None , truth is vuln
------------------------------------------
Detecing CVE:CVE-2016-5689
Detection for: /data/zhangxb//binaries/target/imagemagick/imagemagick-7.0.1-4-o2-magickcore
fail to determine
Result for ReadDCMImage:None , truth is vuln
------------------------------------------
Detecing CVE:CVE-2016-5689
Detection for: /data/zhangxb//binaries/target/imagemagick/imagemagick-7.0.1-8-o2-magickcore
Result for ReadDCMImage:patch , truth is patch
------------------------------------------
Detecing CVE:CVE-2016-5689
Detection for: /data/zhangxb//binaries/target/imagemagick/imagemagick-7.0.1-9-o2-magickcore
Result for ReadDCMImage:patch , truth is patch
------------------------------------------
Detecing CVE:CVE-2016-5689
Detection for: /data/zhangxb//binaries/target/imagemagick/imagemagick-7.0.1-10-o2-magickcore
Result for ReadDCMImage:patch , truth is patch
------------------------------------------
Detecing CVE:CVE-2016-5690
Detection for: /data/zhangxb//binaries/target/imagemagick/imagemagick-7.0.1-6-o2-magickcore
fail to determine
Result for ReadDCMImage:None , truth is vuln
------------------------------------------
Detecing CVE:CVE-2016-5690
Detection for: /data/zhangxb//binaries/target/imagemagick/imagemagick-7.0.1-5-o2-magickcore
fail to determine
Result for ReadDCMImage:None , truth is vuln
------------------------------------------
Detecing CVE:CVE-2016-5690
Detection for: /data/zhangxb//binaries/target/imagemagick/imagemagick-7.0.1-4-o2-magickcore
fail to determine
Result for ReadDCMImage:None , truth is vuln
------------------------------------------
Detecing CVE:CVE-2016-5690
Detection for: /data/zhangxb//binaries/target/imagemagick/imagemagick-7.0.1-8-o2-magickcore
Result for ReadDCMImage:patch , truth is patch
------------------------------------------
Detecing CVE:CVE-2016-5690
Detection for: /data/zhangxb//binaries/target/imagemagick/imagemagick-7.0.1-9-o2-magickcore
Result for ReadDCMImage:patch , truth is patch
------------------------------------------
Detecing CVE:CVE-2016-5690
Detection for: /data/zhangxb//binaries/target/imagemagick/imagemagick-7.0.1-10-o2-magickcore
Result for ReadDCMImage:patch , truth is patch
------------------------------------------
Detecing CVE:CVE-2016-5691
Detection for: /data/zhangxb//binaries/target/imagemagick/imagemagick-7.0.1-6-o2-magickcore
fail to determine
Result for ReadDCMImage:None , truth is vuln
------------------------------------------
Detecing CVE:CVE-2016-5691
Detection for: /data/zhangxb//binaries/target/imagemagick/imagemagick-7.0.1-5-o2-magickcore
fail to determine
Result for ReadDCMImage:None , truth is vuln
------------------------------------------
Detecing CVE:CVE-2016-5691
Detection for: /data/zhangxb//binaries/target/imagemagick/imagemagick-7.0.1-4-o2-magickcore
fail to determine
Result for ReadDCMImage:None , truth is vuln
------------------------------------------
Detecing CVE:CVE-2016-5691
Detection for: /data/zhangxb//binaries/target/imagemagick/imagemagick-7.0.1-8-o2-magickcore
Result for ReadDCMImage:patch , truth is patch
------------------------------------------
Detecing CVE:CVE-2016-5691
Detection for: /data/zhangxb//binaries/target/imagemagick/imagemagick-7.0.1-9-o2-magickcore
Result for ReadDCMImage:patch , truth is patch
------------------------------------------
Detecing CVE:CVE-2016-5691
Detection for: /data/zhangxb//binaries/target/imagemagick/imagemagick-7.0.1-10-o2-magickcore
Result for ReadDCMImage:patch , truth is patch
------------------------------------------
Detecing CVE:CVE-2016-10060
CVE-2016-10060 has no sigs, skip
------------------------------------------
Detecing CVE:CVE-2016-10060
CVE-2016-10060 has no sigs, skip
------------------------------------------
Detecing CVE:CVE-2016-10060
CVE-2016-10060 has no sigs, skip
------------------------------------------
Detecing CVE:CVE-2016-10060
CVE-2016-10060 has no sigs, skip
------------------------------------------
Detecing CVE:CVE-2016-10060
CVE-2016-10060 has no sigs, skip
------------------------------------------
Detecing CVE:CVE-2016-10060
CVE-2016-10060 has no sigs, skip
------------------------------------------
Detecing CVE:CVE-2016-6491
Detection for: /data/zhangxb//binaries/target/imagemagick/imagemagick-7.0.2-5-o2-magickcore
no function dict_keys(['Get8BIMProperty']) in target
------------------------------------------
Detecing CVE:CVE-2016-6491
Detection for: /data/zhangxb//binaries/target/imagemagick/imagemagick-7.0.2-4-o2-magickcore
no function dict_keys(['Get8BIMProperty']) in target
------------------------------------------
Detecing CVE:CVE-2016-6491
Detection for: /data/zhangxb//binaries/target/imagemagick/imagemagick-7.0.2-3-o2-magickcore
no function dict_keys(['Get8BIMProperty']) in target
------------------------------------------
Detecing CVE:CVE-2016-6491
Detection for: /data/zhangxb//binaries/target/imagemagick/imagemagick-7.0.2-6-o2-magickcore
no function dict_keys(['Get8BIMProperty']) in target
------------------------------------------
Detecing CVE:CVE-2016-6491
Detection for: /data/zhangxb//binaries/target/imagemagick/imagemagick-7.0.2-7-o2-magickcore
no function dict_keys(['Get8BIMProperty']) in target
------------------------------------------
Detecing CVE:CVE-2016-6491
Detection for: /data/zhangxb//binaries/target/imagemagick/imagemagick-7.0.2-8-o2-magickcore
no function dict_keys(['Get8BIMProperty']) in target
------------------------------------------
Detecing CVE:CVE-2016-7101
Detection for: /data/zhangxb//binaries/target/imagemagick/imagemagick-7.0.2-1-o2-magickcore
Result for ReadSGIImage:patch , truth is vuln
------------------------------------------
Detecing CVE:CVE-2016-7101
Detection for: /data/zhangxb//binaries/target/imagemagick/imagemagick-7.0.2-0-o2-magickcore
Result for ReadSGIImage:patch , truth is vuln
------------------------------------------
Detecing CVE:CVE-2016-7101
Detection for: /data/zhangxb//binaries/target/imagemagick/imagemagick-7.0.1-10-o2-magickcore
Result for ReadSGIImage:patch , truth is vuln
------------------------------------------
Detecing CVE:CVE-2016-7101
Detection for: /data/zhangxb//binaries/target/imagemagick/imagemagick-7.1.0-0-o2-magickcore
Result for ReadSGIImage:patch , truth is patch
------------------------------------------
Detecing CVE:CVE-2016-7101
Detection for: /data/zhangxb//binaries/target/imagemagick/imagemagick-7.1.0-1-o2-magickcore
Result for ReadSGIImage:patch , truth is patch
------------------------------------------
Detecing CVE:CVE-2016-7101
Detection for: /data/zhangxb//binaries/target/imagemagick/imagemagick-7.1.0-2-o2-magickcore
Result for ReadSGIImage:patch , truth is patch
------------------------------------------
Detecing CVE:CVE-2016-9556
Detection for: /data/zhangxb//binaries/target/imagemagick/imagemagick-7.0.3-8-o2-magickcore
Result for ReadSGIImage:vuln , truth is vuln
------------------------------------------
Detecing CVE:CVE-2016-9556
Detection for: /data/zhangxb//binaries/target/imagemagick/imagemagick-7.0.3-9-o2-magickcore
Result for ReadSGIImage:vuln , truth is patch
------------------------------------------
Detecing CVE:CVE-2016-9556
Detection for: /data/zhangxb//binaries/target/imagemagick/imagemagick-7.0.3-10-o2-magickcore
Result for ReadSGIImage:vuln , truth is patch
------------------------------------------
Detecing CVE:CVE-2016-9556
Detection for: /data/zhangxb//binaries/target/imagemagick/imagemagick-7.0.4-0-o2-magickcore
Result for ReadSGIImage:vuln , truth is patch
------------------------------------------
Detecing CVE:CVE-2017-9098
Detection for: /data/zhangxb//binaries/target/imagemagick/imagemagick-7.0.5-1-o2-magickcore
Result for ReadRLEImage:vuln , truth is vuln
------------------------------------------
Detecing CVE:CVE-2017-9098
Detection for: /data/zhangxb//binaries/target/imagemagick/imagemagick-7.0.5-0-o2-magickcore
Result for ReadRLEImage:vuln , truth is vuln
------------------------------------------
Detecing CVE:CVE-2017-9098
Detection for: /data/zhangxb//binaries/target/imagemagick/imagemagick-7.0.4-10-o2-magickcore
Result for ReadRLEImage:vuln , truth is vuln
------------------------------------------
Detecing CVE:CVE-2017-9098
Detection for: /data/zhangxb//binaries/target/imagemagick/imagemagick-7.1.0-0-o2-magickcore
Result for ReadRLEImage:vuln , truth is patch
------------------------------------------
Detecing CVE:CVE-2017-9098
Detection for: /data/zhangxb//binaries/target/imagemagick/imagemagick-7.1.0-1-o2-magickcore
Result for ReadRLEImage:vuln , truth is patch
------------------------------------------
Detecing CVE:CVE-2017-9098
Detection for: /data/zhangxb//binaries/target/imagemagick/imagemagick-7.1.0-2-o2-magickcore
Result for ReadRLEImage:vuln , truth is patch
------------------------------------------
Detecing CVE:CVE-2017-9499
Detection for: /data/zhangxb//binaries/target/imagemagick/imagemagick-7.0.5-7-o2-magickcore
Result for ReadMPCImage:vuln , truth is vuln
------------------------------------------
Detecing CVE:CVE-2017-9499
Detection for: /data/zhangxb//binaries/target/imagemagick/imagemagick-7.0.5-8-o2-magickcore
Result for ReadMPCImage:vuln , truth is patch
------------------------------------------
Detecing CVE:CVE-2017-9499
Detection for: /data/zhangxb//binaries/target/imagemagick/imagemagick-7.0.5-9-o2-magickcore
Result for ReadMPCImage:vuln , truth is patch
------------------------------------------
Detecing CVE:CVE-2017-9499
Detection for: /data/zhangxb//binaries/target/imagemagick/imagemagick-7.0.5-10-o2-magickcore
Result for ReadMPCImage:vuln , truth is patch
------------------------------------------
Detecing CVE:CVE-2017-11523
Detection for: /data/zhangxb//binaries/target/imagemagick/imagemagick-7.0.6-1-o2-magickcore
Result for ReadTXTImage:vuln , truth is vuln
------------------------------------------
Detecing CVE:CVE-2017-11523
Detection for: /data/zhangxb//binaries/target/imagemagick/imagemagick-7.0.5-8-o2-magickcore
Result for ReadTXTImage:vuln , truth is vuln
------------------------------------------
Detecing CVE:CVE-2017-11523
Detection for: /data/zhangxb//binaries/target/imagemagick/imagemagick-7.0.5-7-o2-magickcore
Result for ReadTXTImage:vuln , truth is vuln
------------------------------------------
Detecing CVE:CVE-2017-11523
Detection for: /data/zhangxb//binaries/target/imagemagick/imagemagick-7.0.6-2-o2-magickcore
Result for ReadTXTImage:patch , truth is patch
------------------------------------------
Detecing CVE:CVE-2017-11523
Detection for: /data/zhangxb//binaries/target/imagemagick/imagemagick-7.0.6-3-o2-magickcore
Result for ReadTXTImage:patch , truth is patch
------------------------------------------
Detecing CVE:CVE-2017-11523
Detection for: /data/zhangxb//binaries/target/imagemagick/imagemagick-7.0.6-4-o2-magickcore
Result for ReadTXTImage:patch , truth is patch
------------------------------------------
Detecing CVE:CVE-2017-15277
Detection for: /data/zhangxb//binaries/target/imagemagick/imagemagick-7.0.6-1-o2-magickcore
Result for ReadGIFImage:vuln , truth is vuln
------------------------------------------
Detecing CVE:CVE-2017-15277
Detection for: /data/zhangxb//binaries/target/imagemagick/imagemagick-7.0.6-3-o2-magickcore
Result for ReadGIFImage:vuln , truth is patch
------------------------------------------
Detecing CVE:CVE-2017-15277
Detection for: /data/zhangxb//binaries/target/imagemagick/imagemagick-7.0.6-4-o2-magickcore
Result for ReadGIFImage:vuln , truth is patch
------------------------------------------
Detecing CVE:CVE-2017-15277
Detection for: /data/zhangxb//binaries/target/imagemagick/imagemagick-7.0.6-5-o2-magickcore
Result for ReadGIFImage:vuln , truth is patch
------------------------------------------
Detecing CVE:CVE-2017-14174
Detection for: /data/zhangxb//binaries/target/imagemagick/imagemagick-7.0.7-0-o2-magickcore
Result for ReadPSDChannel:None , truth is vuln
Result for ReadPSDLayersInternal:vuln , truth is vuln
------------------------------------------
Detecing CVE:CVE-2017-14174
Detection for: /data/zhangxb//binaries/target/imagemagick/imagemagick-7.0.7-1-o2-magickcore
Result for ReadPSDChannel:None , truth is patch
Result for ReadPSDLayersInternal:vuln , truth is patch
------------------------------------------
Detecing CVE:CVE-2017-14174
Detection for: /data/zhangxb//binaries/target/imagemagick/imagemagick-7.0.7-2-o2-magickcore
Result for ReadPSDChannel:None , truth is patch
Result for ReadPSDLayersInternal:vuln , truth is patch
------------------------------------------
Detecing CVE:CVE-2017-14174
Detection for: /data/zhangxb//binaries/target/imagemagick/imagemagick-7.0.7-3-o2-magickcore
Result for ReadPSDChannel:None , truth is patch
Result for ReadPSDLayersInternal:vuln , truth is patch
------------------------------------------
Detecing CVE:CVE-2017-15032
Detection for: /data/zhangxb//binaries/target/imagemagick/imagemagick-7.0.7-2-o2-magickcore
Result for ReadYCBCRImage:patch , truth is vuln
------------------------------------------
Detecing CVE:CVE-2017-15032
Detection for: /data/zhangxb//binaries/target/imagemagick/imagemagick-7.0.7-3-o2-magickcore
Result for ReadYCBCRImage:vuln , truth is patch
------------------------------------------
Detecing CVE:CVE-2017-15032
Detection for: /data/zhangxb//binaries/target/imagemagick/imagemagick-7.0.7-4-o2-magickcore
Result for ReadYCBCRImage:vuln , truth is patch
------------------------------------------
Detecing CVE:CVE-2017-15032
Detection for: /data/zhangxb//binaries/target/imagemagick/imagemagick-7.0.7-5-o2-magickcore
Result for ReadYCBCRImage:patch , truth is patch
------------------------------------------
Detecing CVE:CVE-2017-15033
Detection for: /data/zhangxb//binaries/target/imagemagick/imagemagick-7.0.7-2-o2-magickcore
Result for ReadYUVImage:patch , truth is vuln
------------------------------------------
Detecing CVE:CVE-2017-15033
Detection for: /data/zhangxb//binaries/target/imagemagick/imagemagick-7.0.7-3-o2-magickcore
Result for ReadYUVImage:patch , truth is patch
------------------------------------------
Detecing CVE:CVE-2017-15033
Detection for: /data/zhangxb//binaries/target/imagemagick/imagemagick-7.0.7-4-o2-magickcore
Result for ReadYUVImage:patch , truth is patch
------------------------------------------
Detecing CVE:CVE-2017-15033
Detection for: /data/zhangxb//binaries/target/imagemagick/imagemagick-7.0.7-5-o2-magickcore
Result for ReadYUVImage:patch , truth is patch
------------------------------------------
Detecing CVE:CVE-2019-12974
Detection for: /data/zhangxb//binaries/target/imagemagick/imagemagick-7.0.8-34-o2-magickcore
Result for ReadCAPTIONImage:patch , truth is vuln
Result for ReadLABELImage:patch , truth is vuln
------------------------------------------
Detecing CVE:CVE-2019-12974
Detection for: /data/zhangxb//binaries/target/imagemagick/imagemagick-7.0.8-35-o2-magickcore
Result for ReadCAPTIONImage:patch , truth is patch
Result for ReadLABELImage:patch , truth is patch
------------------------------------------
Detecing CVE:CVE-2019-12974
Detection for: /data/zhangxb//binaries/target/imagemagick/imagemagick-7.0.8-36-o2-magickcore
Result for ReadCAPTIONImage:patch , truth is patch
Result for ReadLABELImage:patch , truth is patch
------------------------------------------
Detecing CVE:CVE-2019-12974
Detection for: /data/zhangxb//binaries/target/imagemagick/imagemagick-7.0.8-37-o2-magickcore
Result for ReadCAPTIONImage:patch , truth is patch
Result for ReadLABELImage:patch , truth is patch
------------------------------------------
Detecing CVE:CVE-2019-12979
Detection for: /data/zhangxb//binaries/target/imagemagick/imagemagick-7.0.8-34-o2-magickcore
Result for SetImageProperty:patch , truth is vuln
------------------------------------------
Detecing CVE:CVE-2019-12979
Detection for: /data/zhangxb//binaries/target/imagemagick/imagemagick-7.0.8-35-o2-magickcore
Result for SetImageProperty:patch , truth is patch
------------------------------------------
Detecing CVE:CVE-2019-12979
Detection for: /data/zhangxb//binaries/target/imagemagick/imagemagick-7.0.8-36-o2-magickcore
Result for SetImageProperty:patch , truth is patch
------------------------------------------
Detecing CVE:CVE-2019-12979
Detection for: /data/zhangxb//binaries/target/imagemagick/imagemagick-7.0.8-37-o2-magickcore
Result for SetImageProperty:patch , truth is patch
------------------------------------------
Detecing CVE:CVE-2019-10131
Detection for: /data/zhangxb//binaries/target/imagemagick/imagemagick-7.0.7-27-o2-magickcore
no function dict_keys(['format8BIM']) in target
------------------------------------------
Detecing CVE:CVE-2019-10131
Detection for: /data/zhangxb//binaries/target/imagemagick/imagemagick-7.0.7-26-o2-magickcore
no function dict_keys(['format8BIM']) in target
------------------------------------------
Detecing CVE:CVE-2019-10131
Detection for: /data/zhangxb//binaries/target/imagemagick/imagemagick-7.0.7-25-o2-magickcore
no function dict_keys(['format8BIM']) in target
------------------------------------------
Detecing CVE:CVE-2019-10131
Detection for: /data/zhangxb//binaries/target/imagemagick/imagemagick-7.1.0-0-o2-magickcore
no function dict_keys(['format8BIM']) in target
------------------------------------------
Detecing CVE:CVE-2019-10131
Detection for: /data/zhangxb//binaries/target/imagemagick/imagemagick-7.1.0-1-o2-magickcore
no function dict_keys(['format8BIM']) in target
------------------------------------------
Detecing CVE:CVE-2019-10131
Detection for: /data/zhangxb//binaries/target/imagemagick/imagemagick-7.1.0-2-o2-magickcore
no function dict_keys(['format8BIM']) in target
------------------------------------------
Detecing CVE:CVE-2018-16643
Detection for: /data/zhangxb//binaries/target/imagemagick/imagemagick-7.0.8-4-o2-magickcore
Result for ReadCALSImage:vuln , truth is vuln
Result for ReadDCMImage:patch , truth is vuln
Result for ReadPICTImage:patch , truth is vuln
Result for ReadPWPImage:patch , truth is vuln
------------------------------------------
Detecing CVE:CVE-2018-16643
Detection for: /data/zhangxb//binaries/target/imagemagick/imagemagick-7.0.8-6-o2-magickcore
Result for ReadCALSImage:patch , truth is patch
Result for ReadDCMImage:patch , truth is patch
Result for ReadPICTImage:patch , truth is patch
Result for ReadPWPImage:patch , truth is patch
------------------------------------------
Detecing CVE:CVE-2018-16643
Detection for: /data/zhangxb//binaries/target/imagemagick/imagemagick-7.0.8-7-o2-magickcore
Result for ReadCALSImage:patch , truth is patch
Result for ReadDCMImage:patch , truth is patch
Result for ReadPICTImage:patch , truth is patch
Result for ReadPWPImage:patch , truth is patch
------------------------------------------
Detecing CVE:CVE-2018-16643
Detection for: /data/zhangxb//binaries/target/imagemagick/imagemagick-7.0.8-8-o2-magickcore
Result for ReadCALSImage:patch , truth is patch
Result for ReadDCMImage:patch , truth is patch
Result for ReadPICTImage:patch , truth is patch
Result for ReadPWPImage:patch , truth is patch
------------------------------------------
Detecing CVE:CVE-2018-16644
Detection for: /data/zhangxb//binaries/target/imagemagick/imagemagick-7.0.8-11-o2-magickcore
Result for ReadDCMImage:vuln , truth is vuln
------------------------------------------
Detecing CVE:CVE-2018-16644
Detection for: /data/zhangxb//binaries/target/imagemagick/imagemagick-7.0.8-12-o2-magickcore
Result for ReadDCMImage:vuln , truth is patch
------------------------------------------
Detecing CVE:CVE-2018-16644
Detection for: /data/zhangxb//binaries/target/imagemagick/imagemagick-7.0.8-13-o2-magickcore
Result for ReadDCMImage:vuln , truth is patch
------------------------------------------
Detecing CVE:CVE-2018-16644
Detection for: /data/zhangxb//binaries/target/imagemagick/imagemagick-7.0.8-14-o2-magickcore
Result for ReadDCMImage:vuln , truth is patch
------------------------------------------
Detecing CVE:CVE-2018-16645
Detection for: /data/zhangxb//binaries/target/imagemagick/imagemagick-7.0.8-11-o2-magickcore
Result for ReadBMPImage:patch , truth is vuln
------------------------------------------
Detecing CVE:CVE-2018-16645
Detection for: /data/zhangxb//binaries/target/imagemagick/imagemagick-7.0.8-12-o2-magickcore
Result for ReadBMPImage:patch , truth is patch
------------------------------------------
Detecing CVE:CVE-2018-16645
Detection for: /data/zhangxb//binaries/target/imagemagick/imagemagick-7.0.8-13-o2-magickcore
Result for ReadBMPImage:patch , truth is patch
------------------------------------------
Detecing CVE:CVE-2018-16645
Detection for: /data/zhangxb//binaries/target/imagemagick/imagemagick-7.0.8-14-o2-magickcore
Result for ReadBMPImage:patch , truth is patch
------------------------------------------
Detecing CVE:CVE-2018-20467
Detection for: /data/zhangxb//binaries/target/imagemagick/imagemagick-7.0.8-15-o2-magickcore
Result for ReadBMPImage:patch , truth is vuln
------------------------------------------
Detecing CVE:CVE-2018-20467
Detection for: /data/zhangxb//binaries/target/imagemagick/imagemagick-7.0.8-14-o2-magickcore
Result for ReadBMPImage:patch , truth is vuln
------------------------------------------
Detecing CVE:CVE-2018-20467
Detection for: /data/zhangxb//binaries/target/imagemagick/imagemagick-7.0.8-13-o2-magickcore
Result for ReadBMPImage:patch , truth is vuln
------------------------------------------
Detecing CVE:CVE-2018-20467
Detection for: /data/zhangxb//binaries/target/imagemagick/imagemagick-7.1.0-0-o2-magickcore
Result for ReadBMPImage:patch , truth is patch
------------------------------------------
Detecing CVE:CVE-2018-20467
Detection for: /data/zhangxb//binaries/target/imagemagick/imagemagick-7.1.0-1-o2-magickcore
Result for ReadBMPImage:patch , truth is patch
------------------------------------------
Detecing CVE:CVE-2018-20467
Detection for: /data/zhangxb//binaries/target/imagemagick/imagemagick-7.1.0-2-o2-magickcore
Result for ReadBMPImage:patch , truth is patch
------------------------------------------
Detecing CVE:CVE-2019-12978
Detection for: /data/zhangxb//binaries/target/imagemagick/imagemagick-7.0.8-34-o2-magickcore
Result for ReadCAPTIONImage:vuln , truth is vuln
------------------------------------------
Detecing CVE:CVE-2019-12978
Detection for: /data/zhangxb//binaries/target/imagemagick/imagemagick-7.0.8-35-o2-magickcore
Result for ReadCAPTIONImage:vuln , truth is patch
------------------------------------------
Detecing CVE:CVE-2019-12978
Detection for: /data/zhangxb//binaries/target/imagemagick/imagemagick-7.0.8-36-o2-magickcore
Result for ReadCAPTIONImage:vuln , truth is patch
------------------------------------------
Detecing CVE:CVE-2019-12978
Detection for: /data/zhangxb//binaries/target/imagemagick/imagemagick-7.0.8-37-o2-magickcore
Result for ReadCAPTIONImage:vuln , truth is patch
------------------------------------------
Detecing CVE:CVE-2019-7175
Detection for: /data/zhangxb//binaries/target/imagemagick/imagemagick-7.0.8-24-o2-magickcore
fail to determine
Result for DecodeImage:None , truth is vuln
------------------------------------------
Detecing CVE:CVE-2019-7175
Detection for: /data/zhangxb//binaries/target/imagemagick/imagemagick-7.0.8-23-o2-magickcore
fail to determine
Result for DecodeImage:None , truth is vuln
------------------------------------------
Detecing CVE:CVE-2019-7175
Detection for: /data/zhangxb//binaries/target/imagemagick/imagemagick-7.0.8-22-o2-magickcore
fail to determine
Result for DecodeImage:None , truth is vuln
------------------------------------------
Detecing CVE:CVE-2019-7175
Detection for: /data/zhangxb//binaries/target/imagemagick/imagemagick-7.1.0-0-o2-magickcore
fail to determine
Result for DecodeImage:None , truth is patch
------------------------------------------
Detecing CVE:CVE-2019-7175
Detection for: /data/zhangxb//binaries/target/imagemagick/imagemagick-7.1.0-1-o2-magickcore
fail to determine
Result for DecodeImage:None , truth is patch
------------------------------------------
Detecing CVE:CVE-2019-7175
Detection for: /data/zhangxb//binaries/target/imagemagick/imagemagick-7.1.0-2-o2-magickcore
fail to determine
Result for DecodeImage:None , truth is patch
------------------------------------------
Detecing CVE:CVE-2019-7395
CVE-2019-7395 has no sigs, skip
------------------------------------------
Detecing CVE:CVE-2019-7395
CVE-2019-7395 has no sigs, skip
------------------------------------------
Detecing CVE:CVE-2019-7395
CVE-2019-7395 has no sigs, skip
------------------------------------------
Detecing CVE:CVE-2019-7395
CVE-2019-7395 has no sigs, skip
------------------------------------------
Detecing CVE:CVE-2019-7395
CVE-2019-7395 has no sigs, skip
------------------------------------------
Detecing CVE:CVE-2019-7395
CVE-2019-7395 has no sigs, skip
------------------------------------------
Detecing CVE:CVE-2019-7396
Detection for: /data/zhangxb//binaries/target/imagemagick/imagemagick-7.0.8-24-o2-magickcore
Result for ReadSIXELImage:vuln , truth is vuln
------------------------------------------
Detecing CVE:CVE-2019-7396
Detection for: /data/zhangxb//binaries/target/imagemagick/imagemagick-7.0.8-23-o2-magickcore
Result for ReadSIXELImage:vuln , truth is vuln
------------------------------------------
Detecing CVE:CVE-2019-7396
Detection for: /data/zhangxb//binaries/target/imagemagick/imagemagick-7.0.8-22-o2-magickcore
Result for ReadSIXELImage:vuln , truth is vuln
------------------------------------------
Detecing CVE:CVE-2019-7396
Detection for: /data/zhangxb//binaries/target/imagemagick/imagemagick-7.1.0-0-o2-magickcore
Result for ReadSIXELImage:vuln , truth is patch
------------------------------------------
Detecing CVE:CVE-2019-7396
Detection for: /data/zhangxb//binaries/target/imagemagick/imagemagick-7.1.0-1-o2-magickcore
Result for ReadSIXELImage:vuln , truth is patch
------------------------------------------
Detecing CVE:CVE-2019-7396
Detection for: /data/zhangxb//binaries/target/imagemagick/imagemagick-7.1.0-2-o2-magickcore
Result for ReadSIXELImage:vuln , truth is patch
------------------------------------------
Detecing CVE:CVE-2019-7398
Detection for: /data/zhangxb//binaries/target/imagemagick/imagemagick-7.0.8-24-o2-magickcore
Result for WriteDIBImage:patch , truth is vuln
------------------------------------------
Detecing CVE:CVE-2019-7398
Detection for: /data/zhangxb//binaries/target/imagemagick/imagemagick-7.0.8-23-o2-magickcore
Result for WriteDIBImage:patch , truth is vuln
------------------------------------------
Detecing CVE:CVE-2019-7398
Detection for: /data/zhangxb//binaries/target/imagemagick/imagemagick-7.0.8-22-o2-magickcore
Result for WriteDIBImage:patch , truth is vuln
------------------------------------------
Detecing CVE:CVE-2019-7398
Detection for: /data/zhangxb//binaries/target/imagemagick/imagemagick-7.1.0-0-o2-magickcore
Result for WriteDIBImage:patch , truth is patch
------------------------------------------
Detecing CVE:CVE-2019-7398
Detection for: /data/zhangxb//binaries/target/imagemagick/imagemagick-7.1.0-1-o2-magickcore
Result for WriteDIBImage:patch , truth is patch
------------------------------------------
Detecing CVE:CVE-2019-7398
Detection for: /data/zhangxb//binaries/target/imagemagick/imagemagick-7.1.0-2-o2-magickcore
Result for WriteDIBImage:patch , truth is patch
------------------------------------------
Detecing CVE:CVE-2019-11470
Detection for: /data/zhangxb//binaries/target/imagemagick/imagemagick-7.0.8-28-o2-magickcore
Result for ReadCINImage:vuln , truth is patch
------------------------------------------
Detecing CVE:CVE-2019-11470
Detection for: /data/zhangxb//binaries/target/imagemagick/imagemagick-7.0.8-29-o2-magickcore
Result for ReadCINImage:vuln , truth is patch
------------------------------------------
Detecing CVE:CVE-2019-11470
Detection for: /data/zhangxb//binaries/target/imagemagick/imagemagick-7.0.8-30-o2-magickcore
Result for ReadCINImage:vuln , truth is patch
------------------------------------------
Detecing CVE:CVE-2019-10714
Detection for: /data/zhangxb//binaries/target/imagemagick/imagemagick-7.0.8-31-o2-magickcore
fail to determine
Result for LocaleLowercase:None , truth is vuln
fail to determine
Result for LocaleUppercase:None , truth is vuln
------------------------------------------
Detecing CVE:CVE-2019-10714
Detection for: /data/zhangxb//binaries/target/imagemagick/imagemagick-7.0.8-30-o2-magickcore
fail to determine
Result for LocaleLowercase:None , truth is vuln
fail to determine
Result for LocaleUppercase:None , truth is vuln
------------------------------------------
Detecing CVE:CVE-2019-10714
Detection for: /data/zhangxb//binaries/target/imagemagick/imagemagick-7.0.8-29-o2-magickcore
fail to determine
Result for LocaleLowercase:None , truth is vuln
fail to determine
Result for LocaleUppercase:None , truth is vuln
------------------------------------------
Detecing CVE:CVE-2019-10714
Detection for: /data/zhangxb//binaries/target/imagemagick/imagemagick-7.1.0-0-o2-magickcore
fail to determine
Result for LocaleLowercase:None , truth is patch
fail to determine
Result for LocaleUppercase:None , truth is patch
------------------------------------------
Detecing CVE:CVE-2019-10714
Detection for: /data/zhangxb//binaries/target/imagemagick/imagemagick-7.1.0-1-o2-magickcore
fail to determine
Result for LocaleLowercase:None , truth is patch
fail to determine
Result for LocaleUppercase:None , truth is patch
------------------------------------------
Detecing CVE:CVE-2019-10714
Detection for: /data/zhangxb//binaries/target/imagemagick/imagemagick-7.1.0-2-o2-magickcore
fail to determine
Result for LocaleLowercase:None , truth is patch
fail to determine
Result for LocaleUppercase:None , truth is patch
------------------------------------------
Detecing CVE:CVE-2019-12975
Detection for: /data/zhangxb//binaries/target/imagemagick/imagemagick-7.0.8-34-o2-magickcore
Result for WriteDPXImage:vuln , truth is vuln
------------------------------------------
Detecing CVE:CVE-2019-12975
Detection for: /data/zhangxb//binaries/target/imagemagick/imagemagick-7.0.8-35-o2-magickcore
Result for WriteDPXImage:patch , truth is patch
------------------------------------------
Detecing CVE:CVE-2019-12975
Detection for: /data/zhangxb//binaries/target/imagemagick/imagemagick-7.0.8-36-o2-magickcore
Result for WriteDPXImage:vuln , truth is patch
------------------------------------------
Detecing CVE:CVE-2019-12975
Detection for: /data/zhangxb//binaries/target/imagemagick/imagemagick-7.0.8-37-o2-magickcore
Result for WriteDPXImage:vuln , truth is patch
------------------------------------------
Detecing CVE:CVE-2019-12976
Detection for: /data/zhangxb//binaries/target/imagemagick/imagemagick-7.0.8-34-o2-magickcore
fail to determine
Result for ReadPCLImage:None , truth is vuln
------------------------------------------
Detecing CVE:CVE-2019-12976
Detection for: /data/zhangxb//binaries/target/imagemagick/imagemagick-7.0.8-35-o2-magickcore
fail to determine
Result for ReadPCLImage:None , truth is patch
------------------------------------------
Detecing CVE:CVE-2019-12976
Detection for: /data/zhangxb//binaries/target/imagemagick/imagemagick-7.0.8-36-o2-magickcore
fail to determine
Result for ReadPCLImage:None , truth is patch
------------------------------------------
Detecing CVE:CVE-2019-12976
Detection for: /data/zhangxb//binaries/target/imagemagick/imagemagick-7.0.8-37-o2-magickcore
fail to determine
Result for ReadPCLImage:None , truth is patch
------------------------------------------
Detecing CVE:CVE-2019-10649
Detection for: /data/zhangxb//binaries/target/imagemagick/imagemagick-7.0.8-36-o2-magickcore
Result for SVGEndElement:patch , truth is patch
------------------------------------------
Detecing CVE:CVE-2019-10649
Detection for: /data/zhangxb//binaries/target/imagemagick/imagemagick-7.0.8-37-o2-magickcore
Result for SVGEndElement:patch , truth is patch
------------------------------------------
Detecing CVE:CVE-2019-10649
Detection for: /data/zhangxb//binaries/target/imagemagick/imagemagick-7.0.8-38-o2-magickcore
Result for SVGEndElement:patch , truth is patch
------------------------------------------
Detecing CVE:CVE-2019-10650
Detection for: /data/zhangxb//binaries/target/imagemagick/imagemagick-7.0.8-36-o2-magickcore
no function dict_keys(['WriteTIFFImage']) in target
------------------------------------------
Detecing CVE:CVE-2019-10650
Detection for: /data/zhangxb//binaries/target/imagemagick/imagemagick-7.0.8-37-o2-magickcore
no function dict_keys(['WriteTIFFImage']) in target
------------------------------------------
Detecing CVE:CVE-2019-10650
Detection for: /data/zhangxb//binaries/target/imagemagick/imagemagick-7.0.8-38-o2-magickcore
no function dict_keys(['WriteTIFFImage']) in target
------------------------------------------
Detecing CVE:CVE-2019-16711
Detection for: /data/zhangxb//binaries/target/imagemagick/imagemagick-7.0.8-40-o2-magickcore
Result for WritePS2Image:vuln , truth is vuln
------------------------------------------
Detecing CVE:CVE-2019-16711
Detection for: /data/zhangxb//binaries/target/imagemagick/imagemagick-7.0.8-41-o2-magickcore
Result for WritePS2Image:vuln , truth is patch
------------------------------------------
Detecing CVE:CVE-2019-16711
Detection for: /data/zhangxb//binaries/target/imagemagick/imagemagick-7.0.8-42-o2-magickcore
Result for WritePS2Image:vuln , truth is patch
------------------------------------------
Detecing CVE:CVE-2019-16711
Detection for: /data/zhangxb//binaries/target/imagemagick/imagemagick-7.0.8-43-o2-magickcore
Result for WritePS2Image:vuln , truth is patch
------------------------------------------
Detecing CVE:CVE-2019-11472
Detection for: /data/zhangxb//binaries/target/imagemagick/imagemagick-7.0.8-41-o2-magickcore
Result for ReadXWDImage:vuln , truth is patch
------------------------------------------
Detecing CVE:CVE-2019-11472
Detection for: /data/zhangxb//binaries/target/imagemagick/imagemagick-7.0.8-42-o2-magickcore
Result for ReadXWDImage:vuln , truth is patch
------------------------------------------
Detecing CVE:CVE-2019-11472
Detection for: /data/zhangxb//binaries/target/imagemagick/imagemagick-7.0.8-43-o2-magickcore
Result for ReadXWDImage:vuln , truth is patch
------------------------------------------
Detecing CVE:CVE-2019-14981
CVE-2019-14981 has no sigs, skip
------------------------------------------
Detecing CVE:CVE-2019-14981
CVE-2019-14981 has no sigs, skip
------------------------------------------
Detecing CVE:CVE-2019-14981
CVE-2019-14981 has no sigs, skip
------------------------------------------
Detecing CVE:CVE-2019-14981
CVE-2019-14981 has no sigs, skip
------------------------------------------
Detecing CVE:CVE-2019-14981
CVE-2019-14981 has no sigs, skip
------------------------------------------
Detecing CVE:CVE-2019-14981
CVE-2019-14981 has no sigs, skip
------------------------------------------
Detecing CVE:CVE-2019-15139
Detection for: /data/zhangxb//binaries/target/imagemagick/imagemagick-7.0.8-42-o2-magickcore
Result for ReadXWDImage:patch , truth is patch
fail to determine
Result for RegisterXWDImage:None , truth is patch
------------------------------------------
Detecing CVE:CVE-2019-15139
Detection for: /data/zhangxb//binaries/target/imagemagick/imagemagick-7.0.8-43-o2-magickcore
Result for ReadXWDImage:patch , truth is patch
fail to determine
Result for RegisterXWDImage:None , truth is patch
------------------------------------------
Detecing CVE:CVE-2019-15139
Detection for: /data/zhangxb//binaries/target/imagemagick/imagemagick-7.0.8-44-o2-magickcore
Result for ReadXWDImage:patch , truth is patch
fail to determine
Result for RegisterXWDImage:None , truth is patch
------------------------------------------
Detecing CVE:CVE-2019-19949
Detection for: /data/zhangxb//binaries/target/imagemagick/imagemagick-7.0.8-42-o2-magickcore
no function dict_keys(['Magick_png_write_raw_profile']) in target
------------------------------------------
Detecing CVE:CVE-2019-19949
Detection for: /data/zhangxb//binaries/target/imagemagick/imagemagick-7.0.8-41-o2-magickcore
no function dict_keys(['Magick_png_write_raw_profile']) in target
------------------------------------------
Detecing CVE:CVE-2019-19949
Detection for: /data/zhangxb//binaries/target/imagemagick/imagemagick-7.0.8-40-o2-magickcore
no function dict_keys(['Magick_png_write_raw_profile']) in target
------------------------------------------
Detecing CVE:CVE-2019-19949
Detection for: /data/zhangxb//binaries/target/imagemagick/imagemagick-7.0.8-43-o2-magickcore
no function dict_keys(['Magick_png_write_raw_profile']) in target
------------------------------------------
Detecing CVE:CVE-2019-19949
Detection for: /data/zhangxb//binaries/target/imagemagick/imagemagick-7.0.8-44-o2-magickcore
no function dict_keys(['Magick_png_write_raw_profile']) in target
------------------------------------------
Detecing CVE:CVE-2019-19949
Detection for: /data/zhangxb//binaries/target/imagemagick/imagemagick-7.0.8-45-o2-magickcore
no function dict_keys(['Magick_png_write_raw_profile']) in target
------------------------------------------
Detecing CVE:CVE-2019-13133
Detection for: /data/zhangxb//binaries/target/imagemagick/imagemagick-7.0.8-49-o2-magickcore
fail to determine
Result for ReadBMPImage:None , truth is vuln
fail to determine
Result for ReadVIFFImage:None , truth is vuln
------------------------------------------
Detecing CVE:CVE-2019-13133
Detection for: /data/zhangxb//binaries/target/imagemagick/imagemagick-7.0.8-48-o2-magickcore
fail to determine
Result for ReadBMPImage:None , truth is vuln
fail to determine
Result for ReadVIFFImage:None , truth is vuln
------------------------------------------
Detecing CVE:CVE-2019-13133
Detection for: /data/zhangxb//binaries/target/imagemagick/imagemagick-7.0.8-47-o2-magickcore
fail to determine
Result for ReadBMPImage:None , truth is vuln
fail to determine
Result for ReadVIFFImage:None , truth is vuln
------------------------------------------
Detecing CVE:CVE-2019-13133
Detection for: /data/zhangxb//binaries/target/imagemagick/imagemagick-7.1.0-0-o2-magickcore
fail to determine
Result for ReadBMPImage:None , truth is patch
fail to determine
Result for ReadVIFFImage:None , truth is patch
------------------------------------------
Detecing CVE:CVE-2019-13133
Detection for: /data/zhangxb//binaries/target/imagemagick/imagemagick-7.1.0-1-o2-magickcore
fail to determine
Result for ReadBMPImage:None , truth is patch
fail to determine
Result for ReadVIFFImage:None , truth is patch
------------------------------------------
Detecing CVE:CVE-2019-13133
Detection for: /data/zhangxb//binaries/target/imagemagick/imagemagick-7.1.0-2-o2-magickcore
fail to determine
Result for ReadBMPImage:None , truth is patch
fail to determine
Result for ReadVIFFImage:None , truth is patch
------------------------------------------
Detecing CVE:CVE-2019-13134
Detection for: /data/zhangxb//binaries/target/imagemagick/imagemagick-7.0.8-49-o2-magickcore
fail to determine
Result for ReadBMPImage:None , truth is vuln
fail to determine
Result for ReadVIFFImage:None , truth is vuln
------------------------------------------
Detecing CVE:CVE-2019-13134
Detection for: /data/zhangxb//binaries/target/imagemagick/imagemagick-7.0.8-48-o2-magickcore
fail to determine
Result for ReadBMPImage:None , truth is vuln
fail to determine
Result for ReadVIFFImage:None , truth is vuln
------------------------------------------
Detecing CVE:CVE-2019-13134
Detection for: /data/zhangxb//binaries/target/imagemagick/imagemagick-7.0.8-47-o2-magickcore
fail to determine
Result for ReadBMPImage:None , truth is vuln
fail to determine
Result for ReadVIFFImage:None , truth is vuln
------------------------------------------
Detecing CVE:CVE-2019-13134
Detection for: /data/zhangxb//binaries/target/imagemagick/imagemagick-7.1.0-0-o2-magickcore
fail to determine
Result for ReadBMPImage:None , truth is patch
fail to determine
Result for ReadVIFFImage:None , truth is patch
------------------------------------------
Detecing CVE:CVE-2019-13134
Detection for: /data/zhangxb//binaries/target/imagemagick/imagemagick-7.1.0-1-o2-magickcore
fail to determine
Result for ReadBMPImage:None , truth is patch
fail to determine
Result for ReadVIFFImage:None , truth is patch
------------------------------------------
Detecing CVE:CVE-2019-13134
Detection for: /data/zhangxb//binaries/target/imagemagick/imagemagick-7.1.0-2-o2-magickcore
fail to determine
Result for ReadBMPImage:None , truth is patch
fail to determine
Result for ReadVIFFImage:None , truth is patch
------------------------------------------
Detecing CVE:CVE-2019-13136
Detection for: /data/zhangxb//binaries/target/imagemagick/imagemagick-7.0.8-49-o2-magickcore
no function dict_keys(['TIFFSeekCustomStream']) in target
------------------------------------------
Detecing CVE:CVE-2019-13136
Detection for: /data/zhangxb//binaries/target/imagemagick/imagemagick-7.0.8-48-o2-magickcore
no function dict_keys(['TIFFSeekCustomStream']) in target
------------------------------------------
Detecing CVE:CVE-2019-13136
Detection for: /data/zhangxb//binaries/target/imagemagick/imagemagick-7.0.8-47-o2-magickcore
no function dict_keys(['TIFFSeekCustomStream']) in target
------------------------------------------
Detecing CVE:CVE-2019-13136
Detection for: /data/zhangxb//binaries/target/imagemagick/imagemagick-7.1.0-0-o2-magickcore
no function dict_keys(['TIFFSeekCustomStream']) in target
------------------------------------------
Detecing CVE:CVE-2019-13136
Detection for: /data/zhangxb//binaries/target/imagemagick/imagemagick-7.1.0-1-o2-magickcore
no function dict_keys(['TIFFSeekCustomStream']) in target
------------------------------------------
Detecing CVE:CVE-2019-13136
Detection for: /data/zhangxb//binaries/target/imagemagick/imagemagick-7.1.0-2-o2-magickcore
no function dict_keys(['TIFFSeekCustomStream']) in target
------------------------------------------
Detecing CVE:CVE-2019-13137
Detection for: /data/zhangxb//binaries/target/imagemagick/imagemagick-7.0.8-49-o2-magickcore
Result for ReadPSImage:patch , truth is vuln
------------------------------------------
Detecing CVE:CVE-2019-13137
Detection for: /data/zhangxb//binaries/target/imagemagick/imagemagick-7.0.8-48-o2-magickcore
Result for ReadPSImage:patch , truth is vuln
------------------------------------------
Detecing CVE:CVE-2019-13137
Detection for: /data/zhangxb//binaries/target/imagemagick/imagemagick-7.0.8-47-o2-magickcore
Result for ReadPSImage:patch , truth is vuln
------------------------------------------
Detecing CVE:CVE-2019-13137
Detection for: /data/zhangxb//binaries/target/imagemagick/imagemagick-7.1.0-0-o2-magickcore
Result for ReadPSImage:patch , truth is patch
------------------------------------------
Detecing CVE:CVE-2019-13137
Detection for: /data/zhangxb//binaries/target/imagemagick/imagemagick-7.1.0-1-o2-magickcore
Result for ReadPSImage:patch , truth is patch
------------------------------------------
Detecing CVE:CVE-2019-13137
Detection for: /data/zhangxb//binaries/target/imagemagick/imagemagick-7.1.0-2-o2-magickcore
Result for ReadPSImage:patch , truth is patch
------------------------------------------
Detecing CVE:CVE-2019-13307
CVE-2019-13307 has no sigs, skip
------------------------------------------
Detecing CVE:CVE-2019-13307
CVE-2019-13307 has no sigs, skip
------------------------------------------
Detecing CVE:CVE-2019-13307
CVE-2019-13307 has no sigs, skip
------------------------------------------
Detecing CVE:CVE-2019-17541
Detection for: /data/zhangxb//binaries/target/imagemagick/imagemagick-7.0.8-54-o2-magickcore
no function dict_keys(['ReadICCProfile']) in target
------------------------------------------
Detecing CVE:CVE-2019-17541
Detection for: /data/zhangxb//binaries/target/imagemagick/imagemagick-7.0.8-53-o2-magickcore
no function dict_keys(['ReadICCProfile']) in target
------------------------------------------
Detecing CVE:CVE-2019-17541
Detection for: /data/zhangxb//binaries/target/imagemagick/imagemagick-7.0.8-52-o2-magickcore
no function dict_keys(['ReadICCProfile']) in target
------------------------------------------
Detecing CVE:CVE-2019-17541
Detection for: /data/zhangxb//binaries/target/imagemagick/imagemagick-7.1.0-0-o2-magickcore
no function dict_keys(['ReadICCProfile']) in target
------------------------------------------
Detecing CVE:CVE-2019-17541
Detection for: /data/zhangxb//binaries/target/imagemagick/imagemagick-7.1.0-1-o2-magickcore
no function dict_keys(['ReadICCProfile']) in target
------------------------------------------
Detecing CVE:CVE-2019-17541
Detection for: /data/zhangxb//binaries/target/imagemagick/imagemagick-7.1.0-2-o2-magickcore
no function dict_keys(['ReadICCProfile']) in target
------------------------------------------
Detecing CVE:CVE-2019-17547
Detection for: /data/zhangxb//binaries/target/imagemagick/imagemagick-7.0.8-61-o2-magickcore
fail to determine
Result for TraceBezier:None , truth is vuln
------------------------------------------
Detecing CVE:CVE-2019-17547
Detection for: /data/zhangxb//binaries/target/imagemagick/imagemagick-7.0.8-60-o2-magickcore
fail to determine
Result for TraceBezier:None , truth is vuln
------------------------------------------
Detecing CVE:CVE-2019-17547
Detection for: /data/zhangxb//binaries/target/imagemagick/imagemagick-7.0.8-59-o2-magickcore
fail to determine
Result for TraceBezier:None , truth is vuln
------------------------------------------
Detecing CVE:CVE-2019-17547
Detection for: /data/zhangxb//binaries/target/imagemagick/imagemagick-7.1.0-0-o2-magickcore
fail to determine
Result for TraceBezier:None , truth is patch
------------------------------------------
Detecing CVE:CVE-2019-17547
Detection for: /data/zhangxb//binaries/target/imagemagick/imagemagick-7.1.0-1-o2-magickcore
fail to determine
Result for TraceBezier:None , truth is patch
------------------------------------------
Detecing CVE:CVE-2019-17547
Detection for: /data/zhangxb//binaries/target/imagemagick/imagemagick-7.1.0-2-o2-magickcore
fail to determine
Result for TraceBezier:None , truth is patch
------------------------------------------
Detecing CVE:CVE-2020-27750
CVE-2020-27750 has no sigs, skip
------------------------------------------
Detecing CVE:CVE-2020-27750
CVE-2020-27750 has no sigs, skip
------------------------------------------
Detecing CVE:CVE-2020-27750
CVE-2020-27750 has no sigs, skip
------------------------------------------
Detecing CVE:CVE-2020-27750
CVE-2020-27750 has no sigs, skip
------------------------------------------
Detecing CVE:CVE-2020-27750
CVE-2020-27750 has no sigs, skip
------------------------------------------
Detecing CVE:CVE-2020-27750
CVE-2020-27750 has no sigs, skip
------------------------------------------
Detecing CVE:CVE-2020-27762
Detection for: /data/zhangxb//binaries/target/imagemagick/imagemagick-7.0.8-67-o2-magickcore
fail to determine
Result for WriteHDRImage:None , truth is vuln
------------------------------------------
Detecing CVE:CVE-2020-27762
Detection for: /data/zhangxb//binaries/target/imagemagick/imagemagick-7.0.8-66-o2-magickcore
fail to determine
Result for WriteHDRImage:None , truth is vuln
------------------------------------------
Detecing CVE:CVE-2020-27762
Detection for: /data/zhangxb//binaries/target/imagemagick/imagemagick-7.0.8-65-o2-magickcore
fail to determine
Result for WriteHDRImage:None , truth is vuln
------------------------------------------
Detecing CVE:CVE-2020-27762
Detection for: /data/zhangxb//binaries/target/imagemagick/imagemagick-7.1.0-0-o2-magickcore
fail to determine
Result for WriteHDRImage:None , truth is patch
------------------------------------------
Detecing CVE:CVE-2020-27762
Detection for: /data/zhangxb//binaries/target/imagemagick/imagemagick-7.1.0-1-o2-magickcore
fail to determine
Result for WriteHDRImage:None , truth is patch
------------------------------------------
Detecing CVE:CVE-2020-27762
Detection for: /data/zhangxb//binaries/target/imagemagick/imagemagick-7.1.0-2-o2-magickcore
fail to determine
Result for WriteHDRImage:None , truth is patch
------------------------------------------
Detecing CVE:CVE-2020-25664
Detection for: /data/zhangxb//binaries/target/imagemagick/imagemagick-7.0.8-67-o2-magickcore
fail to determine
Result for WriteOnePNGImage:None , truth is vuln
------------------------------------------
Detecing CVE:CVE-2020-25664
Detection for: /data/zhangxb//binaries/target/imagemagick/imagemagick-7.0.8-66-o2-magickcore
fail to determine
Result for WriteOnePNGImage:None , truth is vuln
------------------------------------------
Detecing CVE:CVE-2020-25664
Detection for: /data/zhangxb//binaries/target/imagemagick/imagemagick-7.0.8-65-o2-magickcore
fail to determine
Result for WriteOnePNGImage:None , truth is vuln------------------------------------------
Detecing CVE:CVE-2020-25665
CVE-2020-25665 has no sigs, skip
------------------------------------------
Detecing CVE:CVE-2020-25665
CVE-2020-25665 has no sigs, skip
------------------------------------------
Detecing CVE:CVE-2020-25665
CVE-2020-25665 has no sigs, skip
------------------------------------------
Detecing CVE:CVE-2020-25665
CVE-2020-25665 has no sigs, skip
------------------------------------------
Detecing CVE:CVE-2020-25665
CVE-2020-25665 has no sigs, skip
------------------------------------------
Detecing CVE:CVE-2020-25665
CVE-2020-25665 has no sigs, skip
------------------------------------------
Detecing CVE:CVE-2020-25674
Detection for: /data/zhangxb//binaries/target/imagemagick/imagemagick-7.0.8-67-o2-magickcore
Result for WriteOnePNGImage:patch , truth is vuln
------------------------------------------
Detecing CVE:CVE-2020-25674
Detection for: /data/zhangxb//binaries/target/imagemagick/imagemagick-7.0.8-66-o2-magickcore
Result for WriteOnePNGImage:patch , truth is vuln
------------------------------------------
Detecing CVE:CVE-2020-25674
Detection for: /data/zhangxb//binaries/target/imagemagick/imagemagick-7.0.8-65-o2-magickcore
Result for WriteOnePNGImage:patch , truth is vuln
------------------------------------------
Detecing CVE:CVE-2020-25674
Detection for: /data/zhangxb//binaries/target/imagemagick/imagemagick-7.1.0-0-o2-magickcore
Result for WriteOnePNGImage:patch , truth is patch
------------------------------------------
Detecing CVE:CVE-2020-25674
Detection for: /data/zhangxb//binaries/target/imagemagick/imagemagick-7.1.0-1-o2-magickcore
Result for WriteOnePNGImage:patch , truth is patch
------------------------------------------
Detecing CVE:CVE-2020-25674
Detection for: /data/zhangxb//binaries/target/imagemagick/imagemagick-7.1.0-2-o2-magickcore
Result for WriteOnePNGImage:patch , truth is patch
------------------------------------------
Detecing CVE:CVE-2020-27760
CVE-2020-27760 has no sigs, skip
------------------------------------------
Detecing CVE:CVE-2020-27760
CVE-2020-27760 has no sigs, skip
------------------------------------------
Detecing CVE:CVE-2020-27760
CVE-2020-27760 has no sigs, skip
------------------------------------------
Detecing CVE:CVE-2020-27760
CVE-2020-27760 has no sigs, skip
------------------------------------------
Detecing CVE:CVE-2020-27760
CVE-2020-27760 has no sigs, skip
------------------------------------------
Detecing CVE:CVE-2020-27760
CVE-2020-27760 has no sigs, skip
------------------------------------------
Detecing CVE:CVE-2020-27763
Detection for: /data/zhangxb//binaries/target/imagemagick/imagemagick-7.0.8-67-o2-magickcore
fail to determine
Result for AcquireResizeFilter:None , truth is vuln
------------------------------------------
Detecing CVE:CVE-2020-27763
Detection for: /data/zhangxb//binaries/target/imagemagick/imagemagick-7.0.8-66-o2-magickcore
fail to determine
Result for AcquireResizeFilter:None , truth is vuln
------------------------------------------
Detecing CVE:CVE-2020-27763
Detection for: /data/zhangxb//binaries/target/imagemagick/imagemagick-7.0.8-65-o2-magickcore
fail to determine
Result for AcquireResizeFilter:None , truth is vuln
------------------------------------------
Detecing CVE:CVE-2020-27763
Detection for: /data/zhangxb//binaries/target/imagemagick/imagemagick-7.1.0-0-o2-magickcore
fail to determine
Result for AcquireResizeFilter:None , truth is patch
------------------------------------------
Detecing CVE:CVE-2020-27763
Detection for: /data/zhangxb//binaries/target/imagemagick/imagemagick-7.1.0-1-o2-magickcore
fail to determine
Result for AcquireResizeFilter:None , truth is patch
------------------------------------------
Detecing CVE:CVE-2020-27763
Detection for: /data/zhangxb//binaries/target/imagemagick/imagemagick-7.1.0-2-o2-magickcore
fail to determine
Result for AcquireResizeFilter:None , truth is patch
------------------------------------------
Detecing CVE:CVE-2020-27758
Detection for: /data/zhangxb//binaries/target/imagemagick/imagemagick-7.0.8-67-o2-magickcore
fail to determine
Result for ReadTXTImage:None , truth is vuln
------------------------------------------
Detecing CVE:CVE-2020-27758
Detection for: /data/zhangxb//binaries/target/imagemagick/imagemagick-7.0.8-66-o2-magickcore
fail to determine
Result for ReadTXTImage:None , truth is vuln
------------------------------------------
Detecing CVE:CVE-2020-27758
Detection for: /data/zhangxb//binaries/target/imagemagick/imagemagick-7.0.8-65-o2-magickcore
fail to determine
Result for ReadTXTImage:None , truth is vuln
------------------------------------------
Detecing CVE:CVE-2020-27758
Detection for: /data/zhangxb//binaries/target/imagemagick/imagemagick-7.1.0-0-o2-magickcore
fail to determine
Result for ReadTXTImage:None , truth is patch
------------------------------------------
Detecing CVE:CVE-2020-27758
Detection for: /data/zhangxb//binaries/target/imagemagick/imagemagick-7.1.0-1-o2-magickcore
fail to determine
Result for ReadTXTImage:None , truth is patch
------------------------------------------
Detecing CVE:CVE-2020-27758
Detection for: /data/zhangxb//binaries/target/imagemagick/imagemagick-7.1.0-2-o2-magickcore
fail to determine
Result for ReadTXTImage:None , truth is patch
------------------------------------------
Detecing CVE:CVE-2020-27770
Detection for: /data/zhangxb//binaries/target/imagemagick/imagemagick-7.0.8-67-o2-magickcore
fail to determine
Result for SubstituteString:None , truth is vuln
------------------------------------------
Detecing CVE:CVE-2020-27770
Detection for: /data/zhangxb//binaries/target/imagemagick/imagemagick-7.0.8-66-o2-magickcore
fail to determine
Result for SubstituteString:None , truth is vuln
------------------------------------------
Detecing CVE:CVE-2020-27770
Detection for: /data/zhangxb//binaries/target/imagemagick/imagemagick-7.0.8-65-o2-magickcore
fail to determine
Result for SubstituteString:None , truth is vuln
------------------------------------------
Detecing CVE:CVE-2020-27770
Detection for: /data/zhangxb//binaries/target/imagemagick/imagemagick-7.1.0-0-o2-magickcore
fail to determine
Result for SubstituteString:None , truth is patch
------------------------------------------
Detecing CVE:CVE-2020-27770
Detection for: /data/zhangxb//binaries/target/imagemagick/imagemagick-7.1.0-1-o2-magickcore
fail to determine
Result for SubstituteString:None , truth is patch
------------------------------------------
Detecing CVE:CVE-2020-27770
Detection for: /data/zhangxb//binaries/target/imagemagick/imagemagick-7.1.0-2-o2-magickcore
fail to determine
Result for SubstituteString:None , truth is patch
------------------------------------------
Detecing CVE:CVE-2020-25663
CVE-2020-25663 has no sigs, skip
------------------------------------------
Detecing CVE:CVE-2020-25663
CVE-2020-25663 has no sigs, skip
------------------------------------------
Detecing CVE:CVE-2020-25663
CVE-2020-25663 has no sigs, skip
------------------------------------------
Detecing CVE:CVE-2020-25663
CVE-2020-25663 has no sigs, skip
------------------------------------------
Detecing CVE:CVE-2020-25663
CVE-2020-25663 has no sigs, skip
------------------------------------------
Detecing CVE:CVE-2020-25663
CVE-2020-25663 has no sigs, skip
------------------------------------------
Detecing CVE:CVE-2020-27756
CVE-2020-27756 has no sigs, skip
------------------------------------------
Detecing CVE:CVE-2020-27756
CVE-2020-27756 has no sigs, skip
------------------------------------------
Detecing CVE:CVE-2020-27756
CVE-2020-27756 has no sigs, skip
------------------------------------------
Detecing CVE:CVE-2020-27756
CVE-2020-27756 has no sigs, skip
------------------------------------------
Detecing CVE:CVE-2020-27756
CVE-2020-27756 has no sigs, skip
------------------------------------------
Detecing CVE:CVE-2020-27756
CVE-2020-27756 has no sigs, skip
------------------------------------------
Detecing CVE:CVE-2020-27751
Detection for: /data/zhangxb//binaries/target/imagemagick/imagemagick-7.0.8-68-o2-magickcore
Result for SetQuantumDepth:vuln , truth is vuln
------------------------------------------
Detecing CVE:CVE-2020-27751
Detection for: /data/zhangxb//binaries/target/imagemagick/imagemagick-7.0.8-67-o2-magickcore
Result for SetQuantumDepth:vuln , truth is vuln
------------------------------------------
Detecing CVE:CVE-2020-27751
Detection for: /data/zhangxb//binaries/target/imagemagick/imagemagick-7.0.8-66-o2-magickcore
Result for SetQuantumDepth:vuln , truth is vuln
------------------------------------------
Detecing CVE:CVE-2020-27751
Detection for: /data/zhangxb//binaries/target/imagemagick/imagemagick-7.1.0-0-o2-magickcore
Result for SetQuantumDepth:patch , truth is patch
------------------------------------------
Detecing CVE:CVE-2020-27751
Detection for: /data/zhangxb//binaries/target/imagemagick/imagemagick-7.1.0-1-o2-magickcore
Result for SetQuantumDepth:patch , truth is patch
------------------------------------------
Detecing CVE:CVE-2020-27751
Detection for: /data/zhangxb//binaries/target/imagemagick/imagemagick-7.1.0-2-o2-magickcore
Result for SetQuantumDepth:patch , truth is patch
------------------------------------------
Detecing CVE:CVE-2020-27761
Detection for: /data/zhangxb//binaries/target/imagemagick/imagemagick-7.0.8-68-o2-magickcore
fail to determine
Result for WritePALMImage:None , truth is vuln
------------------------------------------
Detecing CVE:CVE-2020-27761
Detection for: /data/zhangxb//binaries/target/imagemagick/imagemagick-7.0.8-67-o2-magickcore
fail to determine
Result for WritePALMImage:None , truth is vuln
------------------------------------------
Detecing CVE:CVE-2020-27761
Detection for: /data/zhangxb//binaries/target/imagemagick/imagemagick-7.0.8-66-o2-magickcore
fail to determine
Result for WritePALMImage:None , truth is vuln
------------------------------------------
Detecing CVE:CVE-2020-27761
Detection for: /data/zhangxb//binaries/target/imagemagick/imagemagick-7.1.0-0-o2-magickcore
fail to determine
Result for WritePALMImage:None , truth is patch
------------------------------------------
Detecing CVE:CVE-2020-27761
Detection for: /data/zhangxb//binaries/target/imagemagick/imagemagick-7.1.0-1-o2-magickcore
fail to determine
Result for WritePALMImage:None , truth is patch
------------------------------------------
Detecing CVE:CVE-2020-27761
Detection for: /data/zhangxb//binaries/target/imagemagick/imagemagick-7.1.0-2-o2-magickcore
fail to determine
Result for WritePALMImage:None , truth is patch
------------------------------------------
Detecing CVE:CVE-2020-25675
Detection for: /data/zhangxb//binaries/target/imagemagick/imagemagick-7.0.8-68-o2-magickcore
fail to determine
Result for CropImageToTiles:None , truth is vuln
------------------------------------------
Detecing CVE:CVE-2020-25675
Detection for: /data/zhangxb//binaries/target/imagemagick/imagemagick-7.0.8-67-o2-magickcore
fail to determine
Result for CropImageToTiles:None , truth is vuln
------------------------------------------
Detecing CVE:CVE-2020-25675
Detection for: /data/zhangxb//binaries/target/imagemagick/imagemagick-7.0.8-66-o2-magickcore
fail to determine
Result for CropImageToTiles:None , truth is vuln
------------------------------------------
Detecing CVE:CVE-2020-25675
Detection for: /data/zhangxb//binaries/target/imagemagick/imagemagick-7.1.0-0-o2-magickcore
fail to determine
Result for CropImageToTiles:None , truth is patch
------------------------------------------
Detecing CVE:CVE-2020-25675
Detection for: /data/zhangxb//binaries/target/imagemagick/imagemagick-7.1.0-1-o2-magickcore
fail to determine
Result for CropImageToTiles:None , truth is patch
------------------------------------------
Detecing CVE:CVE-2020-25675
Detection for: /data/zhangxb//binaries/target/imagemagick/imagemagick-7.1.0-2-o2-magickcore
fail to determine
Result for CropImageToTiles:None , truth is patch
------------------------------------------
Detecing CVE:CVE-2020-25676
Detection for: /data/zhangxb//binaries/target/imagemagick/imagemagick-7.0.8-68-o2-magickcore
fail to determine
Result for InterpolatePixelChannel:None , truth is vuln
Result for InterpolatePixelChannels:patch , truth is vuln
fail to determine
Result for InterpolatePixelInfo:None , truth is vuln
------------------------------------------
Detecing CVE:CVE-2020-25676
Detection for: /data/zhangxb//binaries/target/imagemagick/imagemagick-7.0.8-67-o2-magickcore
fail to determine
Result for InterpolatePixelChannel:None , truth is vuln
Result for InterpolatePixelChannels:patch , truth is vuln
fail to determine
Result for InterpolatePixelInfo:None , truth is vuln
------------------------------------------
Detecing CVE:CVE-2020-25676
Detection for: /data/zhangxb//binaries/target/imagemagick/imagemagick-7.0.8-66-o2-magickcore
fail to determine
Result for InterpolatePixelChannel:None , truth is vuln
Result for InterpolatePixelChannels:patch , truth is vuln
fail to determine
Result for InterpolatePixelInfo:None , truth is vuln
------------------------------------------
Detecing CVE:CVE-2020-25676
Detection for: /data/zhangxb//binaries/target/imagemagick/imagemagick-7.1.0-0-o2-magickcore
fail to determine
Result for InterpolatePixelChannel:None , truth is patch
fail to determine
Result for InterpolatePixelChannels:None , truth is patch
fail to determine
Result for InterpolatePixelInfo:None , truth is patch
------------------------------------------
Detecing CVE:CVE-2020-25676
Detection for: /data/zhangxb//binaries/target/imagemagick/imagemagick-7.1.0-1-o2-magickcore
fail to determine
Result for InterpolatePixelChannel:None , truth is patch
fail to determine
Result for InterpolatePixelChannels:None , truth is patch
fail to determine
Result for InterpolatePixelInfo:None , truth is patch
------------------------------------------
Detecing CVE:CVE-2020-25676
Detection for: /data/zhangxb//binaries/target/imagemagick/imagemagick-7.1.0-2-o2-magickcore
fail to determine
Result for InterpolatePixelChannel:None , truth is patch
fail to determine
Result for InterpolatePixelChannels:None , truth is patch
fail to determine
Result for InterpolatePixelInfo:None , truth is patch
------------------------------------------
Detecing CVE:CVE-2020-27765
Detection for: /data/zhangxb//binaries/target/imagemagick/imagemagick-7.0.8-68-o2-magickcore
no function dict_keys(['OptimalTau']) in target
------------------------------------------
Detecing CVE:CVE-2020-27765
Detection for: /data/zhangxb//binaries/target/imagemagick/imagemagick-7.0.8-67-o2-magickcore
no function dict_keys(['OptimalTau']) in target
------------------------------------------
Detecing CVE:CVE-2020-27765
Detection for: /data/zhangxb//binaries/target/imagemagick/imagemagick-7.0.8-66-o2-magickcore
no function dict_keys(['OptimalTau']) in target
------------------------------------------
Detecing CVE:CVE-2020-27765
Detection for: /data/zhangxb//binaries/target/imagemagick/imagemagick-7.1.0-0-o2-magickcore
no function dict_keys(['OptimalTau']) in target
------------------------------------------
Detecing CVE:CVE-2020-27765
Detection for: /data/zhangxb//binaries/target/imagemagick/imagemagick-7.1.0-1-o2-magickcore
no function dict_keys(['OptimalTau']) in target
------------------------------------------
Detecing CVE:CVE-2020-27765
Detection for: /data/zhangxb//binaries/target/imagemagick/imagemagick-7.1.0-2-o2-magickcore
no function dict_keys(['OptimalTau']) in target
------------------------------------------
Detecing CVE:CVE-2020-27775
Detection for: /data/zhangxb//binaries/target/imagemagick/imagemagick-7.0.8-68-o2-magickcore
fail to determine
Result for ApplyEvaluateOperator:None , truth is vuln
------------------------------------------
Detecing CVE:CVE-2020-27775
Detection for: /data/zhangxb//binaries/target/imagemagick/imagemagick-7.0.8-67-o2-magickcore
fail to determine
Result for ApplyEvaluateOperator:None , truth is vuln
------------------------------------------
Detecing CVE:CVE-2020-27775
Detection for: /data/zhangxb//binaries/target/imagemagick/imagemagick-7.0.8-66-o2-magickcore
fail to determine
Result for ApplyEvaluateOperator:None , truth is vuln
------------------------------------------
Detecing CVE:CVE-2020-27775
Detection for: /data/zhangxb//binaries/target/imagemagick/imagemagick-7.1.0-0-o2-magickcore
fail to determine
Result for ApplyEvaluateOperator:None , truth is patch
------------------------------------------
Detecing CVE:CVE-2020-27775
Detection for: /data/zhangxb//binaries/target/imagemagick/imagemagick-7.1.0-1-o2-magickcore
fail to determine
Result for ApplyEvaluateOperator:None , truth is patch
------------------------------------------
Detecing CVE:CVE-2020-27775
Detection for: /data/zhangxb//binaries/target/imagemagick/imagemagick-7.1.0-2-o2-magickcore
fail to determine
Result for ApplyEvaluateOperator:None , truth is patch
------------------------------------------
Detecing CVE:CVE-2020-27774
Detection for: /data/zhangxb//binaries/target/imagemagick/imagemagick-7.0.8-68-o2-magickcore
Result for ApplyEvaluateOperator:vuln , truth is vuln
------------------------------------------
Detecing CVE:CVE-2020-27774
Detection for: /data/zhangxb//binaries/target/imagemagick/imagemagick-7.0.8-67-o2-magickcore
Result for ApplyEvaluateOperator:vuln , truth is vuln
------------------------------------------
Detecing CVE:CVE-2020-27774
Detection for: /data/zhangxb//binaries/target/imagemagick/imagemagick-7.0.8-66-o2-magickcore
Result for ApplyEvaluateOperator:vuln , truth is vuln
------------------------------------------
Detecing CVE:CVE-2020-27774
Detection for: /data/zhangxb//binaries/target/imagemagick/imagemagick-7.1.0-0-o2-magickcore
Result for ApplyEvaluateOperator:vuln , truth is patch
------------------------------------------
Detecing CVE:CVE-2020-27774
Detection for: /data/zhangxb//binaries/target/imagemagick/imagemagick-7.1.0-1-o2-magickcore
Result for ApplyEvaluateOperator:vuln , truth is patch
------------------------------------------
Detecing CVE:CVE-2020-27774
Detection for: /data/zhangxb//binaries/target/imagemagick/imagemagick-7.1.0-2-o2-magickcore
Result for ApplyEvaluateOperator:vuln , truth is patch
------------------------------------------
Detecing CVE:CVE-2020-27769
CVE-2020-27769 has no sigs, skip
------------------------------------------
Detecing CVE:CVE-2020-27769
CVE-2020-27769 has no sigs, skip
------------------------------------------
Detecing CVE:CVE-2020-27769
CVE-2020-27769 has no sigs, skip
------------------------------------------
Detecing CVE:CVE-2020-27769
CVE-2020-27769 has no sigs, skip
------------------------------------------
Detecing CVE:CVE-2020-27769
CVE-2020-27769 has no sigs, skip
------------------------------------------
Detecing CVE:CVE-2020-27769
CVE-2020-27769 has no sigs, skip
------------------------------------------
Detecing CVE:CVE-2020-25666
Detection for: /data/zhangxb//binaries/target/imagemagick/imagemagick-7.0.8-68-o2-magickcore
fail to determine
Result for HistogramCompare:None , truth is vuln
------------------------------------------
Detecing CVE:CVE-2020-25666
Detection for: /data/zhangxb//binaries/target/imagemagick/imagemagick-7.0.8-67-o2-magickcore
fail to determine
Result for HistogramCompare:None , truth is vuln
------------------------------------------
Detecing CVE:CVE-2020-25666
Detection for: /data/zhangxb//binaries/target/imagemagick/imagemagick-7.0.8-66-o2-magickcore
fail to determine
Result for HistogramCompare:None , truth is vuln
------------------------------------------
Detecing CVE:CVE-2020-25666
Detection for: /data/zhangxb//binaries/target/imagemagick/imagemagick-7.1.0-0-o2-magickcore
fail to determine
Result for HistogramCompare:None , truth is patch
------------------------------------------
Detecing CVE:CVE-2020-25666
Detection for: /data/zhangxb//binaries/target/imagemagick/imagemagick-7.1.0-1-o2-magickcore
fail to determine
Result for HistogramCompare:None , truth is patch
------------------------------------------
Detecing CVE:CVE-2020-25666
Detection for: /data/zhangxb//binaries/target/imagemagick/imagemagick-7.1.0-2-o2-magickcore
fail to determine
Result for HistogramCompare:None , truth is patch
------------------------------------------
Detecing CVE:CVE-2020-25667
Detection for: /data/zhangxb//binaries/target/imagemagick/imagemagick-7.0.8-68-o2-magickcore
no function dict_keys(['TIFFGetProfiles']) in target
------------------------------------------
Detecing CVE:CVE-2020-25667
Detection for: /data/zhangxb//binaries/target/imagemagick/imagemagick-7.0.8-67-o2-magickcore
no function dict_keys(['TIFFGetProfiles']) in target
------------------------------------------
Detecing CVE:CVE-2020-25667
Detection for: /data/zhangxb//binaries/target/imagemagick/imagemagick-7.0.8-66-o2-magickcore
no function dict_keys(['TIFFGetProfiles']) in target
------------------------------------------
Detecing CVE:CVE-2020-25667
Detection for: /data/zhangxb//binaries/target/imagemagick/imagemagick-7.1.0-0-o2-magickcore
no function dict_keys(['TIFFGetProfiles']) in target
------------------------------------------
Detecing CVE:CVE-2020-25667
Detection for: /data/zhangxb//binaries/target/imagemagick/imagemagick-7.1.0-1-o2-magickcore
no function dict_keys(['TIFFGetProfiles']) in target
------------------------------------------
Detecing CVE:CVE-2020-25667
Detection for: /data/zhangxb//binaries/target/imagemagick/imagemagick-7.1.0-2-o2-magickcore
no function dict_keys(['TIFFGetProfiles']) in target
------------------------------------------
Detecing CVE:CVE-2020-27772
Detection for: /data/zhangxb//binaries/target/imagemagick/imagemagick-7.0.8-68-o2-magickcore
fail to determine
Result for WriteBMPImage:None , truth is vuln
------------------------------------------
Detecing CVE:CVE-2020-27772
Detection for: /data/zhangxb//binaries/target/imagemagick/imagemagick-7.0.8-67-o2-magickcore
fail to determine
Result for WriteBMPImage:None , truth is vuln
------------------------------------------
Detecing CVE:CVE-2020-27772
Detection for: /data/zhangxb//binaries/target/imagemagick/imagemagick-7.0.8-66-o2-magickcore
fail to determine
Result for WriteBMPImage:None , truth is vuln
------------------------------------------
Detecing CVE:CVE-2020-27772
Detection for: /data/zhangxb//binaries/target/imagemagick/imagemagick-7.1.0-0-o2-magickcore
Result for WriteBMPImage:vuln , truth is patch
------------------------------------------
Detecing CVE:CVE-2020-27772
Detection for: /data/zhangxb//binaries/target/imagemagick/imagemagick-7.1.0-1-o2-magickcore
Result for WriteBMPImage:vuln , truth is patch
------------------------------------------
Detecing CVE:CVE-2020-27772
Detection for: /data/zhangxb//binaries/target/imagemagick/imagemagick-7.1.0-2-o2-magickcore
Result for WriteBMPImage:vuln , truth is patch
------------------------------------------
Detecing CVE:CVE-2020-27752
Detection for: /data/zhangxb//binaries/target/imagemagick/imagemagick-7.0.8-68-o2-magickcore
Result for WriteOnePNGImage:patch , truth is vuln
------------------------------------------
Detecing CVE:CVE-2020-27752
Detection for: /data/zhangxb//binaries/target/imagemagick/imagemagick-7.0.8-67-o2-magickcore
Result for WriteOnePNGImage:patch , truth is vuln
------------------------------------------
Detecing CVE:CVE-2020-27752
Detection for: /data/zhangxb//binaries/target/imagemagick/imagemagick-7.0.8-66-o2-magickcore
Result for WriteOnePNGImage:patch , truth is vuln
------------------------------------------
Detecing CVE:CVE-2020-27752
Detection for: /data/zhangxb//binaries/target/imagemagick/imagemagick-7.1.0-0-o2-magickcore
Result for WriteOnePNGImage:patch , truth is patch
------------------------------------------
Detecing CVE:CVE-2020-27752
Detection for: /data/zhangxb//binaries/target/imagemagick/imagemagick-7.1.0-1-o2-magickcore
Result for WriteOnePNGImage:patch , truth is patch
------------------------------------------
Detecing CVE:CVE-2020-27752
Detection for: /data/zhangxb//binaries/target/imagemagick/imagemagick-7.1.0-2-o2-magickcore
Result for WriteOnePNGImage:patch , truth is patch
------------------------------------------
Detecing CVE:CVE-2020-27753
Detection for: /data/zhangxb//binaries/target/imagemagick/imagemagick-7.0.8-68-o2-magickcore
Result for PushRunlengthPacket:None , truth is vuln
fail to determine
Result for ReadMIFFImage:None , truth is vuln
Result for PopRunlengthPacket:vuln , truth is vuln
fail to determine
Result for WriteMIFFImage:None , truth is vuln
------------------------------------------
Detecing CVE:CVE-2020-27753
Detection for: /data/zhangxb//binaries/target/imagemagick/imagemagick-7.0.8-67-o2-magickcore
Result for PushRunlengthPacket:None , truth is vuln
fail to determine
Result for ReadMIFFImage:None , truth is vuln
Result for PopRunlengthPacket:vuln , truth is vuln
fail to determine
Result for WriteMIFFImage:None , truth is vuln
------------------------------------------
Detecing CVE:CVE-2020-27753
Detection for: /data/zhangxb//binaries/target/imagemagick/imagemagick-7.0.8-66-o2-magickcore
Result for PushRunlengthPacket:None , truth is vuln
fail to determine
Result for ReadMIFFImage:None , truth is vuln
Result for PopRunlengthPacket:vuln , truth is vuln
fail to determine
Result for WriteMIFFImage:None , truth is vuln
------------------------------------------
Detecing CVE:CVE-2020-27753
Detection for: /data/zhangxb//binaries/target/imagemagick/imagemagick-7.1.0-0-o2-magickcore
Result for PushRunlengthPacket:None , truth is patch
fail to determine
Result for ReadMIFFImage:None , truth is patch
fail to determine
Result for PopRunlengthPacket:None , truth is patch
fail to determine
Result for WriteMIFFImage:None , truth is patch
------------------------------------------
Detecing CVE:CVE-2020-27753
Detection for: /data/zhangxb//binaries/target/imagemagick/imagemagick-7.1.0-1-o2-magickcore
Result for PushRunlengthPacket:None , truth is patch
fail to determine
Result for ReadMIFFImage:None , truth is patch
fail to determine
Result for PopRunlengthPacket:None , truth is patch
fail to determine
Result for WriteMIFFImage:None , truth is patch
------------------------------------------
Detecing CVE:CVE-2020-27753
Detection for: /data/zhangxb//binaries/target/imagemagick/imagemagick-7.1.0-2-o2-magickcore
Result for PushRunlengthPacket:None , truth is patch
fail to determine
Result for ReadMIFFImage:None , truth is patch
fail to determine
Result for PopRunlengthPacket:None , truth is patch
fail to determine
Result for WriteMIFFImage:None , truth is patch
------------------------------------------
Detecing CVE:CVE-2020-27755
Detection for: /data/zhangxb//binaries/target/imagemagick/imagemagick-7.0.8-68-o2-magickcore
Result for SetImageExtent:vuln , truth is vuln
------------------------------------------
Detecing CVE:CVE-2020-27755
Detection for: /data/zhangxb//binaries/target/imagemagick/imagemagick-7.0.8-67-o2-magickcore
Result for SetImageExtent:vuln , truth is vuln
------------------------------------------
Detecing CVE:CVE-2020-27755
Detection for: /data/zhangxb//binaries/target/imagemagick/imagemagick-7.0.8-66-o2-magickcore
Result for SetImageExtent:vuln , truth is vuln
------------------------------------------
Detecing CVE:CVE-2020-27755
Detection for: /data/zhangxb//binaries/target/imagemagick/imagemagick-7.1.0-0-o2-magickcore
Result for SetImageExtent:vuln , truth is patch
------------------------------------------
Detecing CVE:CVE-2020-27755
Detection for: /data/zhangxb//binaries/target/imagemagick/imagemagick-7.1.0-1-o2-magickcore
Result for SetImageExtent:vuln , truth is patch
------------------------------------------
Detecing CVE:CVE-2020-27755
Detection for: /data/zhangxb//binaries/target/imagemagick/imagemagick-7.1.0-2-o2-magickcore
Result for SetImageExtent:vuln , truth is patch
------------------------------------------
Detecing CVE:CVE-2019-18853
Detection for: /data/zhangxb//binaries/target/imagemagick/imagemagick-7.0.8-68-o2-magickcore
fail to determine
Result for ReadSVGImage:None , truth is vuln
------------------------------------------
Detecing CVE:CVE-2019-18853
Detection for: /data/zhangxb//binaries/target/imagemagick/imagemagick-7.0.8-67-o2-magickcore
fail to determine
Result for ReadSVGImage:None , truth is vuln
------------------------------------------
Detecing CVE:CVE-2019-18853
Detection for: /data/zhangxb//binaries/target/imagemagick/imagemagick-7.0.8-66-o2-magickcore
fail to determine
Result for ReadSVGImage:None , truth is vuln
------------------------------------------
Detecing CVE:CVE-2019-18853
Detection for: /data/zhangxb//binaries/target/imagemagick/imagemagick-7.1.0-0-o2-magickcore
Result for ReadSVGImage:patch , truth is patch
------------------------------------------
Detecing CVE:CVE-2019-18853
Detection for: /data/zhangxb//binaries/target/imagemagick/imagemagick-7.1.0-1-o2-magickcore
Result for ReadSVGImage:patch , truth is patch
------------------------------------------
Detecing CVE:CVE-2019-18853
Detection for: /data/zhangxb//binaries/target/imagemagick/imagemagick-7.1.0-2-o2-magickcore
Result for ReadSVGImage:patch , truth is patch
------------------------------------------
Detecing CVE:CVE-2020-19667
Detection for: /data/zhangxb//binaries/target/imagemagick/imagemagick-7.0.10-7-o2-magickcore
Result for ReadXPMImage:vuln , truth is vuln
------------------------------------------
Detecing CVE:CVE-2020-19667
Detection for: /data/zhangxb//binaries/target/imagemagick/imagemagick-7.0.10-8-o2-magickcore
Result for ReadXPMImage:vuln , truth is patch
------------------------------------------
Detecing CVE:CVE-2020-19667
Detection for: /data/zhangxb//binaries/target/imagemagick/imagemagick-7.0.10-9-o2-magickcore
Result for ReadXPMImage:vuln , truth is patch
------------------------------------------
Detecing CVE:CVE-2020-19667
Detection for: /data/zhangxb//binaries/target/imagemagick/imagemagick-7.0.10-10-o2-magickcore
Result for ReadXPMImage:vuln , truth is patch
------------------------------------------
Detecing CVE:CVE-2021-3596
Detection for: /data/zhangxb//binaries/target/imagemagick/imagemagick-7.0.10-30-o2-magickcore
fail to determine
Result for ReadSVGImage:None , truth is vuln
------------------------------------------
Detecing CVE:CVE-2021-3596
Detection for: /data/zhangxb//binaries/target/imagemagick/imagemagick-7.0.10-29-o2-magickcore
fail to determine
Result for ReadSVGImage:None , truth is vuln
------------------------------------------
Detecing CVE:CVE-2021-3596
Detection for: /data/zhangxb//binaries/target/imagemagick/imagemagick-7.0.10-28-o2-magickcore
fail to determine
Result for ReadSVGImage:None , truth is vuln
------------------------------------------
Detecing CVE:CVE-2021-3596
Detection for: /data/zhangxb//binaries/target/imagemagick/imagemagick-7.0.10-31-o2-magickcore
Result for ReadSVGImage:patch , truth is patch
------------------------------------------
Detecing CVE:CVE-2021-3596
Detection for: /data/zhangxb//binaries/target/imagemagick/imagemagick-7.0.10-32-o2-magickcore
Result for ReadSVGImage:patch , truth is patch
------------------------------------------
Detecing CVE:CVE-2021-3596
Detection for: /data/zhangxb//binaries/target/imagemagick/imagemagick-7.0.10-33-o2-magickcore
Result for ReadSVGImage:patch , truth is patch
------------------------------------------
Detecing CVE:CVE-2020-27560
Detection for: /data/zhangxb//binaries/target/imagemagick/imagemagick-7.0.10-34-o2-magickcore
Result for OptimizeLayerFrames:patch , truth is vuln
------------------------------------------
Detecing CVE:CVE-2020-27560
Detection for: /data/zhangxb//binaries/target/imagemagick/imagemagick-7.0.10-35-o2-magickcore
Result for OptimizeLayerFrames:patch , truth is patch
------------------------------------------
Detecing CVE:CVE-2020-27560
Detection for: /data/zhangxb//binaries/target/imagemagick/imagemagick-7.0.10-37-o2-magickcore
Result for OptimizeLayerFrames:patch , truth is patch
------------------------------------------
Detecing CVE:CVE-2020-27560
Detection for: /data/zhangxb//binaries/target/imagemagick/imagemagick-7.0.10-36-o2-magickcore
Result for OptimizeLayerFrames:patch , truth is patch
------------------------------------------
Detecing CVE:CVE-2020-27829
CVE-2020-27829 has no sigs, skip
------------------------------------------
Detecing CVE:CVE-2020-27829
CVE-2020-27829 has no sigs, skip
------------------------------------------
Detecing CVE:CVE-2020-27829
CVE-2020-27829 has no sigs, skip
------------------------------------------
Detecing CVE:CVE-2020-27829
CVE-2020-27829 has no sigs, skip
------------------------------------------
Detecing CVE:CVE-2020-27829
CVE-2020-27829 has no sigs, skip
------------------------------------------
Detecing CVE:CVE-2020-27829
CVE-2020-27829 has no sigs, skip
------------------------------------------
Detecing CVE:CVE-2022-48541
Detection for: /data/zhangxb//binaries/target/imagemagick/imagemagick-7.0.10-45-o2-magickwand
Result for AnimateImageCommand:patch , truth is vuln
Result for CompareImagesCommand:patch , truth is vuln
Result for CompositeImageCommand:patch , truth is vuln
Result for ConjureImageCommand:patch , truth is vuln
Result for ConvertImageCommand:patch , truth is vuln
Result for DisplayImageCommand:patch , truth is vuln
Result for IdentifyImageCommand:patch , truth is vuln
Result for ImportImageCommand:patch , truth is vuln
Result for MogrifyImageCommand:patch , truth is vuln
Result for MontageImageCommand:patch , truth is vuln
Result for StreamImageCommand:patch , truth is vuln
------------------------------------------
Detecing CVE:CVE-2022-48541
Detection for: /data/zhangxb//binaries/target/imagemagick/imagemagick-7.0.10-46-o2-magickwand
Result for AnimateImageCommand:patch , truth is patch
Result for CompareImagesCommand:patch , truth is patch
Result for CompositeImageCommand:patch , truth is patch
Result for ConjureImageCommand:patch , truth is patch
Result for ConvertImageCommand:patch , truth is patch
Result for DisplayImageCommand:patch , truth is patch
Result for IdentifyImageCommand:patch , truth is patch
Result for ImportImageCommand:patch , truth is patch
Result for MogrifyImageCommand:patch , truth is patch
Result for MontageImageCommand:patch , truth is patch
Result for StreamImageCommand:patch , truth is patch
------------------------------------------
Detecing CVE:CVE-2022-48541
Detection for: /data/zhangxb//binaries/target/imagemagick/imagemagick-7.0.10-47-o2-magickwand
Result for AnimateImageCommand:patch , truth is patch
Result for CompareImagesCommand:patch , truth is patch
Result for CompositeImageCommand:patch , truth is patch
Result for ConjureImageCommand:patch , truth is patch
Result for ConvertImageCommand:patch , truth is patch
Result for DisplayImageCommand:patch , truth is patch
Result for IdentifyImageCommand:patch , truth is patch
Result for ImportImageCommand:patch , truth is patch
Result for MogrifyImageCommand:patch , truth is patch
Result for MontageImageCommand:patch , truth is patch
Result for StreamImageCommand:patch , truth is patch
------------------------------------------
Detecing CVE:CVE-2022-48541
Detection for: /data/zhangxb//binaries/target/imagemagick/imagemagick-7.0.10-48-o2-magickwand
Result for AnimateImageCommand:patch , truth is patch
Result for CompareImagesCommand:patch , truth is patch
Result for CompositeImageCommand:patch , truth is patch
Result for ConjureImageCommand:patch , truth is patch
Result for ConvertImageCommand:patch , truth is patch
Result for DisplayImageCommand:patch , truth is patch
Result for IdentifyImageCommand:patch , truth is patch
Result for ImportImageCommand:patch , truth is patch
Result for MogrifyImageCommand:patch , truth is patch
Result for MontageImageCommand:patch , truth is patch
Result for StreamImageCommand:patch , truth is patch
------------------------------------------
Detecing CVE:CVE-2021-20176
Detection for: /data/zhangxb//binaries/target/imagemagick/imagemagick-7.0.10-55-o2-magickcore
fail to determine
Result for GenerateDifferentialNoise:None , truth is vuln
------------------------------------------
Detecing CVE:CVE-2021-20176
Detection for: /data/zhangxb//binaries/target/imagemagick/imagemagick-7.0.10-54-o2-magickcore
fail to determine
Result for GenerateDifferentialNoise:None , truth is vuln
------------------------------------------
Detecing CVE:CVE-2021-20176
Detection for: /data/zhangxb//binaries/target/imagemagick/imagemagick-7.0.10-53-o2-magickcore
fail to determine
Result for GenerateDifferentialNoise:None , truth is vuln
------------------------------------------
Detecing CVE:CVE-2021-20176
Detection for: /data/zhangxb//binaries/target/imagemagick/imagemagick-7.0.10-57-o2-magickcore
fail to determine
Result for GenerateDifferentialNoise:None , truth is patch
------------------------------------------
Detecing CVE:CVE-2021-20176
Detection for: /data/zhangxb//binaries/target/imagemagick/imagemagick-7.0.10-58-o2-magickcore
fail to determine
Result for GenerateDifferentialNoise:None , truth is patch
------------------------------------------
Detecing CVE:CVE-2021-20176
Detection for: /data/zhangxb//binaries/target/imagemagick/imagemagick-7.0.10-59-o2-magickcore
fail to determine
Result for GenerateDifferentialNoise:None , truth is patch
------------------------------------------
Detecing CVE:CVE-2021-20244
Detection for: /data/zhangxb//binaries/target/imagemagick/imagemagick-7.0.10-61-o2-magickcore
Result for ImplodeImage:vuln , truth is vuln
------------------------------------------
Detecing CVE:CVE-2021-20244
Detection for: /data/zhangxb//binaries/target/imagemagick/imagemagick-7.0.10-60-o2-magickcore
Result for ImplodeImage:vuln , truth is vuln
------------------------------------------
Detecing CVE:CVE-2021-20244
Detection for: /data/zhangxb//binaries/target/imagemagick/imagemagick-7.0.10-59-o2-magickcore
Result for ImplodeImage:vuln , truth is vuln
------------------------------------------
Detecing CVE:CVE-2021-20244
Detection for: /data/zhangxb//binaries/target/imagemagick/imagemagick-7.0.10-62-o2-magickcore
Result for ImplodeImage:vuln , truth is patch
------------------------------------------
Detecing CVE:CVE-2021-20244
Detection for: /data/zhangxb//binaries/target/imagemagick/imagemagick-7.0.11-0-o2-magickcore
Result for ImplodeImage:vuln , truth is patch
------------------------------------------
Detecing CVE:CVE-2021-20244
Detection for: /data/zhangxb//binaries/target/imagemagick/imagemagick-7.0.11-1-o2-magickcore
Result for ImplodeImage:vuln , truth is patch
------------------------------------------
Detecing CVE:CVE-2021-20246
Detection for: /data/zhangxb//binaries/target/imagemagick/imagemagick-7.0.10-61-o2-magickcore
fail to determine
Result for ScaleResampleFilter:None , truth is vuln
------------------------------------------
Detecing CVE:CVE-2021-20246
Detection for: /data/zhangxb//binaries/target/imagemagick/imagemagick-7.0.10-60-o2-magickcore
fail to determine
Result for ScaleResampleFilter:None , truth is vuln
------------------------------------------
Detecing CVE:CVE-2021-20246
Detection for: /data/zhangxb//binaries/target/imagemagick/imagemagick-7.0.10-59-o2-magickcore
fail to determine
Result for ScaleResampleFilter:None , truth is vuln
------------------------------------------
Detecing CVE:CVE-2021-20246
Detection for: /data/zhangxb//binaries/target/imagemagick/imagemagick-7.0.10-62-o2-magickcore
fail to determine
Result for ScaleResampleFilter:None , truth is patch
------------------------------------------
Detecing CVE:CVE-2021-20246
Detection for: /data/zhangxb//binaries/target/imagemagick/imagemagick-7.0.11-0-o2-magickcore
fail to determine
Result for ScaleResampleFilter:None , truth is patch
------------------------------------------
Detecing CVE:CVE-2021-20246
Detection for: /data/zhangxb//binaries/target/imagemagick/imagemagick-7.0.11-1-o2-magickcore
fail to determine
Result for ScaleResampleFilter:None , truth is patch
------------------------------------------
Detecing CVE:CVE-2021-20311
Detection for: /data/zhangxb//binaries/target/imagemagick/imagemagick-7.0.10-62-o2-magickcore
fail to determine
Result for EncipherAESBlock:None , truth is vuln
fail to determine
Result for PasskeyDecipherImage:None , truth is vuln
fail to determine
Result for PasskeyEncipherImage:None , truth is vuln
fail to determine
Result for sRGBTransformImage:None , truth is vuln
fail to determine
Result for TransformsRGBImage:None , truth is vuln
Result for WriteTHUMBNAILImage:patch , truth is vuln
------------------------------------------
Detecing CVE:CVE-2021-20311
Detection for: /data/zhangxb//binaries/target/imagemagick/imagemagick-7.0.10-61-o2-magickcore
fail to determine
Result for EncipherAESBlock:None , truth is vuln
fail to determine
Result for PasskeyDecipherImage:None , truth is vuln
fail to determine
Result for PasskeyEncipherImage:None , truth is vuln
fail to determine
Result for sRGBTransformImage:None , truth is vuln
fail to determine
Result for TransformsRGBImage:None , truth is vuln
Result for WriteTHUMBNAILImage:patch , truth is vuln
------------------------------------------
Detecing CVE:CVE-2021-20311
Detection for: /data/zhangxb//binaries/target/imagemagick/imagemagick-7.0.10-60-o2-magickcore
fail to determine
Result for EncipherAESBlock:None , truth is vuln
fail to determine
Result for PasskeyDecipherImage:None , truth is vuln
fail to determine
Result for PasskeyEncipherImage:None , truth is vuln
fail to determine
Result for sRGBTransformImage:None , truth is vuln
fail to determine
Result for TransformsRGBImage:None , truth is vuln
Result for WriteTHUMBNAILImage:patch , truth is vuln
------------------------------------------
Detecing CVE:CVE-2021-20311
Detection for: /data/zhangxb//binaries/target/imagemagick/imagemagick-7.0.11-2-o2-magickcore
Result for EncipherAESBlock:patch , truth is patch
fail to determine
Result for PasskeyDecipherImage:None , truth is patch
fail to determine
Result for PasskeyEncipherImage:None , truth is patch
fail to determine
Result for sRGBTransformImage:None , truth is patch
fail to determine
Result for TransformsRGBImage:None , truth is patch
Result for WriteTHUMBNAILImage:patch , truth is patch
------------------------------------------
Detecing CVE:CVE-2021-20311
Detection for: /data/zhangxb//binaries/target/imagemagick/imagemagick-7.0.11-3-o2-magickcore
Result for EncipherAESBlock:patch , truth is patch
fail to determine
Result for PasskeyDecipherImage:None , truth is patch
fail to determine
Result for PasskeyEncipherImage:None , truth is patch
fail to determine
Result for sRGBTransformImage:None , truth is patch
fail to determine
Result for TransformsRGBImage:None , truth is patch
Result for WriteTHUMBNAILImage:patch , truth is patch
------------------------------------------
Detecing CVE:CVE-2021-20311
Detection for: /data/zhangxb//binaries/target/imagemagick/imagemagick-7.0.11-4-o2-magickcore
Result for EncipherAESBlock:patch , truth is patch
fail to determine
Result for PasskeyDecipherImage:None , truth is patch
fail to determine
Result for PasskeyEncipherImage:None , truth is patch
fail to determine
Result for sRGBTransformImage:None , truth is patch
fail to determine
Result for TransformsRGBImage:None , truth is patch
Result for WriteTHUMBNAILImage:patch , truth is patch
------------------------------------------
Detecing CVE:CVE-2021-20312
Detection for: /data/zhangxb//binaries/target/imagemagick/imagemagick-7.0.10-62-o2-magickcore
fail to determine
Result for EncipherAESBlock:None , truth is vuln
fail to determine
Result for PasskeyDecipherImage:None , truth is vuln
fail to determine
Result for PasskeyEncipherImage:None , truth is vuln
fail to determine
Result for sRGBTransformImage:None , truth is vuln
fail to determine
Result for TransformsRGBImage:None , truth is vuln
Result for WriteTHUMBNAILImage:patch , truth is vuln
------------------------------------------
Detecing CVE:CVE-2021-20312
Detection for: /data/zhangxb//binaries/target/imagemagick/imagemagick-7.0.10-61-o2-magickcore
fail to determine
Result for EncipherAESBlock:None , truth is vuln
fail to determine
Result for PasskeyDecipherImage:None , truth is vuln
fail to determine
Result for PasskeyEncipherImage:None , truth is vuln
fail to determine
Result for sRGBTransformImage:None , truth is vuln
fail to determine
Result for TransformsRGBImage:None , truth is vuln
Result for WriteTHUMBNAILImage:patch , truth is vuln
------------------------------------------
Detecing CVE:CVE-2021-20312
Detection for: /data/zhangxb//binaries/target/imagemagick/imagemagick-7.0.10-60-o2-magickcore
fail to determine
Result for EncipherAESBlock:None , truth is vuln
fail to determine
Result for PasskeyDecipherImage:None , truth is vuln
fail to determine
Result for PasskeyEncipherImage:None , truth is vuln
fail to determine
Result for sRGBTransformImage:None , truth is vuln
fail to determine
Result for TransformsRGBImage:None , truth is vuln
Result for WriteTHUMBNAILImage:patch , truth is vuln
------------------------------------------
Detecing CVE:CVE-2021-20312
Detection for: /data/zhangxb//binaries/target/imagemagick/imagemagick-7.0.11-2-o2-magickcore
Result for EncipherAESBlock:patch , truth is patch
fail to determine
Result for PasskeyDecipherImage:None , truth is patch
fail to determine
Result for PasskeyEncipherImage:None , truth is patch
fail to determine
Result for sRGBTransformImage:None , truth is patch
fail to determine
Result for TransformsRGBImage:None , truth is patch
Result for WriteTHUMBNAILImage:patch , truth is patch
------------------------------------------
Detecing CVE:CVE-2021-20312
Detection for: /data/zhangxb//binaries/target/imagemagick/imagemagick-7.0.11-3-o2-magickcore
Result for EncipherAESBlock:patch , truth is patch
fail to determine
Result for PasskeyDecipherImage:None , truth is patch
fail to determine
Result for PasskeyEncipherImage:None , truth is patch
fail to determine
Result for sRGBTransformImage:None , truth is patch
fail to determine
Result for TransformsRGBImage:None , truth is patch
Result for WriteTHUMBNAILImage:patch , truth is patch
------------------------------------------
Detecing CVE:CVE-2021-20312
Detection for: /data/zhangxb//binaries/target/imagemagick/imagemagick-7.0.11-4-o2-magickcore
Result for EncipherAESBlock:patch , truth is patch
fail to determine
Result for PasskeyDecipherImage:None , truth is patch
fail to determine
Result for PasskeyEncipherImage:None , truth is patch
fail to determine
Result for sRGBTransformImage:None , truth is patch
fail to determine
Result for TransformsRGBImage:None , truth is patch
Result for WriteTHUMBNAILImage:patch , truth is patch
------------------------------------------
Detecing CVE:CVE-2021-20313
Detection for: /data/zhangxb//binaries/target/imagemagick/imagemagick-7.0.10-62-o2-magickcore
fail to determine
Result for EncipherAESBlock:None , truth is vuln
fail to determine
Result for PasskeyDecipherImage:None , truth is vuln
fail to determine
Result for PasskeyEncipherImage:None , truth is vuln
fail to determine
Result for sRGBTransformImage:None , truth is vuln
fail to determine
Result for TransformsRGBImage:None , truth is vuln
Result for WriteTHUMBNAILImage:patch , truth is vuln
------------------------------------------
Detecing CVE:CVE-2021-20313
Detection for: /data/zhangxb//binaries/target/imagemagick/imagemagick-7.0.10-61-o2-magickcore
fail to determine
Result for EncipherAESBlock:None , truth is vuln
fail to determine
Result for PasskeyDecipherImage:None , truth is vuln
fail to determine
Result for PasskeyEncipherImage:None , truth is vuln
fail to determine
Result for sRGBTransformImage:None , truth is vuln
fail to determine
Result for TransformsRGBImage:None , truth is vuln
Result for WriteTHUMBNAILImage:patch , truth is vuln
------------------------------------------
Detecing CVE:CVE-2021-20313
Detection for: /data/zhangxb//binaries/target/imagemagick/imagemagick-7.0.10-60-o2-magickcore
fail to determine
Result for EncipherAESBlock:None , truth is vuln
fail to determine
Result for PasskeyDecipherImage:None , truth is vuln
fail to determine
Result for PasskeyEncipherImage:None , truth is vuln
fail to determine
Result for sRGBTransformImage:None , truth is vuln
fail to determine
Result for TransformsRGBImage:None , truth is vuln
Result for WriteTHUMBNAILImage:patch , truth is vuln
------------------------------------------
Detecing CVE:CVE-2021-20313
Detection for: /data/zhangxb//binaries/target/imagemagick/imagemagick-7.0.11-2-o2-magickcore
Result for EncipherAESBlock:patch , truth is patch
fail to determine
Result for PasskeyDecipherImage:None , truth is patch
fail to determine
Result for PasskeyEncipherImage:None , truth is patch
fail to determine
Result for sRGBTransformImage:None , truth is patch
fail to determine
Result for TransformsRGBImage:None , truth is patch
Result for WriteTHUMBNAILImage:patch , truth is patch
------------------------------------------
Detecing CVE:CVE-2021-20313
Detection for: /data/zhangxb//binaries/target/imagemagick/imagemagick-7.0.11-3-o2-magickcore
Result for EncipherAESBlock:patch , truth is patch
fail to determine
Result for PasskeyDecipherImage:None , truth is patch
fail to determine
Result for PasskeyEncipherImage:None , truth is patch
fail to determine
Result for sRGBTransformImage:None , truth is patch
fail to determine
Result for TransformsRGBImage:None , truth is patch
Result for WriteTHUMBNAILImage:patch , truth is patch
------------------------------------------
Detecing CVE:CVE-2021-20313
Detection for: /data/zhangxb//binaries/target/imagemagick/imagemagick-7.0.11-4-o2-magickcore
Result for EncipherAESBlock:patch , truth is patch
fail to determine
Result for PasskeyDecipherImage:None , truth is patch
fail to determine
Result for PasskeyEncipherImage:None , truth is patch
fail to determine
Result for sRGBTransformImage:None , truth is patch
fail to determine
Result for TransformsRGBImage:None , truth is patch
Result for WriteTHUMBNAILImage:patch , truth is patch
------------------------------------------
Detecing CVE:CVE-2021-20309
Detection for: /data/zhangxb//binaries/target/imagemagick/imagemagick-7.0.10-62-o2-magickcore
Result for WaveImage:vuln , truth is vuln
------------------------------------------
Detecing CVE:CVE-2021-20309
Detection for: /data/zhangxb//binaries/target/imagemagick/imagemagick-7.0.10-61-o2-magickcore
Result for WaveImage:vuln , truth is vuln
------------------------------------------
Detecing CVE:CVE-2021-20309
Detection for: /data/zhangxb//binaries/target/imagemagick/imagemagick-7.0.10-60-o2-magickcore
Result for WaveImage:vuln , truth is vuln
------------------------------------------
Detecing CVE:CVE-2021-20309
Detection for: /data/zhangxb//binaries/target/imagemagick/imagemagick-7.0.11-2-o2-magickcore
Result for WaveImage:vuln , truth is patch
------------------------------------------
Detecing CVE:CVE-2021-20309
Detection for: /data/zhangxb//binaries/target/imagemagick/imagemagick-7.0.11-3-o2-magickcore
Result for WaveImage:vuln , truth is patch
------------------------------------------
Detecing CVE:CVE-2021-20309
Detection for: /data/zhangxb//binaries/target/imagemagick/imagemagick-7.0.11-4-o2-magickcore
Result for WaveImage:vuln , truth is patch
------------------------------------------
Detecing CVE:CVE-2021-20310
Detection for: /data/zhangxb//binaries/target/imagemagick/imagemagick-7.0.10-62-o2-magickcore
no function dict_keys(['ConvertXYZToJzazbz']) in target
------------------------------------------
Detecing CVE:CVE-2021-20310
Detection for: /data/zhangxb//binaries/target/imagemagick/imagemagick-7.0.10-61-o2-magickcore
no function dict_keys(['ConvertXYZToJzazbz']) in target
------------------------------------------
Detecing CVE:CVE-2021-20310
Detection for: /data/zhangxb//binaries/target/imagemagick/imagemagick-7.0.10-60-o2-magickcore
no function dict_keys(['ConvertXYZToJzazbz']) in target
------------------------------------------
Detecing CVE:CVE-2021-20310
Detection for: /data/zhangxb//binaries/target/imagemagick/imagemagick-7.0.11-2-o2-magickcore
no function dict_keys(['ConvertXYZToJzazbz']) in target
------------------------------------------
Detecing CVE:CVE-2021-20310
Detection for: /data/zhangxb//binaries/target/imagemagick/imagemagick-7.0.11-3-o2-magickcore
no function dict_keys(['ConvertXYZToJzazbz']) in target
------------------------------------------
Detecing CVE:CVE-2021-20310
Detection for: /data/zhangxb//binaries/target/imagemagick/imagemagick-7.0.11-4-o2-magickcore
no function dict_keys(['ConvertXYZToJzazbz']) in target
------------------------------------------
Detecing CVE:CVE-2021-3574
Detection for: /data/zhangxb//binaries/target/imagemagick/imagemagick-7.0.11-5-o2-magickcore
no function dict_keys(['ReadTIFFImage']) in target
------------------------------------------
Detecing CVE:CVE-2021-3574
Detection for: /data/zhangxb//binaries/target/imagemagick/imagemagick-7.0.11-8-o2-magickcore
no function dict_keys(['ReadTIFFImage']) in target
------------------------------------------
Detecing CVE:CVE-2021-3574
Detection for: /data/zhangxb//binaries/target/imagemagick/imagemagick-7.0.11-9-o2-magickcore
no function dict_keys(['ReadTIFFImage']) in target
------------------------------------------
Detecing CVE:CVE-2021-3574
Detection for: /data/zhangxb//binaries/target/imagemagick/imagemagick-7.0.11-10-o2-magickcore
no function dict_keys(['ReadTIFFImage']) in target
------------------------------------------
Detecing CVE:CVE-2021-3610
Detection for: /data/zhangxb//binaries/target/imagemagick/imagemagick-7.0.11-13-o2-magickcore
no function dict_keys(['ReadTIFFImage']) in target
------------------------------------------
Detecing CVE:CVE-2021-3610
Detection for: /data/zhangxb//binaries/target/imagemagick/imagemagick-7.0.11-12-o2-magickcore
no function dict_keys(['ReadTIFFImage']) in target
------------------------------------------
Detecing CVE:CVE-2021-3610
Detection for: /data/zhangxb//binaries/target/imagemagick/imagemagick-7.0.11-11-o2-magickcore
no function dict_keys(['ReadTIFFImage']) in target
------------------------------------------
Detecing CVE:CVE-2021-3610
Detection for: /data/zhangxb//binaries/target/imagemagick/imagemagick-7.0.11-14-o2-magickcore
no function dict_keys(['ReadTIFFImage']) in target
------------------------------------------
Detecing CVE:CVE-2021-3610
Detection for: /data/zhangxb//binaries/target/imagemagick/imagemagick-7.1.0-0-o2-magickcore
no function dict_keys(['ReadTIFFImage']) in target
------------------------------------------
Detecing CVE:CVE-2021-3610
Detection for: /data/zhangxb//binaries/target/imagemagick/imagemagick-7.1.0-1-o2-magickcore
no function dict_keys(['ReadTIFFImage']) in target
------------------------------------------
Detecing CVE:CVE-2023-34153
CVE-2023-34153 has no sigs, skip
------------------------------------------
Detecing CVE:CVE-2023-34153
CVE-2023-34153 has no sigs, skip
------------------------------------------
Detecing CVE:CVE-2023-34153
CVE-2023-34153 has no sigs, skip
------------------------------------------
Detecing CVE:CVE-2023-34153
CVE-2023-34153 has no sigs, skip
------------------------------------------
Detecing CVE:CVE-2023-34153
CVE-2023-34153 has no sigs, skip
------------------------------------------
Detecing CVE:CVE-2023-34153
CVE-2023-34153 has no sigs, skip
------------------------------------------
Detecing CVE:CVE-2023-3195
Detection for: /data/zhangxb//binaries/target/imagemagick/imagemagick-7.1.1-0-o2-magickcore
no function dict_keys(['ReadTIFFImage']) in target
------------------------------------------
Detecing CVE:CVE-2023-3195
Detection for: /data/zhangxb//binaries/target/imagemagick/imagemagick-7.1.1-1-o2-magickcore
no function dict_keys(['ReadTIFFImage']) in target
------------------------------------------
Detecing CVE:CVE-2023-3195
Detection for: /data/zhangxb//binaries/target/imagemagick/imagemagick-7.1.1-2-o2-magickcore
no function dict_keys(['ReadTIFFImage']) in target
------------------------------------------
Detecing CVE:CVE-2023-3195
Detection for: /data/zhangxb//binaries/target/imagemagick/imagemagick-7.1.1-3-o2-magickcore
no function dict_keys(['ReadTIFFImage']) in target
------------------------------------------
Detecing CVE:CVE-2023-3195
Detection for: /data/zhangxb//binaries/target/imagemagick/imagemagick-7.1.1-4-o2-magickcore
no function dict_keys(['ReadTIFFImage']) in target
------------------------------------------
Detecing CVE:CVE-2021-3962
Detection for: /data/zhangxb//binaries/target/imagemagick/imagemagick-7.1.0-14-o2-magickcore
fail to determine
Result for ReadDCMImage:None , truth is vuln
------------------------------------------
Detecing CVE:CVE-2021-3962
Detection for: /data/zhangxb//binaries/target/imagemagick/imagemagick-7.1.0-15-o2-magickcore
fail to determine
Result for ReadDCMImage:None , truth is patch
------------------------------------------
Detecing CVE:CVE-2021-3962
Detection for: /data/zhangxb//binaries/target/imagemagick/imagemagick-7.1.0-16-o2-magickcore
fail to determine
Result for ReadDCMImage:None , truth is patch
------------------------------------------
Detecing CVE:CVE-2021-3962
Detection for: /data/zhangxb//binaries/target/imagemagick/imagemagick-7.1.0-17-o2-magickcore
fail to determine
Result for ReadDCMImage:None , truth is patch
------------------------------------------
Detecing CVE:CVE-2022-0284
Detection for: /data/zhangxb//binaries/target/imagemagick/imagemagick-7.1.0-19-o2-magickcore
Result for WritePICONImage:patch , truth is vuln
------------------------------------------
Detecing CVE:CVE-2022-0284
Detection for: /data/zhangxb//binaries/target/imagemagick/imagemagick-7.1.0-18-o2-magickcore
Result for WritePICONImage:patch , truth is vuln
------------------------------------------
Detecing CVE:CVE-2022-0284
Detection for: /data/zhangxb//binaries/target/imagemagick/imagemagick-7.1.0-17-o2-magickcore
Result for WritePICONImage:patch , truth is vuln
------------------------------------------
Detecing CVE:CVE-2022-0284
Detection for: /data/zhangxb//binaries/target/imagemagick/imagemagick-7.1.0-20-o2-magickcore
Result for WritePICONImage:patch , truth is patch
------------------------------------------
Detecing CVE:CVE-2022-0284
Detection for: /data/zhangxb//binaries/target/imagemagick/imagemagick-7.1.0-21-o2-magickcore
Result for WritePICONImage:patch , truth is patch
------------------------------------------
Detecing CVE:CVE-2022-0284
Detection for: /data/zhangxb//binaries/target/imagemagick/imagemagick-7.1.0-22-o2-magickcore
Result for WritePICONImage:patch , truth is patch
------------------------------------------
Detecing CVE:CVE-2022-32545
Detection for: /data/zhangxb//binaries/target/imagemagick/imagemagick-7.1.0-27-o2-magickcore
fail to determine
Result for ReadPSDChannelPixels:None , truth is vuln
------------------------------------------
Detecing CVE:CVE-2022-32545
Detection for: /data/zhangxb//binaries/target/imagemagick/imagemagick-7.1.0-26-o2-magickcore
fail to determine
Result for ReadPSDChannelPixels:None , truth is vuln
------------------------------------------
Detecing CVE:CVE-2022-32545
Detection for: /data/zhangxb//binaries/target/imagemagick/imagemagick-7.1.0-25-o2-magickcore
fail to determine
Result for ReadPSDChannelPixels:None , truth is vuln
------------------------------------------
Detecing CVE:CVE-2022-32545
Detection for: /data/zhangxb//binaries/target/imagemagick/imagemagick-7.1.0-28-o2-magickcore
fail to determine
Result for ReadPSDChannelPixels:None , truth is patch
------------------------------------------
Detecing CVE:CVE-2022-32545
Detection for: /data/zhangxb//binaries/target/imagemagick/imagemagick-7.1.0-29-o2-magickcore
fail to determine
Result for ReadPSDChannelPixels:None , truth is patch
------------------------------------------
Detecing CVE:CVE-2022-32545
Detection for: /data/zhangxb//binaries/target/imagemagick/imagemagick-7.1.0-30-o2-magickcore
fail to determine
Result for ReadPSDChannelPixels:None , truth is patch
------------------------------------------
Detecing CVE:CVE-2022-1115
Detection for: /data/zhangxb//binaries/target/imagemagick/imagemagick-7.1.0-28-o2-magickcore
no function dict_keys(['ReadTIFFImage']) in target
------------------------------------------
Detecing CVE:CVE-2022-1115
Detection for: /data/zhangxb//binaries/target/imagemagick/imagemagick-7.1.0-27-o2-magickcore
no function dict_keys(['ReadTIFFImage']) in target
------------------------------------------
Detecing CVE:CVE-2022-1115
Detection for: /data/zhangxb//binaries/target/imagemagick/imagemagick-7.1.0-26-o2-magickcore
no function dict_keys(['ReadTIFFImage']) in target
------------------------------------------
Detecing CVE:CVE-2022-1115
Detection for: /data/zhangxb//binaries/target/imagemagick/imagemagick-7.1.0-29-o2-magickcore
no function dict_keys(['ReadTIFFImage']) in target
------------------------------------------
Detecing CVE:CVE-2022-1115
Detection for: /data/zhangxb//binaries/target/imagemagick/imagemagick-7.1.0-30-o2-magickcore
no function dict_keys(['ReadTIFFImage']) in target
------------------------------------------
Detecing CVE:CVE-2022-1115
Detection for: /data/zhangxb//binaries/target/imagemagick/imagemagick-7.1.0-31-o2-magickcore
no function dict_keys(['ReadTIFFImage']) in target
------------------------------------------
Detecing CVE:CVE-2022-32546
Detection for: /data/zhangxb//binaries/target/imagemagick/imagemagick-7.1.0-28-o2-magickcore
fail to determine
Result for ReadPCLImage:None , truth is vuln
------------------------------------------
Detecing CVE:CVE-2022-32546
Detection for: /data/zhangxb//binaries/target/imagemagick/imagemagick-7.1.0-27-o2-magickcore
fail to determine
Result for ReadPCLImage:None , truth is vuln
------------------------------------------
Detecing CVE:CVE-2022-32546
Detection for: /data/zhangxb//binaries/target/imagemagick/imagemagick-7.1.0-26-o2-magickcore
fail to determine
Result for ReadPCLImage:None , truth is vuln
------------------------------------------
Detecing CVE:CVE-2022-32546
Detection for: /data/zhangxb//binaries/target/imagemagick/imagemagick-7.1.0-29-o2-magickcore
fail to determine
Result for ReadPCLImage:None , truth is patch
------------------------------------------
Detecing CVE:CVE-2022-32546
Detection for: /data/zhangxb//binaries/target/imagemagick/imagemagick-7.1.0-30-o2-magickcore
fail to determine
Result for ReadPCLImage:None , truth is patch
------------------------------------------
Detecing CVE:CVE-2022-32546
Detection for: /data/zhangxb//binaries/target/imagemagick/imagemagick-7.1.0-31-o2-magickcore
fail to determine
Result for ReadPCLImage:None , truth is patch
------------------------------------------
Detecing CVE:CVE-2022-28463
Detection for: /data/zhangxb//binaries/target/imagemagick/imagemagick-7.1.0-27-o2-magickcore
Result for ReadCINImage:vuln , truth is vuln
------------------------------------------
Detecing CVE:CVE-2022-28463
Detection for: /data/zhangxb//binaries/target/imagemagick/imagemagick-7.1.0-29-o2-magickcore
Result for ReadCINImage:patch , truth is patch
------------------------------------------
Detecing CVE:CVE-2022-28463
Detection for: /data/zhangxb//binaries/target/imagemagick/imagemagick-7.1.0-30-o2-magickcore
Result for ReadCINImage:patch , truth is patch
------------------------------------------
Detecing CVE:CVE-2022-28463
Detection for: /data/zhangxb//binaries/target/imagemagick/imagemagick-7.1.0-31-o2-magickcore
Result for ReadCINImage:patch , truth is patch
------------------------------------------
Detecing CVE:CVE-2022-32547
Detection for: /data/zhangxb//binaries/target/imagemagick/imagemagick-7.1.0-29-o2-magickcore
no function dict_keys(['GetEXIFProperty']) in target
------------------------------------------
Detecing CVE:CVE-2022-32547
Detection for: /data/zhangxb//binaries/target/imagemagick/imagemagick-7.1.0-28-o2-magickcore
no function dict_keys(['GetEXIFProperty']) in target
------------------------------------------
Detecing CVE:CVE-2022-32547
Detection for: /data/zhangxb//binaries/target/imagemagick/imagemagick-7.1.0-27-o2-magickcore
no function dict_keys(['GetEXIFProperty']) in target
------------------------------------------
Detecing CVE:CVE-2022-32547
Detection for: /data/zhangxb//binaries/target/imagemagick/imagemagick-7.1.0-30-o2-magickcore
no function dict_keys(['GetEXIFProperty']) in target
------------------------------------------
Detecing CVE:CVE-2022-32547
Detection for: /data/zhangxb//binaries/target/imagemagick/imagemagick-7.1.0-31-o2-magickcore
no function dict_keys(['GetEXIFProperty']) in target
------------------------------------------
Detecing CVE:CVE-2022-32547
Detection for: /data/zhangxb//binaries/target/imagemagick/imagemagick-7.1.0-32-o2-magickcore
no function dict_keys(['GetEXIFProperty']) in target
------------------------------------------
Detecing CVE:CVE-2022-3213
Detection for: /data/zhangxb//binaries/target/imagemagick/imagemagick-7.1.0-46-o2-magickcore
no function dict_keys(['ReadTIFFImage']) in target
------------------------------------------
Detecing CVE:CVE-2022-3213
Detection for: /data/zhangxb//binaries/target/imagemagick/imagemagick-7.1.0-45-o2-magickcore
no function dict_keys(['ReadTIFFImage']) in target
------------------------------------------
Detecing CVE:CVE-2022-3213
Detection for: /data/zhangxb//binaries/target/imagemagick/imagemagick-7.1.0-44-o2-magickcore
no function dict_keys(['ReadTIFFImage']) in target
------------------------------------------
Detecing CVE:CVE-2022-3213
Detection for: /data/zhangxb//binaries/target/imagemagick/imagemagick-7.1.0-48-o2-magickcore
no function dict_keys(['ReadTIFFImage']) in target
------------------------------------------
Detecing CVE:CVE-2022-3213
Detection for: /data/zhangxb//binaries/target/imagemagick/imagemagick-7.1.0-49-o2-magickcore
no function dict_keys(['ReadTIFFImage']) in target
------------------------------------------
Detecing CVE:CVE-2022-3213
Detection for: /data/zhangxb//binaries/target/imagemagick/imagemagick-7.1.0-50-o2-magickcore
no function dict_keys(['ReadTIFFImage']) in target
------------------------------------------
Detecing CVE:CVE-2023-1289
Detection for: /data/zhangxb//binaries/target/imagemagick/imagemagick-7.1.0-62-o2-magickcore
fail to determine
Result for DrawPrimitive:None , truth is vuln
------------------------------------------
Detecing CVE:CVE-2023-1289
Detection for: /data/zhangxb//binaries/target/imagemagick/imagemagick-7.1.0-61-o2-magickcore
fail to determine
Result for DrawPrimitive:None , truth is vuln
------------------------------------------
Detecing CVE:CVE-2023-1289
Detection for: /data/zhangxb//binaries/target/imagemagick/imagemagick-7.1.0-60-o2-magickcore
fail to determine
Result for DrawPrimitive:None , truth is vuln
------------------------------------------
Detecing CVE:CVE-2023-1289
Detection for: /data/zhangxb//binaries/target/imagemagick/imagemagick-7.1.1-0-o2-magickcore
fail to determine
Result for DrawPrimitive:None , truth is patch
------------------------------------------
Detecing CVE:CVE-2023-1289
Detection for: /data/zhangxb//binaries/target/imagemagick/imagemagick-7.1.1-1-o2-magickcore
fail to determine
Result for DrawPrimitive:None , truth is patch
------------------------------------------
Detecing CVE:CVE-2023-1289
Detection for: /data/zhangxb//binaries/target/imagemagick/imagemagick-7.1.1-2-o2-magickcore
fail to determine
Result for DrawPrimitive:None , truth is patch
------------------------------------------
Detecing CVE:CVE-2023-1906
Detection for: /data/zhangxb//binaries/target/imagemagick/imagemagick-7.1.1-4-o2-magickcore
no function dict_keys(['ReadTIFFImage']) in target
------------------------------------------
Detecing CVE:CVE-2023-1906
Detection for: /data/zhangxb//binaries/target/imagemagick/imagemagick-7.1.1-6-o2-magickcore
no function dict_keys(['ReadTIFFImage']) in target
------------------------------------------
Detecing CVE:CVE-2023-1906
Detection for: /data/zhangxb//binaries/target/imagemagick/imagemagick-7.1.1-7-o2-magickcore
no function dict_keys(['ReadTIFFImage']) in target
------------------------------------------
Detecing CVE:CVE-2023-1906
Detection for: /data/zhangxb//binaries/target/imagemagick/imagemagick-7.1.1-8-o2-magickcore
no function dict_keys(['ReadTIFFImage']) in target
------------------------------------------
Detecing CVE:CVE-2023-34474
CVE-2023-34474 has no sigs, skip
------------------------------------------
Detecing CVE:CVE-2023-34474
CVE-2023-34474 has no sigs, skip
------------------------------------------
Detecing CVE:CVE-2023-34474
CVE-2023-34474 has no sigs, skip
------------------------------------------
Detecing CVE:CVE-2023-34474
CVE-2023-34474 has no sigs, skip
------------------------------------------
Detecing CVE:CVE-2023-34474
CVE-2023-34474 has no sigs, skip
------------------------------------------
Detecing CVE:CVE-2023-34474
CVE-2023-34474 has no sigs, skip
------------------------------------------
Detecing CVE:CVE-2023-34475
CVE-2023-34475 has no sigs, skip
------------------------------------------
Detecing CVE:CVE-2023-34475
CVE-2023-34475 has no sigs, skip
------------------------------------------
Detecing CVE:CVE-2023-34475
CVE-2023-34475 has no sigs, skip
------------------------------------------
Detecing CVE:CVE-2023-34475
CVE-2023-34475 has no sigs, skip
------------------------------------------
Detecing CVE:CVE-2023-34475
CVE-2023-34475 has no sigs, skip
------------------------------------------
Detecing CVE:CVE-2023-34475
CVE-2023-34475 has no sigs, skip
------------------------------------------
Detecing CVE:CVE-2023-34151
Detection for: /data/zhangxb//binaries/target/imagemagick/imagemagick-7.1.1-10-o2-magickcore
fail to determine
Result for AnnotateImage:None , truth is vuln
fail to determine
Result for FormatMagickCaption:None , truth is vuln
NotImplementedError Ijk_Ret
NotImplementedError Ijk_Ret
fail to determine
Result for RenderMVGContent:None , truth is vuln
Result for ParseMetaGeometry:vuln , truth is vuln
Result for ShearRotateImage:patch , truth is vuln
fail to determine
Result for ShadowImage:None , truth is vuln
Result for ReadCAPTIONImage:vuln , truth is vuln
Result for ReadLABELImage:vuln , truth is vuln
fail to determine
Result for ReadPCLImage:None , truth is vuln
fail to determine
Result for WritePDFImage:None , truth is vuln
fail to determine
Result for WritePSImage:None , truth is vuln
fail to determine
Result for WritePS2Image:None , truth is vuln
fail to determine
Result for WritePS3Image:None , truth is vuln
fail to determine
Result for SVGStartElement:None , truth is vuln
------------------------------------------
Detecing CVE:CVE-2023-34151
Detection for: /data/zhangxb//binaries/target/imagemagick/imagemagick-7.1.1-1-o2-magickcore
fail to determine
Result for AnnotateImage:None , truth is vuln
fail to determine
Result for FormatMagickCaption:None , truth is vuln
NotImplementedError Ijk_Ret
NotImplementedError Ijk_Ret
fail to determine
Result for RenderMVGContent:None , truth is vuln
Result for ParseMetaGeometry:vuln , truth is vuln
Result for ShearRotateImage:patch , truth is vuln
fail to determine
Result for ShadowImage:None , truth is vuln
Result for ReadCAPTIONImage:vuln , truth is vuln
Result for ReadLABELImage:vuln , truth is vuln
fail to determine
Result for ReadPCLImage:None , truth is vuln
fail to determine
Result for WritePDFImage:None , truth is vuln
fail to determine
Result for WritePSImage:None , truth is vuln
fail to determine
Result for WritePS2Image:None , truth is vuln
fail to determine
Result for WritePS3Image:None , truth is vuln
Result for SVGStartElement:vuln , truth is vuln
------------------------------------------
Detecing CVE:CVE-2023-34151
Detection for: /data/zhangxb//binaries/target/imagemagick/imagemagick-7.1.1-0-o2-magickcore
fail to determine
Result for AnnotateImage:None , truth is vuln
fail to determine
Result for FormatMagickCaption:None , truth is vuln
NotImplementedError Ijk_Ret
NotImplementedError Ijk_Ret
fail to determine
Result for RenderMVGContent:None , truth is vuln
Result for ParseMetaGeometry:vuln , truth is vuln
Result for ShearRotateImage:patch , truth is vuln
fail to determine
Result for ShadowImage:None , truth is vuln
Result for ReadCAPTIONImage:vuln , truth is vuln
Result for ReadLABELImage:vuln , truth is vuln
fail to determine
Result for ReadPCLImage:None , truth is vuln
fail to determine
Result for WritePDFImage:None , truth is vuln
fail to determine
Result for WritePSImage:None , truth is vuln
fail to determine
Result for WritePS2Image:None , truth is vuln
fail to determine
Result for WritePS3Image:None , truth is vuln
Result for SVGStartElement:vuln , truth is vuln
------------------------------------------
Detecing CVE:CVE-2023-34151
Detection for: /data/zhangxb//binaries/target/imagemagick/imagemagick-7.1.1-11-o2-magickcore
fail to determine
Result for AnnotateImage:None , truth is patch
fail to determine
Result for FormatMagickCaption:None , truth is patch
NotImplementedError Ijk_Ret
NotImplementedError Ijk_Ret
fail to determine
Result for RenderMVGContent:None , truth is patch
Result for ParseMetaGeometry:vuln , truth is patch
Result for ShearRotateImage:patch , truth is patch
fail to determine
Result for ShadowImage:None , truth is patch
Result for ReadCAPTIONImage:vuln , truth is patch
Result for ReadLABELImage:vuln , truth is patch
fail to determine
Result for ReadPCLImage:None , truth is patch
fail to determine
Result for WritePDFImage:None , truth is patch
fail to determine
Result for WritePSImage:None , truth is patch
fail to determine
Result for WritePS2Image:None , truth is patch
fail to determine
Result for WritePS3Image:None , truth is patch
fail to determine
Result for SVGStartElement:None , truth is patch
------------------------------------------
Detecing CVE:CVE-2023-34151
Detection for: /data/zhangxb//binaries/target/imagemagick/imagemagick-7.1.1-12-o2-magickcore
fail to determine
Result for AnnotateImage:None , truth is patch
fail to determine
Result for FormatMagickCaption:None , truth is patch
NotImplementedError Ijk_Ret
NotImplementedError Ijk_Ret
fail to determine
Result for RenderMVGContent:None , truth is patch
Result for ParseMetaGeometry:vuln , truth is patch
Result for ShearRotateImage:patch , truth is patch
fail to determine
Result for ShadowImage:None , truth is patch
Result for ReadCAPTIONImage:vuln , truth is patch
Result for ReadLABELImage:vuln , truth is patch
fail to determine
Result for ReadPCLImage:None , truth is patch
fail to determine
Result for WritePDFImage:None , truth is patch
fail to determine
Result for WritePSImage:None , truth is patch
fail to determine
Result for WritePS2Image:None , truth is patch
fail to determine
Result for WritePS3Image:None , truth is patch
fail to determine
Result for SVGStartElement:None , truth is patch
------------------------------------------
Detecing CVE:CVE-2023-34151
Detection for: /data/zhangxb//binaries/target/imagemagick/imagemagick-7.1.1-13-o2-magickcore
fail to determine
Result for AnnotateImage:None , truth is patch
fail to determine
Result for FormatMagickCaption:None , truth is patch
NotImplementedError Ijk_Ret
NotImplementedError Ijk_Ret
fail to determine
Result for RenderMVGContent:None , truth is patch
Result for ParseMetaGeometry:vuln , truth is patch
Result for ShearRotateImage:patch , truth is patch
fail to determine
Result for ShadowImage:None , truth is patch
Result for ReadCAPTIONImage:vuln , truth is patch
Result for ReadLABELImage:vuln , truth is patch
fail to determine
Result for ReadPCLImage:None , truth is patch
fail to determine
Result for WritePDFImage:None , truth is patch
fail to determine
Result for WritePSImage:None , truth is patch
fail to determine
Result for WritePS2Image:None , truth is patch
fail to determine
Result for WritePS3Image:None , truth is patch
fail to determine
Result for SVGStartElement:None , truth is patch
------------------------------------------
Detecing CVE:CVE-2023-34152
CVE-2023-34152 has no sigs, skip
------------------------------------------
Detecing CVE:CVE-2023-34152
CVE-2023-34152 has no sigs, skip
------------------------------------------
Detecing CVE:CVE-2023-34152
CVE-2023-34152 has no sigs, skip
------------------------------------------
Detecing CVE:CVE-2023-34152
CVE-2023-34152 has no sigs, skip
------------------------------------------
Detecing CVE:CVE-2023-34152
CVE-2023-34152 has no sigs, skip
------------------------------------------
Detecing CVE:CVE-2023-34152
CVE-2023-34152 has no sigs, skip
------------------------------------------
Detecing CVE:CVE-2023-3428
Detection for: /data/zhangxb//binaries/target/imagemagick/imagemagick-7.1.1-11-o2-magickcore
no function dict_keys(['ReadTIFFImage']) in target
------------------------------------------
Detecing CVE:CVE-2023-3428
Detection for: /data/zhangxb//binaries/target/imagemagick/imagemagick-7.1.1-10-o2-magickcore
no function dict_keys(['ReadTIFFImage']) in target
------------------------------------------
Detecing CVE:CVE-2023-3428
Detection for: /data/zhangxb//binaries/target/imagemagick/imagemagick-7.1.1-1-o2-magickcore
no function dict_keys(['ReadTIFFImage']) in target
------------------------------------------
Detecing CVE:CVE-2023-3428
Detection for: /data/zhangxb//binaries/target/imagemagick/imagemagick-7.1.1-13-o2-magickcore
no function dict_keys(['ReadTIFFImage']) in target
------------------------------------------
Detecing CVE:CVE-2023-3428
Detection for: /data/zhangxb//binaries/target/imagemagick/imagemagick-7.1.1-14-o2-magickcore
no function dict_keys(['ReadTIFFImage']) in target
------------------------------------------
Detecing CVE:CVE-2023-3428
Detection for: /data/zhangxb//binaries/target/imagemagick/imagemagick-7.1.1-15-o2-magickcore
no function dict_keys(['ReadTIFFImage']) in target
------------------------------------------
Detecing CVE:CVE-2023-5341
Detection for: /data/zhangxb//binaries/target/imagemagick/imagemagick-7.1.1-19-o2-magickcore
Result for ReadBMPImage:patch , truth is vuln
------------------------------------------
Detecing CVE:CVE-2023-5341
Detection for: /data/zhangxb//binaries/target/imagemagick/imagemagick-7.1.1-11-o2-magickcore
Result for ReadBMPImage:patch , truth is vuln
------------------------------------------
Detecing CVE:CVE-2023-5341
Detection for: /data/zhangxb//binaries/target/imagemagick/imagemagick-7.1.1-10-o2-magickcore
Result for ReadBMPImage:patch , truth is vuln
------------------------------------------
Detecing CVE:CVE-2023-5341
Detection for: /data/zhangxb//binaries/target/imagemagick/imagemagick-7.1.1-20-o2-magickcore
Result for ReadBMPImage:patch , truth is patch
------------------------------------------
Detecing CVE:CVE-2023-5341
Detection for: /data/zhangxb//binaries/target/imagemagick/imagemagick-7.1.1-21-o2-magickcore
Result for ReadBMPImage:patch , truth is patch
------------------------------------------
Detecing CVE:CVE-2023-5341
Detection for: /data/zhangxb//binaries/target/imagemagick/imagemagick-7.1.1-22-o2-magickcore
Result for ReadBMPImage:patch , truth is patch
