=========2025-08-10 18:52:49.090590============
Detect o1 Binaries.
------------------------------------------
[*] Detecting CVE: CVE-2014-8484
[*] Detection for /binaries/target/binutils/binutils-2.24-o1-objdump,srec_scan,-1
target function: srec_scan not found
[*] Detection for /binaries/target/binutils/binutils-2.25-o1-objdump,srec_scan,1
target function: srec_scan not found
[*] Detection for /binaries/target/binutils/binutils-2.25.1-o1-objdump,srec_scan,1
target function: srec_scan not found
[*] Detection for /binaries/target/binutils/binutils-2.26-o1-objdump,srec_scan,1
target function: srec_scan not found
------------------------------------------
[*] Detecting CVE: CVE-2014-8485
[*] Detection for /binaries/target/binutils/binutils-2.24-o1-objdump,setup_group,-1
target function: setup_group not found
[*] Detection for /binaries/target/binutils/binutils-2.25-o1-objdump,setup_group,1
target function: setup_group not found
[*] Detection for /binaries/target/binutils/binutils-2.25.1-o1-objdump,setup_group,1
target function: setup_group not found
[*] Detection for /binaries/target/binutils/binutils-2.26-o1-objdump,setup_group,1
target function: setup_group not found
------------------------------------------
[*] Detecting CVE: CVE-2014-8738
[*] Detection for /binaries/target/binutils/binutils-2.24-o1-objdump,_bfd_slurp_extended_name_table,-1
target function: _bfd_slurp_extended_name_table not found
[*] Detection for /binaries/target/binutils/binutils-2.25-o1-objdump,_bfd_slurp_extended_name_table,1
target function: _bfd_slurp_extended_name_table not found
[*] Detection for /binaries/target/binutils/binutils-2.25.1-o1-objdump,_bfd_slurp_extended_name_table,1
target function: _bfd_slurp_extended_name_table not found
[*] Detection for /binaries/target/binutils/binutils-2.26-o1-objdump,_bfd_slurp_extended_name_table,1
target function: _bfd_slurp_extended_name_table not found
------------------------------------------
[*] Detecting CVE: CVE-2017-7299
[*] Detection for /binaries/target/binutils/binutils-2.28-o1-objdump,bfd_elf_final_link,-1
[*] /s; sim-cal:0.606863
[*] Detection Result:NA too much diff,-1
[*] Detection for /binaries/target/binutils/binutils-2.29-o1-objdump,bfd_elf_final_link,1
[*] /s; sim-cal:1.990045
[*] Detection Result:NA too much diff,1
[*] Detection for /binaries/target/binutils/binutils-2.29.1-o1-objdump,bfd_elf_final_link,1
[*] /s; sim-cal:1.588284
[*] Detection Result:NA too much diff,1
[*] Detection for /binaries/target/binutils/binutils-2.30-o1-objdump,bfd_elf_final_link,1
[*] /s; sim-cal:1.523674
[*] Detection Result:NA too much diff,1
------------------------------------------
[*] Detecting CVE: CVE-2017-7303
[*] Detection for /binaries/target/binutils/binutils-2.28-o1-objdump,find_link,-1
[*] /s; sim-cal:1.103794
[*] Detection Result:C can't tell,-1
[*] Detection for /binaries/target/binutils/binutils-2.29-o1-objdump,find_link,1
[*] /s; sim-cal:0.850718
[*] Detection Result:C can't tell,1
[*] Detection for /binaries/target/binutils/binutils-2.29.1-o1-objdump,find_link,1
[*] /s; sim-cal:0.97378
[*] Detection Result:C can't tell,1
[*] Detection for /binaries/target/binutils/binutils-2.30-o1-objdump,find_link,1
[*] /s; sim-cal:1.008861
[*] Detection Result:C can't tell,1
------------------------------------------
[*] Detecting CVE: CVE-2017-7304
[*] Detection for /binaries/target/binutils/binutils-2.28-o1-objdump,copy_special_section_fields,-1
[*] /s; sim-cal:0.954156
[*] Detection Result:C can't tell,-1
[*] Detection for /binaries/target/binutils/binutils-2.29-o1-objdump,copy_special_section_fields,1
[*] /s; sim-cal:1.411362
[*] Detection Result:C can't tell,1
[*] Detection for /binaries/target/binutils/binutils-2.29.1-o1-objdump,copy_special_section_fields,1
[*] /s; sim-cal:1.260734
[*] Detection Result:C can't tell,1
[*] Detection for /binaries/target/binutils/binutils-2.30-o1-objdump,copy_special_section_fields,1
[*] /s; sim-cal:1.213842
[*] Detection Result:C can't tell,1
------------------------------------------
[*] Detecting CVE: CVE-2017-6965
[*] Detection for /binaries/target/binutils/binutils-2.28-o1-readelf,process_syminfo,-1
[*] /s; sim-cal:0.939751
[*] Detection Result:N VP no diff,-1
[*] Detection for /binaries/target/binutils/binutils-2.29-o1-readelf,process_syminfo,1
[*] /s; sim-cal:0.681335
[*] Detection Result:N VP no diff,1
[*] Detection for /binaries/target/binutils/binutils-2.29.1-o1-readelf,process_syminfo,1
[*] /s; sim-cal:0.796344
[*] Detection Result:N VP no diff,1
[*] Detection for /binaries/target/binutils/binutils-2.30-o1-readelf,process_syminfo,1
[*] /s; sim-cal:0.638516
[*] Detection Result:N VP no diff,1
[*] Detection for /binaries/target/binutils/binutils-2.28-o1-readelf,apply_relocations,-1
[*] /s; sim-cal:1.361842
[*] Detection Result:NA too much diff,-1
[*] Detection for /binaries/target/binutils/binutils-2.29-o1-readelf,apply_relocations,1
[*] /s; sim-cal:1.015992
[*] Detection Result:NA too much diff,1
[*] Detection for /binaries/target/binutils/binutils-2.29.1-o1-readelf,apply_relocations,1
[*] /s; sim-cal:0.967142
[*] Detection Result:NA too much diff,1
[*] Detection for /binaries/target/binutils/binutils-2.30-o1-readelf,apply_relocations,1
[*] /s; sim-cal:1.101909
[*] Detection Result:NA too much diff,1
[*] Detection for /binaries/target/binutils/binutils-2.28-o1-readelf,target_specific_reloc_handling,-1
target function: target_specific_reloc_handling not found
[*] Detection for /binaries/target/binutils/binutils-2.29-o1-readelf,target_specific_reloc_handling,1
target function: target_specific_reloc_handling not found
[*] Detection for /binaries/target/binutils/binutils-2.29.1-o1-readelf,target_specific_reloc_handling,1
target function: target_specific_reloc_handling not found
[*] Detection for /binaries/target/binutils/binutils-2.30-o1-readelf,target_specific_reloc_handling,1
target function: target_specific_reloc_handling not found
------------------------------------------
[*] Detecting CVE: CVE-2017-6966
[*] Detection for /binaries/target/binutils/binutils-2.28-o1-readelf,process_syminfo,-1
[*] /s; sim-cal:0.010165
[*] Detection Result:N VP no diff,-1
[*] Detection for /binaries/target/binutils/binutils-2.29-o1-readelf,process_syminfo,1
[*] /s; sim-cal:0.008198
[*] Detection Result:N VP no diff,1
[*] Detection for /binaries/target/binutils/binutils-2.29.1-o1-readelf,process_syminfo,1
[*] /s; sim-cal:0.006245
[*] Detection Result:N VP no diff,1
[*] Detection for /binaries/target/binutils/binutils-2.30-o1-readelf,process_syminfo,1
[*] /s; sim-cal:0.004937
[*] Detection Result:N VP no diff,1
[*] Detection for /binaries/target/binutils/binutils-2.28-o1-readelf,apply_relocations,-1
[*] /s; sim-cal:0.193081
[*] Detection Result:NA too much diff,-1
[*] Detection for /binaries/target/binutils/binutils-2.29-o1-readelf,apply_relocations,1
[*] /s; sim-cal:0.226663
[*] Detection Result:NA too much diff,1
[*] Detection for /binaries/target/binutils/binutils-2.29.1-o1-readelf,apply_relocations,1
[*] /s; sim-cal:0.123772
[*] Detection Result:NA too much diff,1
[*] Detection for /binaries/target/binutils/binutils-2.30-o1-readelf,apply_relocations,1
[*] /s; sim-cal:0.127529
[*] Detection Result:NA too much diff,1
[*] Detection for /binaries/target/binutils/binutils-2.28-o1-readelf,target_specific_reloc_handling,-1
target function: target_specific_reloc_handling not found
[*] Detection for /binaries/target/binutils/binutils-2.29-o1-readelf,target_specific_reloc_handling,1
target function: target_specific_reloc_handling not found
[*] Detection for /binaries/target/binutils/binutils-2.29.1-o1-readelf,target_specific_reloc_handling,1
target function: target_specific_reloc_handling not found
[*] Detection for /binaries/target/binutils/binutils-2.30-o1-readelf,target_specific_reloc_handling,1
target function: target_specific_reloc_handling not found
------------------------------------------
[*] Detecting CVE: CVE-2017-7209
[*] Detection for /binaries/target/binutils/binutils-2.28-o1-readelf,dump_section_as_bytes,-1
[*] /s; sim-cal:0.72559
[*] Detection Result:C can't tell,-1
[*] Detection for /binaries/target/binutils/binutils-2.29-o1-readelf,dump_section_as_bytes,1
[*] /s; sim-cal:0.700421
[*] Detection Result:C can't tell,1
[*] Detection for /binaries/target/binutils/binutils-2.29.1-o1-readelf,dump_section_as_bytes,1
[*] /s; sim-cal:0.731341
[*] Detection Result:C can't tell,1
[*] Detection for /binaries/target/binutils/binutils-2.30-o1-readelf,dump_section_as_bytes,1
[*] /s; sim-cal:0.764095
[*] Detection Result:C can't tell,1
------------------------------------------
[*] Detecting CVE: CVE-2017-6969
[*] Detection for /binaries/target/binutils/binutils-2.28-o1-readelf,process_syminfo,-1
[*] /s; sim-cal:0.008755
[*] Detection Result:N VP no diff,-1
[*] Detection for /binaries/target/binutils/binutils-2.29-o1-readelf,process_syminfo,1
[*] /s; sim-cal:0.006593
[*] Detection Result:N VP no diff,1
[*] Detection for /binaries/target/binutils/binutils-2.29.1-o1-readelf,process_syminfo,1
[*] /s; sim-cal:0.00642
[*] Detection Result:N VP no diff,1
[*] Detection for /binaries/target/binutils/binutils-2.30-o1-readelf,process_syminfo,1
[*] /s; sim-cal:0.006335
[*] Detection Result:N VP no diff,1
[*] Detection for /binaries/target/binutils/binutils-2.28-o1-readelf,target_specific_reloc_handling,-1
target function: target_specific_reloc_handling not found
[*] Detection for /binaries/target/binutils/binutils-2.29-o1-readelf,target_specific_reloc_handling,1
target function: target_specific_reloc_handling not found
[*] Detection for /binaries/target/binutils/binutils-2.29.1-o1-readelf,target_specific_reloc_handling,1
target function: target_specific_reloc_handling not found
[*] Detection for /binaries/target/binutils/binutils-2.30-o1-readelf,target_specific_reloc_handling,1
target function: target_specific_reloc_handling not found
------------------------------------------
[*] Detecting CVE: CVE-2017-7210
[*] Detection for /binaries/target/binutils/binutils-2.28-o1-objdump,parse_number,-1
[*] Detection Result:Sig file not found,-1
[*] Detection for /binaries/target/binutils/binutils-2.29-o1-objdump,parse_number,1
[*] Detection Result:Sig file not found,1
[*] Detection for /binaries/target/binutils/binutils-2.29.1-o1-objdump,parse_number,1
[*] Detection Result:Sig file not found,1
[*] Detection for /binaries/target/binutils/binutils-2.30-o1-objdump,parse_number,1
[*] Detection Result:Sig file not found,1
[*] Detection for /binaries/target/binutils/binutils-2.28-o1-objdump,parse_stab_enum_type,-1
[*] Detection Result:Sig file not found,-1
[*] Detection for /binaries/target/binutils/binutils-2.29-o1-objdump,parse_stab_enum_type,1
[*] Detection Result:Sig file not found,1
[*] Detection for /binaries/target/binutils/binutils-2.29.1-o1-objdump,parse_stab_enum_type,1
[*] Detection Result:Sig file not found,1
[*] Detection for /binaries/target/binutils/binutils-2.30-o1-objdump,parse_stab_enum_type,1
[*] Detection Result:Sig file not found,1
------------------------------------------
[*] Detecting CVE: CVE-2017-9038
[*] Detection for /binaries/target/binutils/binutils-2.28-o1-readelf,get_unwind_section_word,-1
[*] /s; sim-cal:0.812636
[*] Detection Result:P 0.06010837570243511/0.06930693069306931 59/59,-1
[*] Detection for /binaries/target/binutils/binutils-2.29-o1-readelf,get_unwind_section_word,1
[*] /s; sim-cal:0.789647
[*] Detection Result:P 0.06812328296703296/0.07142857142857142 59/59,1
[*] Detection for /binaries/target/binutils/binutils-2.29.1-o1-readelf,get_unwind_section_word,1
[*] /s; sim-cal:0.689243
[*] Detection Result:P 0.06812328296703296/0.07142857142857142 59/59,1
[*] Detection for /binaries/target/binutils/binutils-2.30-o1-readelf,get_unwind_section_word,1
[*] /s; sim-cal:0.976149
[*] Detection Result:V 0.08388773388773389/0.08108108108108109 58/58,1
------------------------------------------
[*] Detecting CVE: CVE-2017-9039
[*] Detection for /binaries/target/binutils/binutils-2.28-o1-readelf,get_program_headers,-1
[*] /s; sim-cal:0.712329
[*] Detection Result:V 0.8394817073170732/0.0 30/30,-1
[*] Detection for /binaries/target/binutils/binutils-2.29-o1-readelf,get_program_headers,1
[*] /s; sim-cal:0.776044
[*] Detection Result:V 0.8394817073170732/0.0 32/32,1
[*] Detection for /binaries/target/binutils/binutils-2.29.1-o1-readelf,get_program_headers,1
[*] /s; sim-cal:0.764467
[*] Detection Result:V 0.8394817073170732/0.0 32/32,1
[*] Detection for /binaries/target/binutils/binutils-2.30-o1-readelf,get_program_headers,1
[*] /s; sim-cal:0.75132
[*] Detection Result:V 0.8394817073170732/0.0 32/32,1
[*] Detection for /binaries/target/binutils/binutils-2.28-o1-readelf,process_mips_specific,-1
target function: process_mips_specific not found
[*] Detection for /binaries/target/binutils/binutils-2.29-o1-readelf,process_mips_specific,1
target function: process_mips_specific not found
[*] Detection for /binaries/target/binutils/binutils-2.29.1-o1-readelf,process_mips_specific,1
target function: process_mips_specific not found
[*] Detection for /binaries/target/binutils/binutils-2.30-o1-readelf,process_mips_specific,1
target function: process_mips_specific not found
------------------------------------------
[*] Detecting CVE: CVE-2017-9040
[*] Detection for /binaries/target/binutils/binutils-2.28-o1-readelf,print_symbol_for_build_attribute,-1
target function: print_symbol_for_build_attribute not found
[*] Detection for /binaries/target/binutils/binutils-2.29-o1-readelf,print_symbol_for_build_attribute,1
[*] /s; sim-cal:0.852131
[*] Detection Result:C can't tell,1
[*] Detection for /binaries/target/binutils/binutils-2.29.1-o1-readelf,print_symbol_for_build_attribute,1
[*] /s; sim-cal:0.664443
[*] Detection Result:C can't tell,1
[*] Detection for /binaries/target/binutils/binutils-2.30-o1-readelf,print_symbol_for_build_attribute,1
target function: print_symbol_for_build_attribute not found
[*] Detection for /binaries/target/binutils/binutils-2.28-o1-readelf,process_dynamic_section,-1
[*] /s; sim-cal:1.017975
[*] Detection Result:NA too much diff,-1
[*] Detection for /binaries/target/binutils/binutils-2.29-o1-readelf,process_dynamic_section,1
[*] /s; sim-cal:0.880271
[*] Detection Result:NA too much diff,1
[*] Detection for /binaries/target/binutils/binutils-2.29.1-o1-readelf,process_dynamic_section,1
[*] /s; sim-cal:0.91325
[*] Detection Result:NA too much diff,1
[*] Detection for /binaries/target/binutils/binutils-2.30-o1-readelf,process_dynamic_section,1
[*] /s; sim-cal:1.053624
[*] Detection Result:NA too much diff,1
[*] Detection for /binaries/target/binutils/binutils-2.28-o1-readelf,print_gnu_build_attribute_name,-1
target function: print_gnu_build_attribute_name not found
[*] Detection for /binaries/target/binutils/binutils-2.29-o1-readelf,print_gnu_build_attribute_name,1
target function: print_gnu_build_attribute_name not found
[*] Detection for /binaries/target/binutils/binutils-2.29.1-o1-readelf,print_gnu_build_attribute_name,1
target function: print_gnu_build_attribute_name not found
[*] Detection for /binaries/target/binutils/binutils-2.30-o1-readelf,print_gnu_build_attribute_name,1
target function: print_gnu_build_attribute_name not found
[*] Detection for /binaries/target/binutils/binutils-2.28-o1-readelf,process_mips_specific,-1
target function: process_mips_specific not found
[*] Detection for /binaries/target/binutils/binutils-2.29-o1-readelf,process_mips_specific,1
target function: process_mips_specific not found
[*] Detection for /binaries/target/binutils/binutils-2.29.1-o1-readelf,process_mips_specific,1
target function: process_mips_specific not found
[*] Detection for /binaries/target/binutils/binutils-2.30-o1-readelf,process_mips_specific,1
target function: process_mips_specific not found
[*] Detection for /binaries/target/binutils/binutils-2.28-o1-readelf,process_arch_specific,-1
target function: process_arch_specific not found
[*] Detection for /binaries/target/binutils/binutils-2.29-o1-readelf,process_arch_specific,1
target function: process_arch_specific not found
[*] Detection for /binaries/target/binutils/binutils-2.29.1-o1-readelf,process_arch_specific,1
target function: process_arch_specific not found
[*] Detection for /binaries/target/binutils/binutils-2.30-o1-readelf,process_arch_specific,1
target function: process_arch_specific not found
------------------------------------------
[*] Detecting CVE: CVE-2017-9043
[*] Detection for /binaries/target/binutils/binutils-2.28-o1-readelf,print_gnu_build_attribute_name,-1
target function: print_gnu_build_attribute_name not found
[*] Detection for /binaries/target/binutils/binutils-2.29-o1-readelf,print_gnu_build_attribute_name,1
target function: print_gnu_build_attribute_name not found
[*] Detection for /binaries/target/binutils/binutils-2.29.1-o1-readelf,print_gnu_build_attribute_name,1
target function: print_gnu_build_attribute_name not found
[*] Detection for /binaries/target/binutils/binutils-2.30-o1-readelf,print_gnu_build_attribute_name,1
target function: print_gnu_build_attribute_name not found
------------------------------------------
[*] Detecting CVE: CVE-2017-8392
[*] Detection for /binaries/target/binutils/binutils-2.28-o1-objdump,_bfd_dwarf2_find_nearest_line,-1
[*] /s; sim-cal:1.440924
[*] Detection Result:NA too much diff,-1
[*] Detection for /binaries/target/binutils/binutils-2.29-o1-objdump,_bfd_dwarf2_find_nearest_line,1
[*] /s; sim-cal:1.231524
[*] Detection Result:NA too much diff,1
[*] Detection for /binaries/target/binutils/binutils-2.29.1-o1-objdump,_bfd_dwarf2_find_nearest_line,1
[*] /s; sim-cal:1.11087
[*] Detection Result:NA too much diff,1
[*] Detection for /binaries/target/binutils/binutils-2.30-o1-objdump,_bfd_dwarf2_find_nearest_line,1
[*] /s; sim-cal:1.257063
[*] Detection Result:NA too much diff,1
------------------------------------------
[*] Detecting CVE: CVE-2017-8394
[*] Detection for /binaries/target/binutils/binutils-2.28-o1-objdump,_bfd_elf_get_synthetic_symtab,-1
[*] /s; sim-cal:1.235678
[*] Detection Result:N VP no diff,-1
[*] Detection for /binaries/target/binutils/binutils-2.29-o1-objdump,_bfd_elf_get_synthetic_symtab,1
[*] /s; sim-cal:0.961553
[*] Detection Result:N VP no diff,1
[*] Detection for /binaries/target/binutils/binutils-2.29.1-o1-objdump,_bfd_elf_get_synthetic_symtab,1
[*] /s; sim-cal:1.032724
[*] Detection Result:N VP no diff,1
[*] Detection for /binaries/target/binutils/binutils-2.30-o1-objdump,_bfd_elf_get_synthetic_symtab,1
[*] /s; sim-cal:1.073282
[*] Detection Result:N VP no diff,1
------------------------------------------
[*] Detecting CVE: CVE-2017-8395
[*] Detection for /binaries/target/binutils/binutils-2.28-o1-objdump,bfd_init_section_compress_status,-1
[*] /s; sim-cal:1.130391
[*] Detection Result:C can't tell,-1
[*] Detection for /binaries/target/binutils/binutils-2.29-o1-objdump,bfd_init_section_compress_status,1
[*] /s; sim-cal:1.059708
[*] Detection Result:C can't tell,1
[*] Detection for /binaries/target/binutils/binutils-2.29.1-o1-objdump,bfd_init_section_compress_status,1
[*] /s; sim-cal:0.954694
[*] Detection Result:C can't tell,1
[*] Detection for /binaries/target/binutils/binutils-2.30-o1-objdump,bfd_init_section_compress_status,1
[*] /s; sim-cal:0.873617
[*] Detection Result:C can't tell,1
------------------------------------------
[*] Detecting CVE: CVE-2017-8397
[*] Detection for /binaries/target/binutils/binutils-2.28-o1-objdump,bfd_perform_relocation,-1
[*] /s; sim-cal:0.979694
[*] Detection Result:C can't tell,-1
[*] Detection for /binaries/target/binutils/binutils-2.29-o1-objdump,bfd_perform_relocation,1
[*] /s; sim-cal:0.932438
[*] Detection Result:C can't tell,1
[*] Detection for /binaries/target/binutils/binutils-2.29.1-o1-objdump,bfd_perform_relocation,1
[*] /s; sim-cal:1.021763
[*] Detection Result:C can't tell,1
[*] Detection for /binaries/target/binutils/binutils-2.30-o1-objdump,bfd_perform_relocation,1
[*] /s; sim-cal:1.017954
[*] Detection Result:C can't tell,1
------------------------------------------
[*] Detecting CVE: CVE-2017-8398
[*] Detection for /binaries/target/binutils/binutils-2.28-o1-objdump,process_extended_line_op,-1
target function: process_extended_line_op not found
[*] Detection for /binaries/target/binutils/binutils-2.29-o1-objdump,process_extended_line_op,1
target function: process_extended_line_op not found
[*] Detection for /binaries/target/binutils/binutils-2.29.1-o1-objdump,process_extended_line_op,1
target function: process_extended_line_op not found
[*] Detection for /binaries/target/binutils/binutils-2.30-o1-objdump,process_extended_line_op,1
target function: process_extended_line_op not found
[*] Detection for /binaries/target/binutils/binutils-2.28-o1-objdump,fetch_indexed_string,-1
target function: fetch_indexed_string not found
[*] Detection for /binaries/target/binutils/binutils-2.29-o1-objdump,fetch_indexed_string,1
target function: fetch_indexed_string not found
[*] Detection for /binaries/target/binutils/binutils-2.29.1-o1-objdump,fetch_indexed_string,1
target function: fetch_indexed_string not found
[*] Detection for /binaries/target/binutils/binutils-2.30-o1-objdump,fetch_indexed_string,1
[*] /s; sim-cal:0.913473
[*] Detection Result:C can't tell,1
------------------------------------------
[*] Detecting CVE: CVE-2017-8396
[*] Detection for /binaries/target/binutils/binutils-2.28-o1-objdump,_bfd_final_link_relocate,-1
[*] /s; sim-cal:1.038606
[*] Detection Result:C can't tell,-1
[*] Detection for /binaries/target/binutils/binutils-2.29-o1-objdump,_bfd_final_link_relocate,1
[*] /s; sim-cal:1.314864
[*] Detection Result:C can't tell,1
[*] Detection for /binaries/target/binutils/binutils-2.29.1-o1-objdump,_bfd_final_link_relocate,1
[*] /s; sim-cal:0.911939
[*] Detection Result:C can't tell,1
[*] Detection for /binaries/target/binutils/binutils-2.30-o1-objdump,_bfd_final_link_relocate,1
[*] /s; sim-cal:0.962084
[*] Detection Result:C can't tell,1
[*] Detection for /binaries/target/binutils/binutils-2.28-o1-objdump,bfd_check_overflow,-1
[*] /s; sim-cal:0.8555
[*] Detection Result:N VP no diff,-1
[*] Detection for /binaries/target/binutils/binutils-2.29-o1-objdump,bfd_check_overflow,1
[*] /s; sim-cal:1.008981
[*] Detection Result:N VP no diff,1
[*] Detection for /binaries/target/binutils/binutils-2.29.1-o1-objdump,bfd_check_overflow,1
[*] /s; sim-cal:1.057835
[*] Detection Result:N VP no diff,1
[*] Detection for /binaries/target/binutils/binutils-2.30-o1-objdump,bfd_check_overflow,1
[*] /s; sim-cal:0.852374
[*] Detection Result:N VP no diff,1
[*] Detection for /binaries/target/binutils/binutils-2.28-o1-objdump,bfd_perform_relocation,-1
[*] /s; sim-cal:0.072719
[*] Detection Result:C can't tell,-1
[*] Detection for /binaries/target/binutils/binutils-2.29-o1-objdump,bfd_perform_relocation,1
[*] /s; sim-cal:0.030755
[*] Detection Result:C can't tell,1
[*] Detection for /binaries/target/binutils/binutils-2.29.1-o1-objdump,bfd_perform_relocation,1
[*] /s; sim-cal:0.037207
[*] Detection Result:C can't tell,1
[*] Detection for /binaries/target/binutils/binutils-2.30-o1-objdump,bfd_perform_relocation,1
[*] /s; sim-cal:0.04673
[*] Detection Result:C can't tell,1
[*] Detection for /binaries/target/binutils/binutils-2.28-o1-objdump,bfd_install_relocation,-1
[*] /s; sim-cal:1.069586
[*] Detection Result:C can't tell,-1
[*] Detection for /binaries/target/binutils/binutils-2.29-o1-objdump,bfd_install_relocation,1
[*] /s; sim-cal:1.038456
[*] Detection Result:C can't tell,1
[*] Detection for /binaries/target/binutils/binutils-2.29.1-o1-objdump,bfd_install_relocation,1
[*] /s; sim-cal:1.247186
[*] Detection Result:C can't tell,1
[*] Detection for /binaries/target/binutils/binutils-2.30-o1-objdump,bfd_install_relocation,1
[*] /s; sim-cal:1.33673
[*] Detection Result:C can't tell,1
------------------------------------------
[*] Detecting CVE: CVE-2017-8421
[*] Detection for /binaries/target/binutils/binutils-2.28-o1-objdump,dump_relocs_in_section,-1
[*] /s; sim-cal:0.919523
[*] Detection Result:V 0.4240013328029322/0.0 17/17,-1
[*] Detection for /binaries/target/binutils/binutils-2.29-o1-objdump,dump_relocs_in_section,1
[*] /s; sim-cal:0.936768
[*] Detection Result:V 0.4240013328029322/0.0 20/20,1
[*] Detection for /binaries/target/binutils/binutils-2.29.1-o1-objdump,dump_relocs_in_section,1
[*] /s; sim-cal:0.005593
[*] Detection Result:V 0.4240013328029322/0.0 20/20,1
[*] Detection for /binaries/target/binutils/binutils-2.30-o1-objdump,dump_relocs_in_section,1
[*] /s; sim-cal:0.006954
[*] Detection Result:V 0.4240013328029322/0.0 21/21,1
------------------------------------------
[*] Detecting CVE: CVE-2017-9954
[*] Detection for /binaries/target/binutils/binutils-2.28-o1-objdump,pass_over,-1
[*] /s; sim-cal:0.919033
[*] Detection Result:C can't tell,-1
[*] Detection for /binaries/target/binutils/binutils-2.29-o1-objdump,pass_over,1
[*] /s; sim-cal:1.100842
[*] Detection Result:C can't tell,1
[*] Detection for /binaries/target/binutils/binutils-2.29.1-o1-objdump,pass_over,1
[*] /s; sim-cal:1.013229
[*] Detection Result:C can't tell,1
[*] Detection for /binaries/target/binutils/binutils-2.30-o1-objdump,pass_over,1
[*] /s; sim-cal:0.932799
[*] Detection Result:C can't tell,1
[*] Detection for /binaries/target/binutils/binutils-2.28-o1-objdump,getvalue,-1
[*] /s; sim-cal:0.86159
[*] Detection Result:C can't tell,-1
[*] Detection for /binaries/target/binutils/binutils-2.29-o1-objdump,getvalue,1
[*] /s; sim-cal:0.970169
[*] Detection Result:C can't tell,1
[*] Detection for /binaries/target/binutils/binutils-2.29.1-o1-objdump,getvalue,1
[*] /s; sim-cal:1.200293
[*] Detection Result:C can't tell,1
[*] Detection for /binaries/target/binutils/binutils-2.30-o1-objdump,getvalue,1
[*] /s; sim-cal:1.059655
[*] Detection Result:C can't tell,1
------------------------------------------
[*] Detecting CVE: CVE-2017-9955
[*] Detection for /binaries/target/binutils/binutils-2.28-o1-objdump,_bfd_generic_get_section_contents,-1
[*] /s; sim-cal:0.975334
[*] Detection Result:C can't tell,-1
[*] Detection for /binaries/target/binutils/binutils-2.29-o1-objdump,_bfd_generic_get_section_contents,1
[*] /s; sim-cal:0.803855
[*] Detection Result:C can't tell,1
[*] Detection for /binaries/target/binutils/binutils-2.29.1-o1-objdump,_bfd_generic_get_section_contents,1
[*] /s; sim-cal:0.950496
[*] Detection Result:C can't tell,1
[*] Detection for /binaries/target/binutils/binutils-2.30-o1-objdump,_bfd_generic_get_section_contents,1
[*] /s; sim-cal:0.969042
[*] Detection Result:C can't tell,1
[*] Detection for /binaries/target/binutils/binutils-2.28-o1-objdump,bfd_get_full_section_contents,-1
[*] /s; sim-cal:1.302803
[*] Detection Result:C can't tell,-1
[*] Detection for /binaries/target/binutils/binutils-2.29-o1-objdump,bfd_get_full_section_contents,1
[*] /s; sim-cal:0.924268
[*] Detection Result:C can't tell,1
[*] Detection for /binaries/target/binutils/binutils-2.29.1-o1-objdump,bfd_get_full_section_contents,1
[*] /s; sim-cal:1.151019
[*] Detection Result:C can't tell,1
[*] Detection for /binaries/target/binutils/binutils-2.30-o1-objdump,bfd_get_full_section_contents,1
[*] /s; sim-cal:0.903293
[*] Detection Result:C can't tell,1
------------------------------------------
[*] Detecting CVE: CVE-2017-13710
[*] Detection for /binaries/target/binutils/binutils-2.29-o1-objdump,setup_group,-1
target function: setup_group not found
[*] Detection for /binaries/target/binutils/binutils-2.29.1-o1-objdump,setup_group,1
target function: setup_group not found
[*] Detection for /binaries/target/binutils/binutils-2.30-o1-objdump,setup_group,1
target function: setup_group not found
[*] Detection for /binaries/target/binutils/binutils-2.31-o1-objdump,setup_group,1
target function: setup_group not found
------------------------------------------
[*] Detecting CVE: CVE-2017-12967
[*] Detection for /binaries/target/binutils/binutils-2.29-o1-objdump,getsym,-1
[*] /s; sim-cal:0.809439
[*] Detection Result:C can't tell,-1
[*] Detection for /binaries/target/binutils/binutils-2.29.1-o1-objdump,getsym,1
[*] /s; sim-cal:0.922476
[*] Detection Result:C can't tell,1
[*] Detection for /binaries/target/binutils/binutils-2.30-o1-objdump,getsym,1
[*] /s; sim-cal:0.957878
[*] Detection Result:C can't tell,1
[*] Detection for /binaries/target/binutils/binutils-2.31-o1-objdump,getsym,1
[*] /s; sim-cal:1.012018
[*] Detection Result:C can't tell,1
------------------------------------------
[*] Detecting CVE: CVE-2017-13757
[*] Detection for /binaries/target/binutils/binutils-2.29-o1-objdump,elf_x86_64_get_synthetic_symtab,-1
[*] /s; sim-cal:5.149827
[*] Detection Result:NA too much diff,-1
[*] Detection for /binaries/target/binutils/binutils-2.29.1-o1-objdump,elf_x86_64_get_synthetic_symtab,1
[*] /s; sim-cal:0.014781
[*] Detection Result:NA too much diff,1
[*] Detection for /binaries/target/binutils/binutils-2.30-o1-objdump,elf_x86_64_get_synthetic_symtab,1
[*] /s; sim-cal:0.025159
[*] Detection Result:NA too much diff,1
[*] Detection for /binaries/target/binutils/binutils-2.31-o1-objdump,elf_x86_64_get_synthetic_symtab,1
[*] /s; sim-cal:0.025774
[*] Detection Result:NA too much diff,1
[*] Detection for /binaries/target/binutils/binutils-2.29-o1-objdump,elf_i386_get_synthetic_symtab,-1
[*] /s; sim-cal:0.017168
[*] Detection Result:NA too much diff,-1
[*] Detection for /binaries/target/binutils/binutils-2.29.1-o1-objdump,elf_i386_get_synthetic_symtab,1
[*] /s; sim-cal:0.017631
[*] Detection Result:NA too much diff,1
[*] Detection for /binaries/target/binutils/binutils-2.30-o1-objdump,elf_i386_get_synthetic_symtab,1
[*] /s; sim-cal:0.037709
[*] Detection Result:NA too much diff,1
[*] Detection for /binaries/target/binutils/binutils-2.31-o1-objdump,elf_i386_get_synthetic_symtab,1
[*] /s; sim-cal:0.038182
[*] Detection Result:NA too much diff,1
------------------------------------------
[*] Detecting CVE: CVE-2017-14129
[*] Detection for /binaries/target/binutils/binutils-2.29-o1-objdump,read_section,-1
[*] /s; sim-cal:0.00793
[*] Detection Result:V 0.13015873015873017/0.11450445619995793 16/16,-1
[*] Detection for /binaries/target/binutils/binutils-2.29.1-o1-objdump,read_section,1
[*] /s; sim-cal:0.010264
[*] Detection Result:V 0.126984126984127/0.11929748452239801 24/24,1
[*] Detection for /binaries/target/binutils/binutils-2.30-o1-objdump,read_section,1
[*] /s; sim-cal:0.008307
[*] Detection Result:V 0.1392857142857143/0.12383962052573552 17/17,1
[*] Detection for /binaries/target/binutils/binutils-2.31-o1-objdump,read_section,1
[*] /s; sim-cal:0.008944
[*] Detection Result:V 0.1392857142857143/0.12383962052573552 17/17,1
------------------------------------------
[*] Detecting CVE: CVE-2017-12799
[*] Detection for /binaries/target/binutils/binutils-2.29-o1-objdump,elf_read_notes,-1
target function: elf_read_notes not found
[*] Detection for /binaries/target/binutils/binutils-2.29.1-o1-objdump,elf_read_notes,1
target function: elf_read_notes not found
[*] Detection for /binaries/target/binutils/binutils-2.30-o1-objdump,elf_read_notes,1
target function: elf_read_notes not found
[*] Detection for /binaries/target/binutils/binutils-2.31-o1-objdump,elf_read_notes,1
target function: elf_read_notes not found
------------------------------------------
[*] Detecting CVE: CVE-2017-14128
[*] Detection for /binaries/target/binutils/binutils-2.29-o1-objdump,decode_line_info,-1
[*] /s; sim-cal:0.035056
[*] Detection Result:NA too much diff,-1
[*] Detection for /binaries/target/binutils/binutils-2.29.1-o1-objdump,decode_line_info,1
[*] /s; sim-cal:0.034977
[*] Detection Result:NA too much diff,1
[*] Detection for /binaries/target/binutils/binutils-2.30-o1-objdump,decode_line_info,1
[*] /s; sim-cal:0.033935
[*] Detection Result:NA too much diff,1
[*] Detection for /binaries/target/binutils/binutils-2.31-o1-objdump,decode_line_info,1
[*] /s; sim-cal:0.098394
[*] Detection Result:NA too much diff,1
------------------------------------------
[*] Detecting CVE: CVE-2017-14130
[*] Detection for /binaries/target/binutils/binutils-2.29-o1-objdump,_bfd_elf_parse_attributes,-1
[*] /s; sim-cal:0.037193
[*] Detection Result:C can't tell,-1
[*] Detection for /binaries/target/binutils/binutils-2.29.1-o1-objdump,_bfd_elf_parse_attributes,1
[*] /s; sim-cal:0.025376
[*] Detection Result:C can't tell,1
[*] Detection for /binaries/target/binutils/binutils-2.30-o1-objdump,_bfd_elf_parse_attributes,1
[*] /s; sim-cal:0.025468
[*] Detection Result:C can't tell,1
[*] Detection for /binaries/target/binutils/binutils-2.31-o1-objdump,_bfd_elf_parse_attributes,1
[*] /s; sim-cal:0.016789
[*] Detection Result:C can't tell,1
------------------------------------------
[*] Detecting CVE: CVE-2017-12448
[*] Detection for /binaries/target/binutils/binutils-2.29-o1-objdump,bfd_generic_archive_p,-1
[*] /s; sim-cal:0.99917
[*] Detection Result:V 0.24935064935064932/0.08333333333333333 21/21,-1
[*] Detection for /binaries/target/binutils/binutils-2.28-o1-objdump,bfd_generic_archive_p,-1
[*] /s; sim-cal:0.889589
[*] Detection Result:V 0.24935064935064932/0.08333333333333333 21/21,-1
[*] Detection for /binaries/target/binutils/binutils-2.27-o1-objdump,bfd_generic_archive_p,-1
target function: bfd_generic_archive_p not found
[*] Detection for /binaries/target/binutils/binutils-2.29.1-o1-objdump,bfd_generic_archive_p,1
[*] /s; sim-cal:1.021354
[*] Detection Result:V 0.24935064935064932/0.0 23/23,1
[*] Detection for /binaries/target/binutils/binutils-2.30-o1-objdump,bfd_generic_archive_p,1
[*] /s; sim-cal:0.996293
[*] Detection Result:V 0.24935064935064932/0.0 23/23,1
[*] Detection for /binaries/target/binutils/binutils-2.31-o1-objdump,bfd_generic_archive_p,1
[*] /s; sim-cal:0.903343
[*] Detection Result:V 0.24935064935064932/0.0 22/22,1
------------------------------------------
[*] Detecting CVE: CVE-2017-14529
[*] Detection for /binaries/target/binutils/binutils-2.29-o1-objdump,pe_print_idata,-1
target function: pe_print_idata not found
[*] Detection for /binaries/target/binutils/binutils-2.29.1-o1-objdump,pe_print_idata,1
target function: pe_print_idata not found
[*] Detection for /binaries/target/binutils/binutils-2.30-o1-objdump,pe_print_idata,1
target function: pe_print_idata not found
[*] Detection for /binaries/target/binutils/binutils-2.31-o1-objdump,pe_print_idata,1
target function: pe_print_idata not found
------------------------------------------
[*] Detecting CVE: CVE-2017-14745
[*] Detection for /binaries/target/binutils/binutils-2.29-o1-objdump,_bfd_x86_elf_get_synthetic_symtab,-1
target function: _bfd_x86_elf_get_synthetic_symtab not found
[*] Detection for /binaries/target/binutils/binutils-2.29.1-o1-objdump,_bfd_x86_elf_get_synthetic_symtab,1
target function: _bfd_x86_elf_get_synthetic_symtab not found
[*] Detection for /binaries/target/binutils/binutils-2.30-o1-objdump,_bfd_x86_elf_get_synthetic_symtab,1
[*] /s; sim-cal:0.056666
[*] Detection Result:C can't tell,1
[*] Detection for /binaries/target/binutils/binutils-2.31-o1-objdump,_bfd_x86_elf_get_synthetic_symtab,1
[*] /s; sim-cal:0.039194
[*] Detection Result:C can't tell,1
------------------------------------------
[*] Detecting CVE: CVE-2017-14729
[*] Detection for /binaries/target/binutils/binutils-2.29-o1-objdump,elf_x86_64_get_synthetic_symtab,-1
[*] /s; sim-cal:11.341502
[*] Detection Result:NA too much diff,-1
[*] Detection for /binaries/target/binutils/binutils-2.29.1-o1-objdump,elf_x86_64_get_synthetic_symtab,1
[*] /s; sim-cal:0.263453
[*] Detection Result:NA too much diff,1
[*] Detection for /binaries/target/binutils/binutils-2.30-o1-objdump,elf_x86_64_get_synthetic_symtab,1
[*] /s; sim-cal:0.35634
[*] Detection Result:NA too much diff,1
[*] Detection for /binaries/target/binutils/binutils-2.31-o1-objdump,elf_x86_64_get_synthetic_symtab,1
[*] /s; sim-cal:0.359838
[*] Detection Result:NA too much diff,1
[*] Detection for /binaries/target/binutils/binutils-2.29-o1-objdump,elf_i386_get_synthetic_symtab,-1
[*] /s; sim-cal:0.131068
[*] Detection Result:NA too much diff,-1
[*] Detection for /binaries/target/binutils/binutils-2.29.1-o1-objdump,elf_i386_get_synthetic_symtab,1
[*] /s; sim-cal:0.127133
[*] Detection Result:NA too much diff,1
[*] Detection for /binaries/target/binutils/binutils-2.30-o1-objdump,elf_i386_get_synthetic_symtab,1
[*] /s; sim-cal:0.155453
[*] Detection Result:NA too much diff,1
[*] Detection for /binaries/target/binutils/binutils-2.31-o1-objdump,elf_i386_get_synthetic_symtab,1
[*] /s; sim-cal:0.160163
[*] Detection Result:NA too much diff,1
------------------------------------------
[*] Detecting CVE: CVE-2017-14974
[*] Detection for /binaries/target/binutils/binutils-2.29-o1-objdump,elf_x86_64_get_synthetic_symtab,-1
[*] /s; sim-cal:0.966443
[*] Detection Result:NA too much diff,-1
[*] Detection for /binaries/target/binutils/binutils-2.29.1-o1-objdump,elf_x86_64_get_synthetic_symtab,1
[*] /s; sim-cal:0.0147
[*] Detection Result:NA too much diff,1
[*] Detection for /binaries/target/binutils/binutils-2.30-o1-objdump,elf_x86_64_get_synthetic_symtab,1
[*] /s; sim-cal:0.013541
[*] Detection Result:NA too much diff,1
[*] Detection for /binaries/target/binutils/binutils-2.31-o1-objdump,elf_x86_64_get_synthetic_symtab,1
[*] /s; sim-cal:0.013172
[*] Detection Result:NA too much diff,1
[*] Detection for /binaries/target/binutils/binutils-2.29-o1-objdump,elf_i386_get_synthetic_symtab,-1
[*] /s; sim-cal:0.015066
[*] Detection Result:NA too much diff,-1
[*] Detection for /binaries/target/binutils/binutils-2.29.1-o1-objdump,elf_i386_get_synthetic_symtab,1
[*] /s; sim-cal:0.016014
[*] Detection Result:NA too much diff,1
[*] Detection for /binaries/target/binutils/binutils-2.30-o1-objdump,elf_i386_get_synthetic_symtab,1
[*] /s; sim-cal:0.038068
[*] Detection Result:NA too much diff,1
[*] Detection for /binaries/target/binutils/binutils-2.31-o1-objdump,elf_i386_get_synthetic_symtab,1
[*] /s; sim-cal:0.036713
[*] Detection Result:NA too much diff,1
------------------------------------------
[*] Detecting CVE: CVE-2017-14930
[*] Detection for /binaries/target/binutils/binutils-2.29-o1-objdump,decode_line_info,-1
[*] /s; sim-cal:0.023615
[*] Detection Result:NA too much diff,-1
[*] Detection for /binaries/target/binutils/binutils-2.29.1-o1-objdump,decode_line_info,1
[*] /s; sim-cal:0.023345
[*] Detection Result:NA too much diff,1
[*] Detection for /binaries/target/binutils/binutils-2.30-o1-objdump,decode_line_info,1
[*] /s; sim-cal:0.023973
[*] Detection Result:NA too much diff,1
[*] Detection for /binaries/target/binutils/binutils-2.31-o1-objdump,decode_line_info,1
[*] /s; sim-cal:0.022907
[*] Detection Result:NA too much diff,1
------------------------------------------
[*] Detecting CVE: CVE-2017-14938
[*] Detection for /binaries/target/binutils/binutils-2.29-o1-objdump,_bfd_elf_slurp_version_tables,-1
[*] /s; sim-cal:0.031199
[*] Detection Result:NA too much diff,-1
[*] Detection for /binaries/target/binutils/binutils-2.29.1-o1-objdump,_bfd_elf_slurp_version_tables,1
[*] /s; sim-cal:0.045691
[*] Detection Result:NA too much diff,1
[*] Detection for /binaries/target/binutils/binutils-2.30-o1-objdump,_bfd_elf_slurp_version_tables,1
[*] /s; sim-cal:0.034464
[*] Detection Result:NA too much diff,1
[*] Detection for /binaries/target/binutils/binutils-2.31-o1-objdump,_bfd_elf_slurp_version_tables,1
[*] /s; sim-cal:0.020397
[*] Detection Result:NA too much diff,1
------------------------------------------
[*] Detecting CVE: CVE-2017-14939
[*] Detection for /binaries/target/binutils/binutils-2.29-o1-objdump,decode_line_info,-1
[*] /s; sim-cal:0.025102
[*] Detection Result:NA too much diff,-1
[*] Detection for /binaries/target/binutils/binutils-2.29.1-o1-objdump,decode_line_info,1
[*] /s; sim-cal:0.024596
[*] Detection Result:NA too much diff,1
[*] Detection for /binaries/target/binutils/binutils-2.30-o1-objdump,decode_line_info,1
[*] /s; sim-cal:0.024024
[*] Detection Result:NA too much diff,1
[*] Detection for /binaries/target/binutils/binutils-2.31-o1-objdump,decode_line_info,1
[*] /s; sim-cal:0.025955
[*] Detection Result:NA too much diff,1
------------------------------------------
[*] Detecting CVE: CVE-2017-14940
[*] Detection for /binaries/target/binutils/binutils-2.29-o1-objdump,scan_unit_for_symbols,-1
[*] /s; sim-cal:0.042766
[*] Detection Result:C can't tell,-1
[*] Detection for /binaries/target/binutils/binutils-2.29.1-o1-objdump,scan_unit_for_symbols,1
[*] /s; sim-cal:0.026851
[*] Detection Result:C can't tell,1
[*] Detection for /binaries/target/binutils/binutils-2.30-o1-objdump,scan_unit_for_symbols,1
[*] /s; sim-cal:0.022496
[*] Detection Result:NA too much diff,1
[*] Detection for /binaries/target/binutils/binutils-2.31-o1-objdump,scan_unit_for_symbols,1
[*] /s; sim-cal:0.021702
[*] Detection Result:NA too much diff,1
------------------------------------------
[*] Detecting CVE: CVE-2017-15021
[*] Detection for /binaries/target/binutils/binutils-2.29-o1-objdump,bfd_get_debug_link_info_1,-1
[*] /s; sim-cal:0.002786
[*] Detection Result:C can't tell,-1
[*] Detection for /binaries/target/binutils/binutils-2.29.1-o1-objdump,bfd_get_debug_link_info_1,1
[*] /s; sim-cal:0.00261
[*] Detection Result:C can't tell,1
[*] Detection for /binaries/target/binutils/binutils-2.30-o1-objdump,bfd_get_debug_link_info_1,1
[*] /s; sim-cal:0.002629
[*] Detection Result:C can't tell,1
[*] Detection for /binaries/target/binutils/binutils-2.31-o1-objdump,bfd_get_debug_link_info_1,1
[*] /s; sim-cal:0.002694
[*] Detection Result:C can't tell,1
------------------------------------------
[*] Detecting CVE: CVE-2017-15024
[*] Detection for /binaries/target/binutils/binutils-2.29-o1-objdump,scan_unit_for_symbols,-1
[*] /s; sim-cal:0.020342
[*] Detection Result:NA too much diff,-1
[*] Detection for /binaries/target/binutils/binutils-2.29.1-o1-objdump,scan_unit_for_symbols,1
[*] /s; sim-cal:0.023921
[*] Detection Result:NA too much diff,1
[*] Detection for /binaries/target/binutils/binutils-2.30-o1-objdump,scan_unit_for_symbols,1
[*] /s; sim-cal:0.045155
[*] Detection Result:NA too much diff,1
[*] Detection for /binaries/target/binutils/binutils-2.31-o1-objdump,scan_unit_for_symbols,1
[*] /s; sim-cal:0.034922
[*] Detection Result:NA too much diff,1
[*] Detection for /binaries/target/binutils/binutils-2.29-o1-objdump,find_abstract_instance_name,-1
[*] /s; sim-cal:0.013688
[*] Detection Result:P 0.05263157894736842/0.06315789473684211 53/53,-1
[*] Detection for /binaries/target/binutils/binutils-2.29.1-o1-objdump,find_abstract_instance_name,1
[*] /s; sim-cal:0.013515
[*] Detection Result:P 0.05263157894736842/0.06315789473684211 53/53,1
[*] Detection for /binaries/target/binutils/binutils-2.30-o1-objdump,find_abstract_instance_name,1
[*] /s; sim-cal:0.013247
[*] Detection Result:P 0.06557377049180328/0.08360655737704917 61/61,1
[*] Detection for /binaries/target/binutils/binutils-2.31-o1-objdump,find_abstract_instance_name,1
target function: find_abstract_instance_name not found
[*] Detection for /binaries/target/binutils/binutils-2.29-o1-objdump,lookup_symbol_in_variable_table,-1
target function: lookup_symbol_in_variable_table not found
[*] Detection for /binaries/target/binutils/binutils-2.29.1-o1-objdump,lookup_symbol_in_variable_table,1
target function: lookup_symbol_in_variable_table not found
[*] Detection for /binaries/target/binutils/binutils-2.30-o1-objdump,lookup_symbol_in_variable_table,1
target function: lookup_symbol_in_variable_table not found
[*] Detection for /binaries/target/binutils/binutils-2.31-o1-objdump,lookup_symbol_in_variable_table,1
target function: lookup_symbol_in_variable_table not found
------------------------------------------
[*] Detecting CVE: CVE-2017-15025
[*] Detection for /binaries/target/binutils/binutils-2.29-o1-objdump,decode_line_info,-1
[*] /s; sim-cal:0.03997
[*] Detection Result:NA too much diff,-1
[*] Detection for /binaries/target/binutils/binutils-2.29.1-o1-objdump,decode_line_info,1
[*] /s; sim-cal:0.036861
[*] Detection Result:NA too much diff,1
[*] Detection for /binaries/target/binutils/binutils-2.30-o1-objdump,decode_line_info,1
[*] /s; sim-cal:0.035474
[*] Detection Result:NA too much diff,1
[*] Detection for /binaries/target/binutils/binutils-2.31-o1-objdump,decode_line_info,1
[*] /s; sim-cal:0.035116
[*] Detection Result:NA too much diff,1
------------------------------------------
[*] Detecting CVE: CVE-2017-15020
[*] Detection for /binaries/target/binutils/binutils-2.29-o1-objdump,parse_line_table,-1
target function: parse_line_table not found
[*] Detection for /binaries/target/binutils/binutils-2.30-o1-objdump,parse_line_table,1
target function: parse_line_table not found
[*] Detection for /binaries/target/binutils/binutils-2.31-o1-objdump,parse_line_table,1
target function: parse_line_table not found
[*] Detection for /binaries/target/binutils/binutils-2.31.1-o1-objdump,parse_line_table,1
target function: parse_line_table not found
[*] Detection for /binaries/target/binutils/binutils-2.29-o1-objdump,parse_die,-1
[*] /s; sim-cal:0.016062
[*] Detection Result:C can't tell,-1
[*] Detection for /binaries/target/binutils/binutils-2.30-o1-objdump,parse_die,1
[*] /s; sim-cal:0.01353
[*] Detection Result:C can't tell,1
[*] Detection for /binaries/target/binutils/binutils-2.31-o1-objdump,parse_die,1
[*] /s; sim-cal:0.008963
[*] Detection Result:C can't tell,1
[*] Detection for /binaries/target/binutils/binutils-2.31.1-o1-objdump,parse_die,1
[*] /s; sim-cal:0.008789
[*] Detection Result:C can't tell,1
------------------------------------------
[*] Detecting CVE: CVE-2017-15022
[*] Detection for /binaries/target/binutils/binutils-2.29-o1-objdump,scan_unit_for_symbols,-1
[*] /s; sim-cal:0.067842
[*] Detection Result:NA too much diff,-1
[*] Detection for /binaries/target/binutils/binutils-2.30-o1-objdump,scan_unit_for_symbols,1
[*] /s; sim-cal:0.040983
[*] Detection Result:NA too much diff,1
[*] Detection for /binaries/target/binutils/binutils-2.31-o1-objdump,scan_unit_for_symbols,1
[*] /s; sim-cal:0.038186
[*] Detection Result:NA too much diff,1
[*] Detection for /binaries/target/binutils/binutils-2.31.1-o1-objdump,scan_unit_for_symbols,1
[*] /s; sim-cal:0.02689
[*] Detection Result:NA too much diff,1
[*] Detection for /binaries/target/binutils/binutils-2.29-o1-objdump,parse_comp_unit,-1
target function: parse_comp_unit not found
[*] Detection for /binaries/target/binutils/binutils-2.30-o1-objdump,parse_comp_unit,1
target function: parse_comp_unit not found
[*] Detection for /binaries/target/binutils/binutils-2.31-o1-objdump,parse_comp_unit,1
target function: parse_comp_unit not found
[*] Detection for /binaries/target/binutils/binutils-2.31.1-o1-objdump,parse_comp_unit,1
target function: parse_comp_unit not found
------------------------------------------
[*] Detecting CVE: CVE-2017-15023
[*] Detection for /binaries/target/binutils/binutils-2.29-o1-objdump,read_formatted_entries,-1
[*] /s; sim-cal:0.020447
[*] Detection Result:C can't tell,-1
[*] Detection for /binaries/target/binutils/binutils-2.30-o1-objdump,read_formatted_entries,1
[*] /s; sim-cal:0.014371
[*] Detection Result:C can't tell,1
[*] Detection for /binaries/target/binutils/binutils-2.31-o1-objdump,read_formatted_entries,1
[*] /s; sim-cal:0.01679
[*] Detection Result:C can't tell,1
[*] Detection for /binaries/target/binutils/binutils-2.31.1-o1-objdump,read_formatted_entries,1
[*] /s; sim-cal:0.009516
[*] Detection Result:C can't tell,1
------------------------------------------
[*] Detecting CVE: CVE-2017-14932
[*] Detection for /binaries/target/binutils/binutils-2.29-o1-objdump,decode_line_info,-1
[*] /s; sim-cal:0.023635
[*] Detection Result:NA too much diff,-1
[*] Detection for /binaries/target/binutils/binutils-2.30-o1-objdump,decode_line_info,1
[*] /s; sim-cal:0.028317
[*] Detection Result:NA too much diff,1
[*] Detection for /binaries/target/binutils/binutils-2.31-o1-objdump,decode_line_info,1
[*] /s; sim-cal:0.024296
[*] Detection Result:NA too much diff,1
[*] Detection for /binaries/target/binutils/binutils-2.31.1-o1-objdump,decode_line_info,1
[*] /s; sim-cal:0.028517
[*] Detection Result:NA too much diff,1
------------------------------------------
[*] Detecting CVE: CVE-2017-14933
[*] Detection for /binaries/target/binutils/binutils-2.29-o1-objdump,read_formatted_entries,-1
[*] /s; sim-cal:0.00986
[*] Detection Result:C can't tell,-1
[*] Detection for /binaries/target/binutils/binutils-2.30-o1-objdump,read_formatted_entries,1
[*] /s; sim-cal:0.008881
[*] Detection Result:C can't tell,1
[*] Detection for /binaries/target/binutils/binutils-2.31-o1-objdump,read_formatted_entries,1
[*] /s; sim-cal:0.008603
[*] Detection Result:C can't tell,1
[*] Detection for /binaries/target/binutils/binutils-2.31.1-o1-objdump,read_formatted_entries,1
[*] /s; sim-cal:0.010457
[*] Detection Result:C can't tell,1
------------------------------------------
[*] Detecting CVE: CVE-2017-15938
[*] Detection for /binaries/target/binutils/binutils-2.29-o1-objdump,find_abstract_instance_name,-1
[*] /s; sim-cal:0.119593
[*] Detection Result:P 0.10890022949825225/0.11206552605185785 53/53,-1
[*] Detection for /binaries/target/binutils/binutils-2.30-o1-objdump,find_abstract_instance_name,1
[*] /s; sim-cal:0.157102
[*] Detection Result:P 0.14769604206687661/0.16837719824787303 61/61,1
[*] Detection for /binaries/target/binutils/binutils-2.31-o1-objdump,find_abstract_instance_name,1
target function: find_abstract_instance_name not found
[*] Detection for /binaries/target/binutils/binutils-2.31.1-o1-objdump,find_abstract_instance_name,1
target function: find_abstract_instance_name not found
[*] Detection for /binaries/target/binutils/binutils-2.29-o1-objdump,parse_comp_unit,-1
target function: parse_comp_unit not found
[*] Detection for /binaries/target/binutils/binutils-2.30-o1-objdump,parse_comp_unit,1
target function: parse_comp_unit not found
[*] Detection for /binaries/target/binutils/binutils-2.31-o1-objdump,parse_comp_unit,1
target function: parse_comp_unit not found
[*] Detection for /binaries/target/binutils/binutils-2.31.1-o1-objdump,parse_comp_unit,1
target function: parse_comp_unit not found
------------------------------------------
[*] Detecting CVE: CVE-2017-15939
[*] Detection for /binaries/target/binutils/binutils-2.29-o1-objdump,read_formatted_entries,-1
[*] /s; sim-cal:0.017575
[*] Detection Result:C can't tell,-1
[*] Detection for /binaries/target/binutils/binutils-2.30-o1-objdump,read_formatted_entries,1
[*] /s; sim-cal:0.014391
[*] Detection Result:C can't tell,1
[*] Detection for /binaries/target/binutils/binutils-2.31-o1-objdump,read_formatted_entries,1
[*] /s; sim-cal:0.016314
[*] Detection Result:C can't tell,1
[*] Detection for /binaries/target/binutils/binutils-2.31.1-o1-objdump,read_formatted_entries,1
[*] /s; sim-cal:0.012489
[*] Detection Result:C can't tell,1
[*] Detection for /binaries/target/binutils/binutils-2.29-o1-objdump,concat_filename,-1
[*] /s; sim-cal:0.00775
[*] Detection Result:C can't tell,-1
[*] Detection for /binaries/target/binutils/binutils-2.30-o1-objdump,concat_filename,1
[*] /s; sim-cal:0.009841
[*] Detection Result:C can't tell,1
[*] Detection for /binaries/target/binutils/binutils-2.31-o1-objdump,concat_filename,1
[*] /s; sim-cal:0.009314
[*] Detection Result:C can't tell,1
[*] Detection for /binaries/target/binutils/binutils-2.31.1-o1-objdump,concat_filename,1
[*] /s; sim-cal:0.009644
[*] Detection Result:C can't tell,1
[*] Detection for /binaries/target/binutils/binutils-2.29-o1-objdump,decode_line_info,-1
[*] /s; sim-cal:0.047214
[*] Detection Result:NA too much diff,-1
[*] Detection for /binaries/target/binutils/binutils-2.30-o1-objdump,decode_line_info,1
[*] /s; sim-cal:0.034541
[*] Detection Result:NA too much diff,1
[*] Detection for /binaries/target/binutils/binutils-2.31-o1-objdump,decode_line_info,1
[*] /s; sim-cal:0.023809
[*] Detection Result:NA too much diff,1
[*] Detection for /binaries/target/binutils/binutils-2.31.1-o1-objdump,decode_line_info,1
[*] /s; sim-cal:0.022638
[*] Detection Result:NA too much diff,1
------------------------------------------
[*] Detecting CVE: CVE-2017-14934
[*] Detection for /binaries/target/binutils/binutils-2.29-o1-objdump,process_debug_info,-1
[*] /s; sim-cal:0.056593
[*] Detection Result:NA too much diff,-1
[*] Detection for /binaries/target/binutils/binutils-2.30-o1-objdump,process_debug_info,1
[*] /s; sim-cal:0.057905
[*] Detection Result:NA too much diff,1
[*] Detection for /binaries/target/binutils/binutils-2.31-o1-objdump,process_debug_info,1
[*] /s; sim-cal:0.070207
[*] Detection Result:NA too much diff,1
[*] Detection for /binaries/target/binutils/binutils-2.31.1-o1-objdump,process_debug_info,1
[*] /s; sim-cal:0.070871
[*] Detection Result:NA too much diff,1
------------------------------------------
[*] Detecting CVE: CVE-2017-15225
[*] Detection for /binaries/target/binutils/binutils-2.29-o1-objdump,_bfd_dwarf2_cleanup_debug_info,-1
[*] /s; sim-cal:10.505851
[*] Detection Result:V 0.2918182267001008/0.0 47/47,-1
[*] Detection for /binaries/target/binutils/binutils-2.30-o1-objdump,_bfd_dwarf2_cleanup_debug_info,1
[*] /s; sim-cal:11.41081
[*] Detection Result:V 0.2918182267001008/0.0 51/51,1
[*] Detection for /binaries/target/binutils/binutils-2.31-o1-objdump,_bfd_dwarf2_cleanup_debug_info,1
[*] /s; sim-cal:10.612811
[*] Detection Result:V 0.2918182267001008/0.0 51/51,1
[*] Detection for /binaries/target/binutils/binutils-2.31.1-o1-objdump,_bfd_dwarf2_cleanup_debug_info,1
[*] /s; sim-cal:10.456312
[*] Detection Result:V 0.2918182267001008/0.0 51/51,1
------------------------------------------
[*] Detecting CVE: CVE-2017-16829
[*] Detection for /binaries/target/binutils/binutils-2.29.1-o1-objdump,_bfd_elf_parse_gnu_properties,-1
[*] /s; sim-cal:0.007669
[*] Detection Result:C can't tell,-1
[*] Detection for /binaries/target/binutils/binutils-2.30-o1-objdump,_bfd_elf_parse_gnu_properties,1
[*] /s; sim-cal:0.006592
[*] Detection Result:C can't tell,1
[*] Detection for /binaries/target/binutils/binutils-2.31-o1-objdump,_bfd_elf_parse_gnu_properties,1
[*] /s; sim-cal:0.005448
[*] Detection Result:C can't tell,1
[*] Detection for /binaries/target/binutils/binutils-2.31.1-o1-objdump,_bfd_elf_parse_gnu_properties,1
[*] /s; sim-cal:0.006635
[*] Detection Result:C can't tell,1
------------------------------------------
[*] Detecting CVE: CVE-2017-15996
[*] Detection for /binaries/target/binutils/binutils-2.29-o1-objdump,get_archive_member_name,-1
[*] /s; sim-cal:0.077709
[*] Detection Result:V 0.1282211808279987/0.12215466113044078 34/34,-1
[*] Detection for /binaries/target/binutils/binutils-2.30-o1-objdump,get_archive_member_name,1
[*] /s; sim-cal:0.079502
[*] Detection Result:V 0.12339802333193345/0.11933915916053342 34/34,1
[*] Detection for /binaries/target/binutils/binutils-2.31-o1-objdump,get_archive_member_name,1
[*] /s; sim-cal:0.644204
[*] Detection Result:V 0.12339802333193345/0.11933915916053342 34/34,1
[*] Detection for /binaries/target/binutils/binutils-2.31.1-o1-objdump,get_archive_member_name,1
[*] /s; sim-cal:0.110569
[*] Detection Result:V 0.12339802333193345/0.11933915916053342 34/34,1
[*] Detection for /binaries/target/binutils/binutils-2.29-o1-objdump,process_archive_index_and_symbols,-1
[*] /s; sim-cal:0.005874
[*] Detection Result:C can't tell,-1
[*] Detection for /binaries/target/binutils/binutils-2.30-o1-objdump,process_archive_index_and_symbols,1
[*] /s; sim-cal:0.066568
[*] Detection Result:C can't tell,1
[*] Detection for /binaries/target/binutils/binutils-2.31-o1-objdump,process_archive_index_and_symbols,1
[*] /s; sim-cal:0.006816
[*] Detection Result:C can't tell,1
[*] Detection for /binaries/target/binutils/binutils-2.31.1-o1-objdump,process_archive_index_and_symbols,1
[*] /s; sim-cal:0.005589
[*] Detection Result:C can't tell,1
[*] Detection for /binaries/target/binutils/binutils-2.29-o1-objdump,setup_archive,-1
[*] /s; sim-cal:0.005718
[*] Detection Result:C can't tell,-1
[*] Detection for /binaries/target/binutils/binutils-2.30-o1-objdump,setup_archive,1
[*] /s; sim-cal:0.005515
[*] Detection Result:C can't tell,1
[*] Detection for /binaries/target/binutils/binutils-2.31-o1-objdump,setup_archive,1
[*] /s; sim-cal:0.004492
[*] Detection Result:C can't tell,1
[*] Detection for /binaries/target/binutils/binutils-2.31.1-o1-objdump,setup_archive,1
[*] /s; sim-cal:0.004518
[*] Detection Result:C can't tell,1
------------------------------------------
[*] Detecting CVE: CVE-2017-16830
[*] Detection for /binaries/target/binutils/binutils-2.29.1-o1-readelf,print_gnu_property_note,-1
target function: print_gnu_property_note not found
[*] Detection for /binaries/target/binutils/binutils-2.30-o1-readelf,print_gnu_property_note,1
target function: print_gnu_property_note not found
[*] Detection for /binaries/target/binutils/binutils-2.31-o1-readelf,print_gnu_property_note,1
target function: print_gnu_property_note not found
[*] Detection for /binaries/target/binutils/binutils-2.31.1-o1-readelf,print_gnu_property_note,1
target function: print_gnu_property_note not found
------------------------------------------
[*] Detecting CVE: CVE-2017-16828
[*] Detection for /binaries/target/binutils/binutils-2.29.1-o1-objdump,display_debug_frames,-1
[*] /s; sim-cal:0.178198
[*] Detection Result:NA too much diff,-1
[*] Detection for /binaries/target/binutils/binutils-2.30-o1-objdump,display_debug_frames,1
[*] /s; sim-cal:0.114665
[*] Detection Result:NA too much diff,1
[*] Detection for /binaries/target/binutils/binutils-2.31-o1-objdump,display_debug_frames,1
[*] /s; sim-cal:0.114296
[*] Detection Result:NA too much diff,1
[*] Detection for /binaries/target/binutils/binutils-2.31.1-o1-objdump,display_debug_frames,1
[*] /s; sim-cal:0.105373
[*] Detection Result:NA too much diff,1
[*] Detection for /binaries/target/binutils/binutils-2.29.1-o1-objdump,read_cie,-1
[*] /s; sim-cal:18.973138
[*] Detection Result:C can't tell,-1
[*] Detection for /binaries/target/binutils/binutils-2.30-o1-objdump,read_cie,1
[*] /s; sim-cal:85.566509
[*] Detection Result:C can't tell,1
[*] Detection for /binaries/target/binutils/binutils-2.31-o1-objdump,read_cie,1
[*] /s; sim-cal:83.017943
[*] Detection Result:C can't tell,1
[*] Detection for /binaries/target/binutils/binutils-2.31.1-o1-objdump,read_cie,1
[*] /s; sim-cal:87.910274
[*] Detection Result:C can't tell,1
[*] Detection for /binaries/target/binutils/binutils-2.29.1-o1-objdump,frame_display_row,-1
[*] /s; sim-cal:2.087931
[*] Detection Result:N VP no diff,-1
[*] Detection for /binaries/target/binutils/binutils-2.30-o1-objdump,frame_display_row,1
[*] /s; sim-cal:1.490453
[*] Detection Result:N VP no diff,1
[*] Detection for /binaries/target/binutils/binutils-2.31-o1-objdump,frame_display_row,1
[*] /s; sim-cal:1.639121
[*] Detection Result:N VP no diff,1
[*] Detection for /binaries/target/binutils/binutils-2.31.1-o1-objdump,frame_display_row,1
[*] /s; sim-cal:1.444427
[*] Detection Result:N VP no diff,1
------------------------------------------
[*] Detecting CVE: CVE-2017-16831
[*] Detection for /binaries/target/binutils/binutils-2.29.1-o1-objdump,coff_get_normalized_symtab,-1
[*] /s; sim-cal:2.616103
[*] Detection Result:P 0.08348833181976689/0.08913491421437002 87/87,-1
[*] Detection for /binaries/target/binutils/binutils-2.30-o1-objdump,coff_get_normalized_symtab,1
[*] /s; sim-cal:2.722228
[*] Detection Result:P 0.08268634869696043/0.08832353849571385 88/88,1
[*] Detection for /binaries/target/binutils/binutils-2.31-o1-objdump,coff_get_normalized_symtab,1
[*] /s; sim-cal:2.878362
[*] Detection Result:P 0.08340917278921829/0.08943198466602996 89/89,1
[*] Detection for /binaries/target/binutils/binutils-2.31.1-o1-objdump,coff_get_normalized_symtab,1
[*] /s; sim-cal:3.074568
[*] Detection Result:P 0.08340917278921829/0.08943198466602996 89/89,1
[*] Detection for /binaries/target/binutils/binutils-2.29.1-o1-objdump,_bfd_coff_get_external_symbols,-1
[*] /s; sim-cal:0.002776
[*] Detection Result:C can't tell,-1
[*] Detection for /binaries/target/binutils/binutils-2.30-o1-objdump,_bfd_coff_get_external_symbols,1
[*] /s; sim-cal:0.002934
[*] Detection Result:C can't tell,1
[*] Detection for /binaries/target/binutils/binutils-2.31-o1-objdump,_bfd_coff_get_external_symbols,1
[*] /s; sim-cal:0.002722
[*] Detection Result:C can't tell,1
[*] Detection for /binaries/target/binutils/binutils-2.31.1-o1-objdump,_bfd_coff_get_external_symbols,1
[*] /s; sim-cal:0.002731
[*] Detection Result:C can't tell,1
------------------------------------------
[*] Detecting CVE: CVE-2017-17080
[*] Detection for /binaries/target/binutils/binutils-2.29.1-o1-objdump,elfcore_grok_nto_status,-1
target function: elfcore_grok_nto_status not found
[*] Detection for /binaries/target/binutils/binutils-2.30-o1-objdump,elfcore_grok_nto_status,1
target function: elfcore_grok_nto_status not found
[*] Detection for /binaries/target/binutils/binutils-2.31-o1-objdump,elfcore_grok_nto_status,1
target function: elfcore_grok_nto_status not found
[*] Detection for /binaries/target/binutils/binutils-2.31.1-o1-objdump,elfcore_grok_nto_status,1
target function: elfcore_grok_nto_status not found
[*] Detection for /binaries/target/binutils/binutils-2.29.1-o1-objdump,elfcore_grok_freebsd_psinfo,-1
target function: elfcore_grok_freebsd_psinfo not found
[*] Detection for /binaries/target/binutils/binutils-2.30-o1-objdump,elfcore_grok_freebsd_psinfo,1
target function: elfcore_grok_freebsd_psinfo not found
[*] Detection for /binaries/target/binutils/binutils-2.31-o1-objdump,elfcore_grok_freebsd_psinfo,1
target function: elfcore_grok_freebsd_psinfo not found
[*] Detection for /binaries/target/binutils/binutils-2.31.1-o1-objdump,elfcore_grok_freebsd_psinfo,1
target function: elfcore_grok_freebsd_psinfo not found
[*] Detection for /binaries/target/binutils/binutils-2.29.1-o1-objdump,elfcore_grok_netbsd_note,-1
[*] /s; sim-cal:1.54176
[*] Detection Result:N VP no diff,-1
[*] Detection for /binaries/target/binutils/binutils-2.30-o1-objdump,elfcore_grok_netbsd_note,1
[*] /s; sim-cal:1.446616
[*] Detection Result:N VP no diff,1
[*] Detection for /binaries/target/binutils/binutils-2.31-o1-objdump,elfcore_grok_netbsd_note,1
[*] /s; sim-cal:1.329754
[*] Detection Result:N VP no diff,1
[*] Detection for /binaries/target/binutils/binutils-2.31.1-o1-objdump,elfcore_grok_netbsd_note,1
[*] /s; sim-cal:1.483065
[*] Detection Result:N VP no diff,1
[*] Detection for /binaries/target/binutils/binutils-2.29.1-o1-objdump,elfcore_netbsd_get_lwpid,-1
target function: elfcore_netbsd_get_lwpid not found
[*] Detection for /binaries/target/binutils/binutils-2.30-o1-objdump,elfcore_netbsd_get_lwpid,1
target function: elfcore_netbsd_get_lwpid not found
[*] Detection for /binaries/target/binutils/binutils-2.31-o1-objdump,elfcore_netbsd_get_lwpid,1
target function: elfcore_netbsd_get_lwpid not found
[*] Detection for /binaries/target/binutils/binutils-2.31.1-o1-objdump,elfcore_netbsd_get_lwpid,1
target function: elfcore_netbsd_get_lwpid not found
------------------------------------------
[*] Detecting CVE: CVE-2017-17124
[*] Detection for /binaries/target/binutils/binutils-2.29.1-o1-objdump,_bfd_coff_read_string_table,-1
[*] /s; sim-cal:0.006203
[*] Detection Result:C can't tell,-1
[*] Detection for /binaries/target/binutils/binutils-2.30-o1-objdump,_bfd_coff_read_string_table,1
[*] /s; sim-cal:0.004969
[*] Detection Result:C can't tell,1
[*] Detection for /binaries/target/binutils/binutils-2.31-o1-objdump,_bfd_coff_read_string_table,1
[*] /s; sim-cal:0.01679
[*] Detection Result:C can't tell,1
[*] Detection for /binaries/target/binutils/binutils-2.31.1-o1-objdump,_bfd_coff_read_string_table,1
[*] /s; sim-cal:0.004562
[*] Detection Result:C can't tell,1
------------------------------------------
[*] Detecting CVE: CVE-2017-17122
[*] Detection for /binaries/target/binutils/binutils-2.29.1-o1-objdump,dump_relocs_in_section,-1
[*] /s; sim-cal:0.005132
[*] Detection Result:C can't tell,-1
[*] Detection for /binaries/target/binutils/binutils-2.30-o1-objdump,dump_relocs_in_section,1
[*] /s; sim-cal:0.005288
[*] Detection Result:C can't tell,1
[*] Detection for /binaries/target/binutils/binutils-2.31-o1-objdump,dump_relocs_in_section,1
[*] /s; sim-cal:0.008485
[*] Detection Result:C can't tell,1
[*] Detection for /binaries/target/binutils/binutils-2.31.1-o1-objdump,dump_relocs_in_section,1
[*] /s; sim-cal:0.00664
[*] Detection Result:C can't tell,1
------------------------------------------
[*] Detecting CVE: CVE-2017-17126
[*] Detection for /binaries/target/binutils/binutils-2.29.1-o1-objdump,load_debug_section,-1
[*] /s; sim-cal:0.001308
[*] Detection Result:N VP no diff,-1
[*] Detection for /binaries/target/binutils/binutils-2.30-o1-objdump,load_debug_section,1
[*] /s; sim-cal:0.001504
[*] Detection Result:N VP no diff,1
[*] Detection for /binaries/target/binutils/binutils-2.31-o1-objdump,load_debug_section,1
[*] /s; sim-cal:0.001972
[*] Detection Result:N VP no diff,1
[*] Detection for /binaries/target/binutils/binutils-2.31.1-o1-objdump,load_debug_section,1
[*] /s; sim-cal:0.001483
[*] Detection Result:N VP no diff,1
------------------------------------------
[*] Detecting CVE: CVE-2018-7208
[*] Detection for /binaries/target/binutils/binutils-2.30-o1-objdump,coff_pointerize_aux,-1
target function: coff_pointerize_aux not found
[*] Detection for /binaries/target/binutils/binutils-2.31-o1-objdump,coff_pointerize_aux,1
target function: coff_pointerize_aux not found
[*] Detection for /binaries/target/binutils/binutils-2.31.1-o1-objdump,coff_pointerize_aux,1
target function: coff_pointerize_aux not found
[*] Detection for /binaries/target/binutils/binutils-2.32-o1-objdump,coff_pointerize_aux,1
target function: coff_pointerize_aux not found
------------------------------------------
[*] Detecting CVE: CVE-2018-6543
[*] Detection for /binaries/target/binutils/binutils-2.30-o1-objdump,load_specific_debug_section,-1
[*] /s; sim-cal:0.015516
[*] Detection Result:C can't tell,-1
[*] Detection for /binaries/target/binutils/binutils-2.31-o1-objdump,load_specific_debug_section,1
[*] /s; sim-cal:0.007517
[*] Detection Result:C can't tell,1
[*] Detection for /binaries/target/binutils/binutils-2.31.1-o1-objdump,load_specific_debug_section,1
[*] /s; sim-cal:0.006994
[*] Detection Result:C can't tell,1
[*] Detection for /binaries/target/binutils/binutils-2.32-o1-objdump,load_specific_debug_section,1
[*] /s; sim-cal:0.005664
[*] Detection Result:C can't tell,1
------------------------------------------
[*] Detecting CVE: CVE-2018-6759
[*] Detection for /binaries/target/binutils/binutils-2.30-o1-objdump,bfd_get_alt_debug_link_info,-1
[*] /s; sim-cal:1.560303
[*] Detection Result:C can't tell,-1
[*] Detection for /binaries/target/binutils/binutils-2.31-o1-objdump,bfd_get_alt_debug_link_info,1
[*] /s; sim-cal:1.373699
[*] Detection Result:C can't tell,1
[*] Detection for /binaries/target/binutils/binutils-2.31.1-o1-objdump,bfd_get_alt_debug_link_info,1
[*] /s; sim-cal:1.412234
[*] Detection Result:C can't tell,1
[*] Detection for /binaries/target/binutils/binutils-2.32-o1-objdump,bfd_get_alt_debug_link_info,1
[*] /s; sim-cal:1.413961
[*] Detection Result:C can't tell,1
[*] Detection for /binaries/target/binutils/binutils-2.30-o1-objdump,bfd_get_debug_link_info_1,-1
[*] /s; sim-cal:0.003155
[*] Detection Result:C can't tell,-1
[*] Detection for /binaries/target/binutils/binutils-2.31-o1-objdump,bfd_get_debug_link_info_1,1
[*] /s; sim-cal:0.006578
[*] Detection Result:C can't tell,1
[*] Detection for /binaries/target/binutils/binutils-2.31.1-o1-objdump,bfd_get_debug_link_info_1,1
[*] /s; sim-cal:1.526963
[*] Detection Result:C can't tell,1
[*] Detection for /binaries/target/binutils/binutils-2.32-o1-objdump,bfd_get_debug_link_info_1,1
[*] /s; sim-cal:1.387611
[*] Detection Result:C can't tell,1
------------------------------------------
[*] Detecting CVE: CVE-2018-6872
[*] Detection for /binaries/target/binutils/binutils-2.30-o1-objdump,elf_parse_notes,-1
[*] /s; sim-cal:0.032878
[*] Detection Result:V 0.7776923076923077/0.0 38/38,-1
[*] Detection for /binaries/target/binutils/binutils-2.31-o1-objdump,elf_parse_notes,1
[*] /s; sim-cal:0.025018
[*] Detection Result:V 0.7776923076923077/0.0 40/40,1
[*] Detection for /binaries/target/binutils/binutils-2.31.1-o1-objdump,elf_parse_notes,1
[*] /s; sim-cal:0.020687
[*] Detection Result:V 0.7776923076923077/0.0 40/40,1
[*] Detection for /binaries/target/binutils/binutils-2.32-o1-objdump,elf_parse_notes,1
[*] /s; sim-cal:0.023427
[*] Detection Result:V 0.7776923076923077/0.0 40/40,1
------------------------------------------
[*] Detecting CVE: CVE-2018-7570
[*] Detection for /binaries/target/binutils/binutils-2.30-o1-objdump,assign_file_positions_for_non_load_sections,-1
target function: assign_file_positions_for_non_load_sections not found
[*] Detection for /binaries/target/binutils/binutils-2.31-o1-objdump,assign_file_positions_for_non_load_sections,1
target function: assign_file_positions_for_non_load_sections not found
[*] Detection for /binaries/target/binutils/binutils-2.31.1-o1-objdump,assign_file_positions_for_non_load_sections,1
target function: assign_file_positions_for_non_load_sections not found
[*] Detection for /binaries/target/binutils/binutils-2.32-o1-objdump,assign_file_positions_for_non_load_sections,1
target function: assign_file_positions_for_non_load_sections not found
------------------------------------------
[*] Detecting CVE: CVE-2018-7568
[*] Detection for /binaries/target/binutils/binutils-2.30-o1-objdump,parse_die,-1
[*] /s; sim-cal:0.010466
[*] Detection Result:C can't tell,-1
[*] Detection for /binaries/target/binutils/binutils-2.31-o1-objdump,parse_die,1
[*] /s; sim-cal:0.007871
[*] Detection Result:C can't tell,1
[*] Detection for /binaries/target/binutils/binutils-2.31.1-o1-objdump,parse_die,1
[*] /s; sim-cal:0.006936
[*] Detection Result:C can't tell,1
[*] Detection for /binaries/target/binutils/binutils-2.32-o1-objdump,parse_die,1
[*] /s; sim-cal:1.459186
[*] Detection Result:C can't tell,1
------------------------------------------
[*] Detecting CVE: CVE-2018-7569
[*] Detection for /binaries/target/binutils/binutils-2.30-o1-objdump,read_8_bytes,-1
[*] /s; sim-cal:1.472378
[*] Detection Result:N VP no diff,-1
[*] Detection for /binaries/target/binutils/binutils-2.31-o1-objdump,read_8_bytes,1
[*] /s; sim-cal:1.497478
[*] Detection Result:N VP no diff,1
[*] Detection for /binaries/target/binutils/binutils-2.31.1-o1-objdump,read_8_bytes,1
[*] /s; sim-cal:1.46904
[*] Detection Result:N VP no diff,1
[*] Detection for /binaries/target/binutils/binutils-2.32-o1-objdump,read_8_bytes,1
[*] /s; sim-cal:1.299549
[*] Detection Result:N VP no diff,1
[*] Detection for /binaries/target/binutils/binutils-2.30-o1-objdump,read_attribute_value,-1
[*] /s; sim-cal:1.443634
[*] Detection Result:C can't tell,-1
[*] Detection for /binaries/target/binutils/binutils-2.31-o1-objdump,read_attribute_value,1
[*] /s; sim-cal:1.422812
[*] Detection Result:NA too much diff,1
[*] Detection for /binaries/target/binutils/binutils-2.31.1-o1-objdump,read_attribute_value,1
[*] /s; sim-cal:1.483232
[*] Detection Result:NA too much diff,1
[*] Detection for /binaries/target/binutils/binutils-2.32-o1-objdump,read_attribute_value,1
[*] /s; sim-cal:1.481721
[*] Detection Result:NA too much diff,1
------------------------------------------
[*] Detecting CVE: CVE-2018-7643
[*] Detection for /binaries/target/binutils/binutils-2.30-o1-objdump,read_uleb128,-1
[*] /s; sim-cal:1.467228
[*] Detection Result:N VP no diff,-1
[*] Detection for /binaries/target/binutils/binutils-2.31-o1-objdump,read_uleb128,1
[*] /s; sim-cal:1.483773
[*] Detection Result:N VP no diff,1
[*] Detection for /binaries/target/binutils/binutils-2.31.1-o1-objdump,read_uleb128,1
[*] /s; sim-cal:1.380752
[*] Detection Result:N VP no diff,1
[*] Detection for /binaries/target/binutils/binutils-2.32-o1-objdump,read_uleb128,1
[*] /s; sim-cal:1.274349
[*] Detection Result:N VP no diff,1
[*] Detection for /binaries/target/binutils/binutils-2.30-o1-objdump,display_debug_ranges,-1
[*] /s; sim-cal:4.01347
[*] Detection Result:NA too much diff,-1
[*] Detection for /binaries/target/binutils/binutils-2.31-o1-objdump,display_debug_ranges,1
[*] /s; sim-cal:4.765296
[*] Detection Result:NA too much diff,1
[*] Detection for /binaries/target/binutils/binutils-2.31.1-o1-objdump,display_debug_ranges,1
[*] /s; sim-cal:4.9879
[*] Detection Result:NA too much diff,1
[*] Detection for /binaries/target/binutils/binutils-2.32-o1-objdump,display_debug_ranges,1
[*] /s; sim-cal:5.202825
[*] Detection Result:NA too much diff,1
[*] Detection for /binaries/target/binutils/binutils-2.30-o1-objdump,display_debug_ranges_list,-1
[*] /s; sim-cal:1.517349
[*] Detection Result:N VP no diff,-1
[*] Detection for /binaries/target/binutils/binutils-2.31-o1-objdump,display_debug_ranges_list,1
[*] /s; sim-cal:1.443785
[*] Detection Result:N VP no diff,1
[*] Detection for /binaries/target/binutils/binutils-2.31.1-o1-objdump,display_debug_ranges_list,1
[*] /s; sim-cal:1.406708
[*] Detection Result:N VP no diff,1
[*] Detection for /binaries/target/binutils/binutils-2.32-o1-objdump,display_debug_ranges_list,1
[*] /s; sim-cal:1.327118
[*] Detection Result:N VP no diff,1
------------------------------------------
[*] Detecting CVE: CVE-2018-10372
[*] Detection for /binaries/target/binutils/binutils-2.30-o1-objdump,process_cu_tu_index,-1
[*] /s; sim-cal:1.578524
[*] Detection Result:NA too much diff,-1
[*] Detection for /binaries/target/binutils/binutils-2.31-o1-objdump,process_cu_tu_index,1
[*] /s; sim-cal:1.576931
[*] Detection Result:NA too much diff,1
[*] Detection for /binaries/target/binutils/binutils-2.31.1-o1-objdump,process_cu_tu_index,1
[*] /s; sim-cal:1.480639
[*] Detection Result:NA too much diff,1
[*] Detection for /binaries/target/binutils/binutils-2.32-o1-objdump,process_cu_tu_index,1
[*] /s; sim-cal:1.636908
[*] Detection Result:NA too much diff,1
------------------------------------------
[*] Detecting CVE: CVE-2018-10373
[*] Detection for /binaries/target/binutils/binutils-2.30-o1-objdump,concat_filename,-1
[*] /s; sim-cal:0.005461
[*] Detection Result:C can't tell,-1
[*] Detection for /binaries/target/binutils/binutils-2.31-o1-objdump,concat_filename,1
[*] /s; sim-cal:0.005352
[*] Detection Result:C can't tell,1
[*] Detection for /binaries/target/binutils/binutils-2.31.1-o1-objdump,concat_filename,1
[*] /s; sim-cal:0.005571
[*] Detection Result:C can't tell,1
[*] Detection for /binaries/target/binutils/binutils-2.32-o1-objdump,concat_filename,1
[*] /s; sim-cal:1.427157
[*] Detection Result:C can't tell,1
------------------------------------------
[*] Detecting CVE: CVE-2018-8945
[*] Detection for /binaries/target/binutils/binutils-2.30-o1-objdump,_bfd_elf_parse_attributes,-1
[*] /s; sim-cal:0.017813
[*] Detection Result:C can't tell,-1
[*] Detection for /binaries/target/binutils/binutils-2.31-o1-objdump,_bfd_elf_parse_attributes,1
[*] /s; sim-cal:0.016956
[*] Detection Result:C can't tell,1
[*] Detection for /binaries/target/binutils/binutils-2.31.1-o1-objdump,_bfd_elf_parse_attributes,1
[*] /s; sim-cal:1.479491
[*] Detection Result:C can't tell,1
[*] Detection for /binaries/target/binutils/binutils-2.32-o1-objdump,_bfd_elf_parse_attributes,1
[*] /s; sim-cal:1.758143
[*] Detection Result:C can't tell,1
[*] Detection for /binaries/target/binutils/binutils-2.30-o1-objdump,bfd_elf_get_str_section,-1
target function: bfd_elf_get_str_section not found
[*] Detection for /binaries/target/binutils/binutils-2.31-o1-objdump,bfd_elf_get_str_section,1
target function: bfd_elf_get_str_section not found
[*] Detection for /binaries/target/binutils/binutils-2.31.1-o1-objdump,bfd_elf_get_str_section,1
target function: bfd_elf_get_str_section not found
[*] Detection for /binaries/target/binutils/binutils-2.32-o1-objdump,bfd_elf_get_str_section,1
target function: bfd_elf_get_str_section not found
------------------------------------------
[*] Detecting CVE: CVE-2018-17360
[*] Detection for /binaries/target/binutils/binutils-2.31.1-o1-objdump,pe_print_edata,-1
target function: pe_print_edata not found
[*] Detection for /binaries/target/binutils/binutils-2.32-o1-objdump,pe_print_edata,1
target function: pe_print_edata not found
[*] Detection for /binaries/target/binutils/binutils-2.33.1-o1-objdump,pe_print_edata,1
target function: pe_print_edata not found
[*] Detection for /binaries/target/binutils/binutils-2.34-o1-objdump,pe_print_edata,1
target function: pe_print_edata not found
------------------------------------------
[*] Detecting CVE: CVE-2018-18605
[*] Detection for /binaries/target/binutils/binutils-2.31-o1-objdump,_bfd_add_merge_section,-1
[*] /s; sim-cal:0.048966
[*] Detection Result:V 0.3430383864671438/0.0 37/37,-1
[*] Detection for /binaries/target/binutils/binutils-2.32-o1-objdump,_bfd_add_merge_section,1
[*] /s; sim-cal:0.039545
[*] Detection Result:V 0.3430383864671438/0.0 39/39,1
[*] Detection for /binaries/target/binutils/binutils-2.33.1-o1-objdump,_bfd_add_merge_section,1
[*] /s; sim-cal:0.041804
[*] Detection Result:V 0.3430383864671438/0.0 39/39,1
[*] Detection for /binaries/target/binutils/binutils-2.34-o1-objdump,_bfd_add_merge_section,1
[*] /s; sim-cal:0.038937
[*] Detection Result:V 0.3430383864671438/0.0 39/39,1
------------------------------------------
[*] Detecting CVE: CVE-2018-18606
[*] Detection for /binaries/target/binutils/binutils-2.31-o1-objdump,_bfd_add_merge_section,-1
[*] /s; sim-cal:0.02048
[*] Detection Result:C can't tell,-1
[*] Detection for /binaries/target/binutils/binutils-2.32-o1-objdump,_bfd_add_merge_section,1
[*] /s; sim-cal:0.022906
[*] Detection Result:C can't tell,1
[*] Detection for /binaries/target/binutils/binutils-2.33.1-o1-objdump,_bfd_add_merge_section,1
[*] /s; sim-cal:0.023194
[*] Detection Result:C can't tell,1
[*] Detection for /binaries/target/binutils/binutils-2.34-o1-objdump,_bfd_add_merge_section,1
[*] /s; sim-cal:0.024738
[*] Detection Result:C can't tell,1
------------------------------------------
[*] Detecting CVE: CVE-2018-18607
[*] Detection for /binaries/target/binutils/binutils-2.31-o1-objdump,elf_link_input_bfd,-1
target function: elf_link_input_bfd not found
[*] Detection for /binaries/target/binutils/binutils-2.32-o1-objdump,elf_link_input_bfd,1
target function: elf_link_input_bfd not found
[*] Detection for /binaries/target/binutils/binutils-2.33.1-o1-objdump,elf_link_input_bfd,1
target function: elf_link_input_bfd not found
[*] Detection for /binaries/target/binutils/binutils-2.34-o1-objdump,elf_link_input_bfd,1
target function: elf_link_input_bfd not found
------------------------------------------
[*] Detecting CVE: CVE-2018-19932
[*] Detection for /binaries/target/binutils/binutils-2.31-o1-objdump,rewrite_elf_program_header,-1
target function: rewrite_elf_program_header not found
[*] Detection for /binaries/target/binutils/binutils-2.30-o1-objdump,rewrite_elf_program_header,-1
target function: rewrite_elf_program_header not found
[*] Detection for /binaries/target/binutils/binutils-2.29.1-o1-objdump,rewrite_elf_program_header,-1
target function: rewrite_elf_program_header not found
[*] Detection for /binaries/target/binutils/binutils-2.32-o1-objdump,rewrite_elf_program_header,1
target function: rewrite_elf_program_header not found
[*] Detection for /binaries/target/binutils/binutils-2.33.1-o1-objdump,rewrite_elf_program_header,1
target function: rewrite_elf_program_header not found
[*] Detection for /binaries/target/binutils/binutils-2.34-o1-objdump,rewrite_elf_program_header,1
target function: rewrite_elf_program_header not found
------------------------------------------
[*] Detecting CVE: CVE-2018-20002
[*] Detection for /binaries/target/binutils/binutils-2.31-o1-nm,_bfd_generic_read_minisymbols,-1
[*] /s; sim-cal:0.003731
[*] Detection Result:C can't tell,-1
[*] Detection for /binaries/target/binutils/binutils-2.32-o1-nm,_bfd_generic_read_minisymbols,1
[*] /s; sim-cal:0.003127
[*] Detection Result:C can't tell,1
[*] Detection for /binaries/target/binutils/binutils-2.33.1-o1-nm,_bfd_generic_read_minisymbols,1
[*] /s; sim-cal:0.006411
[*] Detection Result:C can't tell,1
[*] Detection for /binaries/target/binutils/binutils-2.34-o1-nm,_bfd_generic_read_minisymbols,1
[*] /s; sim-cal:0.002861
[*] Detection Result:C can't tell,1
[*] Detection for /binaries/target/binutils/binutils-2.31-o1-nm,display_rel_file,-1
[*] /s; sim-cal:0.020809
[*] Detection Result:NA too much diff,-1
[*] Detection for /binaries/target/binutils/binutils-2.32-o1-nm,display_rel_file,1
[*] /s; sim-cal:0.019384
[*] Detection Result:NA too much diff,1
[*] Detection for /binaries/target/binutils/binutils-2.33.1-o1-nm,display_rel_file,1
[*] /s; sim-cal:0.018697
[*] Detection Result:NA too much diff,1
[*] Detection for /binaries/target/binutils/binutils-2.34-o1-nm,display_rel_file,1
[*] /s; sim-cal:0.019644
[*] Detection Result:NA too much diff,1
------------------------------------------
[*] Detecting CVE: CVE-2018-1000876
[*] Detection for /binaries/target/binutils/binutils-2.31.1-o1-objdump,_bfd_elf_canonicalize_dynamic_symtab,-1
[*] /s; sim-cal:1.413427
[*] Detection Result:N VP no diff,-1
[*] Detection for /binaries/target/binutils/binutils-2.31-o1-objdump,_bfd_elf_canonicalize_dynamic_symtab,-1
[*] /s; sim-cal:1.432798
[*] Detection Result:N VP no diff,-1
[*] Detection for /binaries/target/binutils/binutils-2.30-o1-objdump,_bfd_elf_canonicalize_dynamic_symtab,-1
[*] /s; sim-cal:1.411458
[*] Detection Result:N VP no diff,-1
[*] Detection for /binaries/target/binutils/binutils-2.32-o1-objdump,_bfd_elf_canonicalize_dynamic_symtab,1
[*] /s; sim-cal:1.306886
[*] Detection Result:N VP no diff,1
[*] Detection for /binaries/target/binutils/binutils-2.33.1-o1-objdump,_bfd_elf_canonicalize_dynamic_symtab,1
[*] /s; sim-cal:1.80538
[*] Detection Result:N VP no diff,1
[*] Detection for /binaries/target/binutils/binutils-2.34-o1-objdump,_bfd_elf_canonicalize_dynamic_symtab,1
[*] /s; sim-cal:1.423486
[*] Detection Result:N VP no diff,1
[*] Detection for /binaries/target/binutils/binutils-2.31.1-o1-objdump,swap_out_syms,-1
target function: swap_out_syms not found
[*] Detection for /binaries/target/binutils/binutils-2.31-o1-objdump,swap_out_syms,-1
target function: swap_out_syms not found
[*] Detection for /binaries/target/binutils/binutils-2.30-o1-objdump,swap_out_syms,-1
target function: swap_out_syms not found
[*] Detection for /binaries/target/binutils/binutils-2.32-o1-objdump,swap_out_syms,1
target function: swap_out_syms not found
[*] Detection for /binaries/target/binutils/binutils-2.33.1-o1-objdump,swap_out_syms,1
target function: swap_out_syms not found
[*] Detection for /binaries/target/binutils/binutils-2.34-o1-objdump,swap_out_syms,1
target function: swap_out_syms not found
[*] Detection for /binaries/target/binutils/binutils-2.31.1-o1-objdump,_bfd_elf_get_dynamic_symtab_upper_bound,-1
[*] /s; sim-cal:0.002437
[*] Detection Result:C can't tell,-1
[*] Detection for /binaries/target/binutils/binutils-2.31-o1-objdump,_bfd_elf_get_dynamic_symtab_upper_bound,-1
[*] /s; sim-cal:0.012829
[*] Detection Result:C can't tell,-1
[*] Detection for /binaries/target/binutils/binutils-2.30-o1-objdump,_bfd_elf_get_dynamic_symtab_upper_bound,-1
[*] /s; sim-cal:0.001708
[*] Detection Result:C can't tell,-1
[*] Detection for /binaries/target/binutils/binutils-2.32-o1-objdump,_bfd_elf_get_dynamic_symtab_upper_bound,1
[*] /s; sim-cal:0.001831
[*] Detection Result:C can't tell,1
[*] Detection for /binaries/target/binutils/binutils-2.33.1-o1-objdump,_bfd_elf_get_dynamic_symtab_upper_bound,1
[*] /s; sim-cal:0.001803
[*] Detection Result:C can't tell,1
[*] Detection for /binaries/target/binutils/binutils-2.34-o1-objdump,_bfd_elf_get_dynamic_symtab_upper_bound,1
[*] /s; sim-cal:0.003967
[*] Detection Result:C can't tell,1
[*] Detection for /binaries/target/binutils/binutils-2.31.1-o1-objdump,_bfd_elf_get_dynamic_reloc_upper_bound,-1
[*] /s; sim-cal:0.002007
[*] Detection Result:C can't tell,-1
[*] Detection for /binaries/target/binutils/binutils-2.31-o1-objdump,_bfd_elf_get_dynamic_reloc_upper_bound,-1
[*] /s; sim-cal:0.002059
[*] Detection Result:C can't tell,-1
[*] Detection for /binaries/target/binutils/binutils-2.30-o1-objdump,_bfd_elf_get_dynamic_reloc_upper_bound,-1
[*] /s; sim-cal:0.002483
[*] Detection Result:C can't tell,-1
[*] Detection for /binaries/target/binutils/binutils-2.32-o1-objdump,_bfd_elf_get_dynamic_reloc_upper_bound,1
[*] /s; sim-cal:0.002147
[*] Detection Result:C can't tell,1
[*] Detection for /binaries/target/binutils/binutils-2.33.1-o1-objdump,_bfd_elf_get_dynamic_reloc_upper_bound,1
[*] /s; sim-cal:0.002052
[*] Detection Result:C can't tell,1
[*] Detection for /binaries/target/binutils/binutils-2.34-o1-objdump,_bfd_elf_get_dynamic_reloc_upper_bound,1
[*] /s; sim-cal:0.002021
[*] Detection Result:C can't tell,1
[*] Detection for /binaries/target/binutils/binutils-2.31.1-o1-objdump,_bfd_elf_get_symtab_upper_bound,-1
[*] /s; sim-cal:0.001334
[*] Detection Result:C can't tell,-1
[*] Detection for /binaries/target/binutils/binutils-2.31-o1-objdump,_bfd_elf_get_symtab_upper_bound,-1
[*] /s; sim-cal:0.001381
[*] Detection Result:C can't tell,-1
[*] Detection for /binaries/target/binutils/binutils-2.30-o1-objdump,_bfd_elf_get_symtab_upper_bound,-1
[*] /s; sim-cal:0.001375
[*] Detection Result:C can't tell,-1
[*] Detection for /binaries/target/binutils/binutils-2.32-o1-objdump,_bfd_elf_get_symtab_upper_bound,1
[*] /s; sim-cal:0.00169
[*] Detection Result:C can't tell,1
[*] Detection for /binaries/target/binutils/binutils-2.33.1-o1-objdump,_bfd_elf_get_symtab_upper_bound,1
[*] /s; sim-cal:0.001482
[*] Detection Result:C can't tell,1
[*] Detection for /binaries/target/binutils/binutils-2.34-o1-objdump,_bfd_elf_get_symtab_upper_bound,1
[*] /s; sim-cal:0.001499
[*] Detection Result:C can't tell,1
------------------------------------------
[*] Detecting CVE: CVE-2018-20651
[*] Detection for /binaries/target/binutils/binutils-2.31.1-o1-objdump,elf_link_add_object_symbols,-1
target function: elf_link_add_object_symbols not found
[*] Detection for /binaries/target/binutils/binutils-2.32-o1-objdump,elf_link_add_object_symbols,1
target function: elf_link_add_object_symbols not found
[*] Detection for /binaries/target/binutils/binutils-2.33.1-o1-objdump,elf_link_add_object_symbols,1
target function: elf_link_add_object_symbols not found
[*] Detection for /binaries/target/binutils/binutils-2.34-o1-objdump,elf_link_add_object_symbols,1
target function: elf_link_add_object_symbols not found
------------------------------------------
[*] Detecting CVE: CVE-2018-20671
[*] Detection for /binaries/target/binutils/binutils-2.31.1-o1-objdump,load_specific_debug_section,-1
[*] /s; sim-cal:0.015429
[*] Detection Result:C can't tell,-1
[*] Detection for /binaries/target/binutils/binutils-2.31-o1-objdump,load_specific_debug_section,-1
[*] /s; sim-cal:0.007761
[*] Detection Result:C can't tell,-1
[*] Detection for /binaries/target/binutils/binutils-2.30-o1-objdump,load_specific_debug_section,-1
[*] /s; sim-cal:0.006669
[*] Detection Result:C can't tell,-1
[*] Detection for /binaries/target/binutils/binutils-2.32-o1-objdump,load_specific_debug_section,1
[*] /s; sim-cal:0.007131
[*] Detection Result:C can't tell,1
[*] Detection for /binaries/target/binutils/binutils-2.33.1-o1-objdump,load_specific_debug_section,1
[*] /s; sim-cal:0.006767
[*] Detection Result:C can't tell,1
[*] Detection for /binaries/target/binutils/binutils-2.34-o1-objdump,load_specific_debug_section,1
[*] /s; sim-cal:0.0095
[*] Detection Result:C can't tell,1
------------------------------------------
[*] Detecting CVE: CVE-2019-17451
[*] Detection for /binaries/target/binutils/binutils-2.32-o1-objdump,_bfd_dwarf2_slurp_debug_info,-1
[*] /s; sim-cal:0.029338
[*] Detection Result:C can't tell,-1
[*] Detection for /binaries/target/binutils/binutils-2.33.1-o1-objdump,_bfd_dwarf2_slurp_debug_info,1
[*] /s; sim-cal:0.032628
[*] Detection Result:C can't tell,1
[*] Detection for /binaries/target/binutils/binutils-2.34-o1-objdump,_bfd_dwarf2_slurp_debug_info,1
[*] /s; sim-cal:0.034628
[*] Detection Result:C can't tell,1
[*] Detection for /binaries/target/binutils/binutils-2.35-o1-objdump,_bfd_dwarf2_slurp_debug_info,1
[*] /s; sim-cal:0.035768
[*] Detection Result:C can't tell,1
------------------------------------------
[*] Detecting CVE: CVE-2020-19724
[*] Detection for /binaries/target/binutils/binutils-2.33.1-o1-nm,display_rel_file,-1
[*] /s; sim-cal:0.033842
[*] Detection Result:NA too much diff,-1
[*] Detection for /binaries/target/binutils/binutils-2.32-o1-nm,display_rel_file,-1
[*] /s; sim-cal:0.031337
[*] Detection Result:NA too much diff,-1
[*] Detection for /binaries/target/binutils/binutils-2.31.1-o1-nm,display_rel_file,-1
[*] /s; sim-cal:0.033681
[*] Detection Result:NA too much diff,-1
[*] Detection for /binaries/target/binutils/binutils-2.34-o1-nm,display_rel_file,1
[*] /s; sim-cal:0.034497
[*] Detection Result:NA too much diff,1
[*] Detection for /binaries/target/binutils/binutils-2.35-o1-nm,display_rel_file,1
[*] /s; sim-cal:0.035729
[*] Detection Result:NA too much diff,1
[*] Detection for /binaries/target/binutils/binutils-2.35.1-o1-nm,display_rel_file,1
[*] /s; sim-cal:0.034994
[*] Detection Result:NA too much diff,1
------------------------------------------
[*] Detecting CVE: CVE-2020-16590
[*] Detection for /binaries/target/binutils/binutils-2.35-o1-readelf,get_num_dynamic_syms,-1
target function: get_num_dynamic_syms not found
[*] Detection for /binaries/target/binutils/binutils-2.35.1-o1-readelf,get_num_dynamic_syms,1
target function: get_num_dynamic_syms not found
[*] Detection for /binaries/target/binutils/binutils-2.35.2-o1-readelf,get_num_dynamic_syms,1
target function: get_num_dynamic_syms not found
[*] Detection for /binaries/target/binutils/binutils-2.36.1-o1-readelf,get_num_dynamic_syms,1
target function: get_num_dynamic_syms not found
------------------------------------------
[*] Detecting CVE: CVE-2020-16591
[*] Detection for /binaries/target/binutils/binutils-2.35-o1-readelf,get_num_dynamic_syms,-1
target function: get_num_dynamic_syms not found
[*] Detection for /binaries/target/binutils/binutils-2.35.1-o1-readelf,get_num_dynamic_syms,1
target function: get_num_dynamic_syms not found
[*] Detection for /binaries/target/binutils/binutils-2.35.2-o1-readelf,get_num_dynamic_syms,1
target function: get_num_dynamic_syms not found
[*] Detection for /binaries/target/binutils/binutils-2.36.1-o1-readelf,get_num_dynamic_syms,1
target function: get_num_dynamic_syms not found
------------------------------------------
[*] Detecting CVE: CVE-2020-16593
[*] Detection for /binaries/target/binutils/binutils-2.35-o1-objdump,scan_unit_for_symbols,-1
target function: scan_unit_for_symbols not found
[*] Detection for /binaries/target/binutils/binutils-2.35.1-o1-objdump,scan_unit_for_symbols,1
target function: scan_unit_for_symbols not found
[*] Detection for /binaries/target/binutils/binutils-2.35.2-o1-objdump,scan_unit_for_symbols,1
target function: scan_unit_for_symbols not found
[*] Detection for /binaries/target/binutils/binutils-2.36.1-o1-objdump,scan_unit_for_symbols,1
target function: scan_unit_for_symbols not found
------------------------------------------
[*] Detecting CVE: CVE-2020-16599
[*] Detection for /binaries/target/binutils/binutils-2.35-o1-objdump,_bfd_elf_get_symbol_version_string,-1
[*] /s; sim-cal:0.005009
[*] Detection Result:C can't tell,-1
[*] Detection for /binaries/target/binutils/binutils-2.35.1-o1-objdump,_bfd_elf_get_symbol_version_string,1
[*] /s; sim-cal:0.00375
[*] Detection Result:C can't tell,1
[*] Detection for /binaries/target/binutils/binutils-2.35.2-o1-objdump,_bfd_elf_get_symbol_version_string,1
[*] /s; sim-cal:0.006512
[*] Detection Result:C can't tell,1
[*] Detection for /binaries/target/binutils/binutils-2.36.1-o1-objdump,_bfd_elf_get_symbol_version_string,1
[*] /s; sim-cal:0.004582
[*] Detection Result:C can't tell,1
------------------------------------------
[*] Detecting CVE: CVE-2020-35448
[*] Detection for /binaries/target/binutils/binutils-2.35.1-o1-objdump,_bfd_elf_slurp_secondary_reloc_section,-1
[*] /s; sim-cal:0.008438
[*] Detection Result:V 0.29420970266040686/0.0 37/37,-1
[*] Detection for /binaries/target/binutils/binutils-2.35.2-o1-objdump,_bfd_elf_slurp_secondary_reloc_section,1
[*] /s; sim-cal:0.01267
[*] Detection Result:V 0.29420970266040686/0.0 37/37,1
[*] Detection for /binaries/target/binutils/binutils-2.36.1-o1-objdump,_bfd_elf_slurp_secondary_reloc_section,1
[*] /s; sim-cal:0.014981
[*] Detection Result:V 0.29420970266040686/0.0 43/43,1
[*] Detection for /binaries/target/binutils/binutils-2.37-o1-objdump,_bfd_elf_slurp_secondary_reloc_section,1
[*] /s; sim-cal:0.016188
[*] Detection Result:V 0.29420970266040686/0.0 46/46,1
------------------------------------------
[*] Detecting CVE: CVE-2021-20294
[*] Detection for /binaries/target/binutils/binutils-2.35.1-o1-readelf,print_dynamic_symbol,-1
[*] /s; sim-cal:1.214844
[*] Detection Result:C can't tell,-1
[*] Detection for /binaries/target/binutils/binutils-2.35-o1-readelf,print_dynamic_symbol,-1
[*] /s; sim-cal:1.247222
[*] Detection Result:C can't tell,-1
[*] Detection for /binaries/target/binutils/binutils-2.35.2-o1-readelf,print_dynamic_symbol,1
[*] /s; sim-cal:1.219478
[*] Detection Result:C can't tell,1
[*] Detection for /binaries/target/binutils/binutils-2.36.1-o1-readelf,print_dynamic_symbol,1
[*] /s; sim-cal:1.226231
[*] Detection Result:C can't tell,1
[*] Detection for /binaries/target/binutils/binutils-2.37-o1-readelf,print_dynamic_symbol,1
[*] /s; sim-cal:0.059206
[*] Detection Result:NA too much diff,1
------------------------------------------
[*] Detecting CVE: CVE-2021-45078
[*] Detection for /binaries/target/binutils/binutils-2.37-o1-objdump,stab_record_type,-1
target function: stab_record_type not found
[*] Detection for /binaries/target/binutils/binutils-2.36.1-o1-objdump,stab_record_type,-1
target function: stab_record_type not found
[*] Detection for /binaries/target/binutils/binutils-2.35.2-o1-objdump,stab_record_type,-1
target function: stab_record_type not found
[*] Detection for /binaries/target/binutils/binutils-2.38-o1-objdump,stab_record_type,1
target function: stab_record_type not found
[*] Detection for /binaries/target/binutils/binutils-2.39-o1-objdump,stab_record_type,1
target function: stab_record_type not found
[*] Detection for /binaries/target/binutils/binutils-2.37-o1-objdump,stab_xcoff_builtin_type,-1
target function: stab_xcoff_builtin_type not found
[*] Detection for /binaries/target/binutils/binutils-2.36.1-o1-objdump,stab_xcoff_builtin_type,-1
target function: stab_xcoff_builtin_type not found
[*] Detection for /binaries/target/binutils/binutils-2.35.2-o1-objdump,stab_xcoff_builtin_type,-1
target function: stab_xcoff_builtin_type not found
[*] Detection for /binaries/target/binutils/binutils-2.38-o1-objdump,stab_xcoff_builtin_type,1
target function: stab_xcoff_builtin_type not found
[*] Detection for /binaries/target/binutils/binutils-2.39-o1-objdump,stab_xcoff_builtin_type,1
target function: stab_xcoff_builtin_type not found
[*] Detection for /binaries/target/binutils/binutils-2.37-o1-objdump,stab_find_type,-1
[*] /s; sim-cal:0.020316
[*] Detection Result:C can't tell,-1
[*] Detection for /binaries/target/binutils/binutils-2.36.1-o1-objdump,stab_find_type,-1
[*] /s; sim-cal:0.007353
[*] Detection Result:C can't tell,-1
[*] Detection for /binaries/target/binutils/binutils-2.35.2-o1-objdump,stab_find_type,-1
[*] /s; sim-cal:0.009772
[*] Detection Result:C can't tell,-1
[*] Detection for /binaries/target/binutils/binutils-2.38-o1-objdump,stab_find_type,1
[*] /s; sim-cal:0.007602
[*] Detection Result:C can't tell,1
[*] Detection for /binaries/target/binutils/binutils-2.39-o1-objdump,stab_find_type,1
[*] /s; sim-cal:0.005446
[*] Detection Result:C can't tell,1
------------------------------------------
[*] Detecting CVE: CVE-2022-38533
[*] Detection for /binaries/target/binutils/binutils-2.39-o1-objdump,rewrite_elf_program_header,-1
target function: rewrite_elf_program_header not found
[*] Detection for /binaries/target/binutils/binutils-2.38-o1-objdump,rewrite_elf_program_header,-1
target function: rewrite_elf_program_header not found
[*] Detection for /binaries/target/binutils/binutils-2.37-o1-objdump,rewrite_elf_program_header,-1
target function: rewrite_elf_program_header not found
[*] Detection for /binaries/target/binutils/binutils-2.41-o1-objdump,rewrite_elf_program_header,1
target function: rewrite_elf_program_header not found
[*] Detection for /binaries/target/binutils/binutils-2.42-o1-objdump,rewrite_elf_program_header,1
target function: rewrite_elf_program_header not found
[*] Detection for /binaries/target/binutils/binutils-2.39-o1-objdump,_bfd_elf_symbol_from_bfd_symbol,-1
[*] /s; sim-cal:1.407682
[*] Detection Result:N VP no diff,-1
[*] Detection for /binaries/target/binutils/binutils-2.38-o1-objdump,_bfd_elf_symbol_from_bfd_symbol,-1
[*] /s; sim-cal:1.440903
[*] Detection Result:N VP no diff,-1
[*] Detection for /binaries/target/binutils/binutils-2.37-o1-objdump,_bfd_elf_symbol_from_bfd_symbol,-1
[*] /s; sim-cal:1.57538
[*] Detection Result:N VP no diff,-1
[*] Detection for /binaries/target/binutils/binutils-2.41-o1-objdump,_bfd_elf_symbol_from_bfd_symbol,1
[*] /s; sim-cal:1.499959
[*] Detection Result:N VP no diff,1
[*] Detection for /binaries/target/binutils/binutils-2.42-o1-objdump,_bfd_elf_symbol_from_bfd_symbol,1
[*] /s; sim-cal:1.458146
[*] Detection Result:N VP no diff,1
------------------------------------------
[*] Detecting CVE: CVE-2023-25586
[*] Detection for /binaries/target/binutils/binutils-2.41-o1-objdump,bfd_init_section_decompress_status,1
[*] /s; sim-cal:0.004716
[*] Detection Result:C can't tell,1
[*] Detection for /binaries/target/binutils/binutils-2.42-o1-objdump,bfd_init_section_decompress_status,1
[*] /s; sim-cal:0.004007
[*] Detection Result:C can't tell,1
[*] Detection for /binaries/target/binutils/binutils-2.43-o1-objdump,bfd_init_section_decompress_status,1
[*] /s; sim-cal:0.003867
[*] Detection Result:C can't tell,1
------------------------------------------
[*] Detecting CVE: CVE-2022-48063
[*] Detection for /binaries/target/binutils/binutils-2.39-o1-objdump,load_specific_debug_section,-1
[*] /s; sim-cal:0.004213
[*] Detection Result:C can't tell,-1
[*] Detection for /binaries/target/binutils/binutils-2.38-o1-objdump,load_specific_debug_section,-1
[*] /s; sim-cal:0.004089
[*] Detection Result:C can't tell,-1
[*] Detection for /binaries/target/binutils/binutils-2.37-o1-objdump,load_specific_debug_section,-1
[*] /s; sim-cal:0.003881
[*] Detection Result:C can't tell,-1
[*] Detection for /binaries/target/binutils/binutils-2.41-o1-objdump,load_specific_debug_section,1
[*] /s; sim-cal:0.004443
[*] Detection Result:C can't tell,1
[*] Detection for /binaries/target/binutils/binutils-2.42-o1-objdump,load_specific_debug_section,1
[*] /s; sim-cal:0.004382
[*] Detection Result:C can't tell,1
------------------------------------------
[*] Detecting CVE: CVE-2022-48064
[*] Detection for /binaries/target/binutils/binutils-2.39-o1-objdump,find_debug_info,-1
[*] /s; sim-cal:0.00351
[*] Detection Result:V 0.7124620060790274/0.0 16/16,-1
[*] Detection for /binaries/target/binutils/binutils-2.38-o1-objdump,find_debug_info,-1
[*] /s; sim-cal:0.006578
[*] Detection Result:V 0.7124620060790274/0.0 16/16,-1
[*] Detection for /binaries/target/binutils/binutils-2.37-o1-objdump,find_debug_info,-1
[*] /s; sim-cal:0.003495
[*] Detection Result:V 0.7124620060790274/0.0 16/16,-1
[*] Detection for /binaries/target/binutils/binutils-2.41-o1-objdump,find_debug_info,1
[*] /s; sim-cal:0.003565
[*] Detection Result:V 0.7124620060790274/0.0 20/20,1
[*] Detection for /binaries/target/binutils/binutils-2.42-o1-objdump,find_debug_info,1
[*] /s; sim-cal:0.006477
[*] Detection Result:V 0.7124620060790274/0.0 20/20,1
------------------------------------------
[*] Detecting CVE: CVE-2022-48065
[*] Detection for /binaries/target/binutils/binutils-2.39-o1-objdump,scan_unit_for_symbols,-1
target function: scan_unit_for_symbols not found
[*] Detection for /binaries/target/binutils/binutils-2.38-o1-objdump,scan_unit_for_symbols,-1
target function: scan_unit_for_symbols not found
[*] Detection for /binaries/target/binutils/binutils-2.37-o1-objdump,scan_unit_for_symbols,-1
target function: scan_unit_for_symbols not found
[*] Detection for /binaries/target/binutils/binutils-2.41-o1-objdump,scan_unit_for_symbols,1
target function: scan_unit_for_symbols not found
[*] Detection for /binaries/target/binutils/binutils-2.42-o1-objdump,scan_unit_for_symbols,1
target function: scan_unit_for_symbols not found
[*] Detection for /binaries/target/binutils/binutils-2.39-o1-objdump,find_abstract_instance,-1
[*] /s; sim-cal:0.145914
[*] Detection Result:V 0.1393853354275805/0.13030374330892897 75/77,-1
[*] Detection for /binaries/target/binutils/binutils-2.38-o1-objdump,find_abstract_instance,-1
[*] /s; sim-cal:0.147806
[*] Detection Result:V 0.1393853354275805/0.13030374330892897 75/77,-1
[*] Detection for /binaries/target/binutils/binutils-2.37-o1-objdump,find_abstract_instance,-1
[*] /s; sim-cal:0.098994
[*] Detection Result:V 0.12985667052181504/0.11258107311320754 78/80,-1
[*] Detection for /binaries/target/binutils/binutils-2.41-o1-objdump,find_abstract_instance,1
[*] /s; sim-cal:4.348257
[*] Detection Result:V 0.10592533535376357/0.1026977776300036 71/71,1
[*] Detection for /binaries/target/binutils/binutils-2.42-o1-objdump,find_abstract_instance,1
[*] /s; sim-cal:4.535233
[*] Detection Result:V 0.10592533535376357/0.1026977776300036 71/71,1
------------------------------------------
[*] Detecting CVE: CVE-2023-1579
[*] Detection for /binaries/target/binutils/binutils-2.39-o1-objdump,read_indexed_address,-1
[*] /s; sim-cal:0.005664
[*] Detection Result:N VP no diff,-1
[*] Detection for /binaries/target/binutils/binutils-2.41-o1-objdump,read_indexed_address,1
[*] /s; sim-cal:0.001477
[*] Detection Result:N VP no diff,1
[*] Detection for /binaries/target/binutils/binutils-2.42-o1-objdump,read_indexed_address,1
[*] /s; sim-cal:0.002112
[*] Detection Result:N VP no diff,1
------------------------------------------
[*] Detecting CVE: CVE-2018-17358
[*] Detection for /binaries/target/binutils/binutils-2.31.1-o1-objdump,_bfd_stab_section_find_nearest_line,-1
[*] /s; sim-cal:3.287969
[*] Detection Result:NA too much diff,-1
[*] Detection for /binaries/target/binutils/binutils-2.41-o1-objdump,_bfd_stab_section_find_nearest_line,1
[*] /s; sim-cal:2.184907
[*] Detection Result:NA too much diff,1
[*] Detection for /binaries/target/binutils/binutils-2.42-o1-objdump,_bfd_stab_section_find_nearest_line,1
[*] /s; sim-cal:1.823231
[*] Detection Result:NA too much diff,1
[*] Detection for /binaries/target/binutils/binutils-2.43-o1-objdump,_bfd_stab_section_find_nearest_line,1
[*] /s; sim-cal:1.743333
[*] Detection Result:NA too much diff,1