Detect o2 Binaries.
------------------------------------------
[*] Detecting CVE: CVE-2014-8484
[*] Detection for /binaries/target/binutils/binutils-2.24-o2-objdump,srec_scan,-1
target function: srec_scan not found
[*] Detection for /binaries/target/binutils/binutils-2.25-o2-objdump,srec_scan,1
target function: srec_scan not found
[*] Detection for /binaries/target/binutils/binutils-2.25.1-o2-objdump,srec_scan,1
target function: srec_scan not found
[*] Detection for /binaries/target/binutils/binutils-2.26-o2-objdump,srec_scan,1
target function: srec_scan not found
------------------------------------------
[*] Detecting CVE: CVE-2014-8485
[*] Detection for /binaries/target/binutils/binutils-2.24-o2-objdump,setup_group,-1
target function: setup_group not found
[*] Detection for /binaries/target/binutils/binutils-2.25-o2-objdump,setup_group,1
target function: setup_group not found
[*] Detection for /binaries/target/binutils/binutils-2.25.1-o2-objdump,setup_group,1
target function: setup_group not found
[*] Detection for /binaries/target/binutils/binutils-2.26-o2-objdump,setup_group,1
target function: setup_group not found
------------------------------------------
[*] Detecting CVE: CVE-2014-8738
[*] Detection for /binaries/target/binutils/binutils-2.24-o2-objdump,_bfd_slurp_extended_name_table,-1
target function: _bfd_slurp_extended_name_table not found
[*] Detection for /binaries/target/binutils/binutils-2.25-o2-objdump,_bfd_slurp_extended_name_table,1
target function: _bfd_slurp_extended_name_table not found
[*] Detection for /binaries/target/binutils/binutils-2.25.1-o2-objdump,_bfd_slurp_extended_name_table,1
target function: _bfd_slurp_extended_name_table not found
[*] Detection for /binaries/target/binutils/binutils-2.26-o2-objdump,_bfd_slurp_extended_name_table,1
target function: _bfd_slurp_extended_name_table not found
------------------------------------------
[*] Detecting CVE: CVE-2017-7299
[*] Detection for /binaries/target/binutils/binutils-2.28-o2-objdump,bfd_elf_final_link,-1
[*] /s; sim-cal:14.970753
[*] Detection Result:NA too much diff,-1
[*] Detection for /binaries/target/binutils/binutils-2.29-o2-objdump,bfd_elf_final_link,1
[*] /s; sim-cal:19.694628
[*] Detection Result:NA too much diff,1
[*] Detection for /binaries/target/binutils/binutils-2.29.1-o2-objdump,bfd_elf_final_link,1
[*] /s; sim-cal:15.553631
[*] Detection Result:NA too much diff,1
[*] Detection for /binaries/target/binutils/binutils-2.30-o2-objdump,bfd_elf_final_link,1
[*] /s; sim-cal:15.634909
[*] Detection Result:NA too much diff,1
------------------------------------------
[*] Detecting CVE: CVE-2017-7303
[*] Detection for /binaries/target/binutils/binutils-2.28-o2-objdump,find_link,-1
[*] /s; sim-cal:1.470918
[*] Detection Result:C can't tell,-1
[*] Detection for /binaries/target/binutils/binutils-2.29-o2-objdump,find_link,1
[*] /s; sim-cal:1.421713
[*] Detection Result:C can't tell,1
[*] Detection for /binaries/target/binutils/binutils-2.29.1-o2-objdump,find_link,1
[*] /s; sim-cal:1.452575
[*] Detection Result:C can't tell,1
[*] Detection for /binaries/target/binutils/binutils-2.30-o2-objdump,find_link,1
[*] /s; sim-cal:1.485423
[*] Detection Result:C can't tell,1
------------------------------------------
[*] Detecting CVE: CVE-2017-7304
[*] Detection for /binaries/target/binutils/binutils-2.28-o2-objdump,copy_special_section_fields,-1
[*] /s; sim-cal:1.460626
[*] Detection Result:C can't tell,-1
[*] Detection for /binaries/target/binutils/binutils-2.29-o2-objdump,copy_special_section_fields,1
[*] /s; sim-cal:1.598363
[*] Detection Result:C can't tell,1
[*] Detection for /binaries/target/binutils/binutils-2.29.1-o2-objdump,copy_special_section_fields,1
[*] /s; sim-cal:1.51864
[*] Detection Result:C can't tell,1
[*] Detection for /binaries/target/binutils/binutils-2.30-o2-objdump,copy_special_section_fields,1
[*] /s; sim-cal:1.364784
[*] Detection Result:C can't tell,1
------------------------------------------
[*] Detecting CVE: CVE-2017-6965
[*] Detection for /binaries/target/binutils/binutils-2.28-o2-readelf,process_syminfo,-1
target function: process_syminfo not found
[*] Detection for /binaries/target/binutils/binutils-2.29-o2-readelf,process_syminfo,1
target function: process_syminfo not found
[*] Detection for /binaries/target/binutils/binutils-2.29.1-o2-readelf,process_syminfo,1
target function: process_syminfo not found
[*] Detection for /binaries/target/binutils/binutils-2.30-o2-readelf,process_syminfo,1
target function: process_syminfo not found
[*] Detection for /binaries/target/binutils/binutils-2.28-o2-readelf,apply_relocations,-1
[*] /s; sim-cal:4.956104
[*] Detection Result:NA too much diff,-1
[*] Detection for /binaries/target/binutils/binutils-2.29-o2-readelf,apply_relocations,1
[*] /s; sim-cal:2.474407
[*] Detection Result:NA too much diff,1
[*] Detection for /binaries/target/binutils/binutils-2.29.1-o2-readelf,apply_relocations,1
[*] /s; sim-cal:2.399864
[*] Detection Result:NA too much diff,1
[*] Detection for /binaries/target/binutils/binutils-2.30-o2-readelf,apply_relocations,1
[*] /s; sim-cal:1.54841
[*] Detection Result:NA too much diff,1
[*] Detection for /binaries/target/binutils/binutils-2.28-o2-readelf,target_specific_reloc_handling,-1
target function: target_specific_reloc_handling not found
[*] Detection for /binaries/target/binutils/binutils-2.29-o2-readelf,target_specific_reloc_handling,1
target function: target_specific_reloc_handling not found
[*] Detection for /binaries/target/binutils/binutils-2.29.1-o2-readelf,target_specific_reloc_handling,1
target function: target_specific_reloc_handling not found
[*] Detection for /binaries/target/binutils/binutils-2.30-o2-readelf,target_specific_reloc_handling,1
target function: target_specific_reloc_handling not found
------------------------------------------
[*] Detecting CVE: CVE-2017-6966
[*] Detection for /binaries/target/binutils/binutils-2.28-o2-readelf,process_syminfo,-1
target function: process_syminfo not found
[*] Detection for /binaries/target/binutils/binutils-2.29-o2-readelf,process_syminfo,1
target function: process_syminfo not found
[*] Detection for /binaries/target/binutils/binutils-2.29.1-o2-readelf,process_syminfo,1
target function: process_syminfo not found
[*] Detection for /binaries/target/binutils/binutils-2.30-o2-readelf,process_syminfo,1
target function: process_syminfo not found
[*] Detection for /binaries/target/binutils/binutils-2.28-o2-readelf,apply_relocations,-1
[*] /s; sim-cal:1.058382
[*] Detection Result:NA too much diff,-1
[*] Detection for /binaries/target/binutils/binutils-2.29-o2-readelf,apply_relocations,1
[*] /s; sim-cal:1.064348
[*] Detection Result:NA too much diff,1
[*] Detection for /binaries/target/binutils/binutils-2.29.1-o2-readelf,apply_relocations,1
[*] /s; sim-cal:1.050322
[*] Detection Result:NA too much diff,1
[*] Detection for /binaries/target/binutils/binutils-2.30-o2-readelf,apply_relocations,1
[*] /s; sim-cal:0.144321
[*] Detection Result:NA too much diff,1
[*] Detection for /binaries/target/binutils/binutils-2.28-o2-readelf,target_specific_reloc_handling,-1
target function: target_specific_reloc_handling not found
[*] Detection for /binaries/target/binutils/binutils-2.29-o2-readelf,target_specific_reloc_handling,1
target function: target_specific_reloc_handling not found
[*] Detection for /binaries/target/binutils/binutils-2.29.1-o2-readelf,target_specific_reloc_handling,1
target function: target_specific_reloc_handling not found
[*] Detection for /binaries/target/binutils/binutils-2.30-o2-readelf,target_specific_reloc_handling,1
target function: target_specific_reloc_handling not found
------------------------------------------
[*] Detecting CVE: CVE-2017-7209
[*] Detection for /binaries/target/binutils/binutils-2.28-o2-readelf,dump_section_as_bytes,-1
[*] /s; sim-cal:1.264483
[*] Detection Result:C can't tell,-1
[*] Detection for /binaries/target/binutils/binutils-2.29-o2-readelf,dump_section_as_bytes,1
[*] /s; sim-cal:1.283571
[*] Detection Result:C can't tell,1
[*] Detection for /binaries/target/binutils/binutils-2.29.1-o2-readelf,dump_section_as_bytes,1
[*] /s; sim-cal:1.127616
[*] Detection Result:C can't tell,1
[*] Detection for /binaries/target/binutils/binutils-2.30-o2-readelf,dump_section_as_bytes,1
[*] /s; sim-cal:1.233519
[*] Detection Result:C can't tell,1
------------------------------------------
[*] Detecting CVE: CVE-2017-6969
[*] Detection for /binaries/target/binutils/binutils-2.28-o2-readelf,process_syminfo,-1
target function: process_syminfo not found
[*] Detection for /binaries/target/binutils/binutils-2.29-o2-readelf,process_syminfo,1
target function: process_syminfo not found
[*] Detection for /binaries/target/binutils/binutils-2.29.1-o2-readelf,process_syminfo,1
target function: process_syminfo not found
[*] Detection for /binaries/target/binutils/binutils-2.30-o2-readelf,process_syminfo,1
target function: process_syminfo not found
[*] Detection for /binaries/target/binutils/binutils-2.28-o2-readelf,target_specific_reloc_handling,-1
target function: target_specific_reloc_handling not found
[*] Detection for /binaries/target/binutils/binutils-2.29-o2-readelf,target_specific_reloc_handling,1
target function: target_specific_reloc_handling not found
[*] Detection for /binaries/target/binutils/binutils-2.29.1-o2-readelf,target_specific_reloc_handling,1
target function: target_specific_reloc_handling not found
[*] Detection for /binaries/target/binutils/binutils-2.30-o2-readelf,target_specific_reloc_handling,1
target function: target_specific_reloc_handling not found
------------------------------------------
[*] Detecting CVE: CVE-2017-7210
[*] Detection for /binaries/target/binutils/binutils-2.28-o2-objdump,parse_number,-1
[*] Detection Result:Sig file not found,-1
[*] Detection for /binaries/target/binutils/binutils-2.29-o2-objdump,parse_number,1
[*] Detection Result:Sig file not found,1
[*] Detection for /binaries/target/binutils/binutils-2.29.1-o2-objdump,parse_number,1
[*] Detection Result:Sig file not found,1
[*] Detection for /binaries/target/binutils/binutils-2.30-o2-objdump,parse_number,1
[*] Detection Result:Sig file not found,1
[*] Detection for /binaries/target/binutils/binutils-2.28-o2-objdump,parse_stab_enum_type,-1
[*] Detection Result:Sig file not found,-1
[*] Detection for /binaries/target/binutils/binutils-2.29-o2-objdump,parse_stab_enum_type,1
[*] Detection Result:Sig file not found,1
[*] Detection for /binaries/target/binutils/binutils-2.29.1-o2-objdump,parse_stab_enum_type,1
[*] Detection Result:Sig file not found,1
[*] Detection for /binaries/target/binutils/binutils-2.30-o2-objdump,parse_stab_enum_type,1
[*] Detection Result:Sig file not found,1
------------------------------------------
[*] Detecting CVE: CVE-2017-9038
[*] Detection for /binaries/target/binutils/binutils-2.28-o2-readelf,get_unwind_section_word,-1
target function: get_unwind_section_word not found
[*] Detection for /binaries/target/binutils/binutils-2.29-o2-readelf,get_unwind_section_word,1
target function: get_unwind_section_word not found
[*] Detection for /binaries/target/binutils/binutils-2.29.1-o2-readelf,get_unwind_section_word,1
target function: get_unwind_section_word not found
[*] Detection for /binaries/target/binutils/binutils-2.30-o2-readelf,get_unwind_section_word,1
target function: get_unwind_section_word not found
------------------------------------------
[*] Detecting CVE: CVE-2017-9039
[*] Detection for /binaries/target/binutils/binutils-2.28-o2-readelf,get_program_headers,-1
target function: get_program_headers not found
[*] Detection for /binaries/target/binutils/binutils-2.29-o2-readelf,get_program_headers,1
target function: get_program_headers not found
[*] Detection for /binaries/target/binutils/binutils-2.29.1-o2-readelf,get_program_headers,1
target function: get_program_headers not found
[*] Detection for /binaries/target/binutils/binutils-2.30-o2-readelf,get_program_headers,1
target function: get_program_headers not found
[*] Detection for /binaries/target/binutils/binutils-2.28-o2-readelf,process_mips_specific,-1
target function: process_mips_specific not found
[*] Detection for /binaries/target/binutils/binutils-2.29-o2-readelf,process_mips_specific,1
[*] /s; sim-cal:1.48386
[*] Detection Result:NA too much diff,1
[*] Detection for /binaries/target/binutils/binutils-2.29.1-o2-readelf,process_mips_specific,1
[*] /s; sim-cal:1.488642
[*] Detection Result:NA too much diff,1
[*] Detection for /binaries/target/binutils/binutils-2.30-o2-readelf,process_mips_specific,1
[*] /s; sim-cal:1.451326
[*] Detection Result:NA too much diff,1
------------------------------------------
[*] Detecting CVE: CVE-2017-9040
[*] Detection for /binaries/target/binutils/binutils-2.28-o2-readelf,print_symbol_for_build_attribute,-1
target function: print_symbol_for_build_attribute not found
[*] Detection for /binaries/target/binutils/binutils-2.29-o2-readelf,print_symbol_for_build_attribute,1
[*] /s; sim-cal:1.262033
[*] Detection Result:C can't tell,1
[*] Detection for /binaries/target/binutils/binutils-2.29.1-o2-readelf,print_symbol_for_build_attribute,1
[*] /s; sim-cal:1.257191
[*] Detection Result:C can't tell,1
[*] Detection for /binaries/target/binutils/binutils-2.30-o2-readelf,print_symbol_for_build_attribute,1
target function: print_symbol_for_build_attribute not found
[*] Detection for /binaries/target/binutils/binutils-2.28-o2-readelf,process_dynamic_section,-1
target function: process_dynamic_section not found
[*] Detection for /binaries/target/binutils/binutils-2.29-o2-readelf,process_dynamic_section,1
target function: process_dynamic_section not found
[*] Detection for /binaries/target/binutils/binutils-2.29.1-o2-readelf,process_dynamic_section,1
target function: process_dynamic_section not found
[*] Detection for /binaries/target/binutils/binutils-2.30-o2-readelf,process_dynamic_section,1
target function: process_dynamic_section not found
[*] Detection for /binaries/target/binutils/binutils-2.28-o2-readelf,print_gnu_build_attribute_name,-1
target function: print_gnu_build_attribute_name not found
[*] Detection for /binaries/target/binutils/binutils-2.29-o2-readelf,print_gnu_build_attribute_name,1
target function: print_gnu_build_attribute_name not found
[*] Detection for /binaries/target/binutils/binutils-2.29.1-o2-readelf,print_gnu_build_attribute_name,1
target function: print_gnu_build_attribute_name not found
[*] Detection for /binaries/target/binutils/binutils-2.30-o2-readelf,print_gnu_build_attribute_name,1
target function: print_gnu_build_attribute_name not found
[*] Detection for /binaries/target/binutils/binutils-2.28-o2-readelf,process_mips_specific,-1
target function: process_mips_specific not found
[*] Detection for /binaries/target/binutils/binutils-2.29-o2-readelf,process_mips_specific,1
[*] /s; sim-cal:0.057862
[*] Detection Result:NA too much diff,1
[*] Detection for /binaries/target/binutils/binutils-2.29.1-o2-readelf,process_mips_specific,1
[*] /s; sim-cal:0.055301
[*] Detection Result:NA too much diff,1
[*] Detection for /binaries/target/binutils/binutils-2.30-o2-readelf,process_mips_specific,1
[*] /s; sim-cal:0.060296
[*] Detection Result:NA too much diff,1
[*] Detection for /binaries/target/binutils/binutils-2.28-o2-readelf,process_arch_specific,-1
target function: process_arch_specific not found
[*] Detection for /binaries/target/binutils/binutils-2.29-o2-readelf,process_arch_specific,1
target function: process_arch_specific not found
[*] Detection for /binaries/target/binutils/binutils-2.29.1-o2-readelf,process_arch_specific,1
target function: process_arch_specific not found
[*] Detection for /binaries/target/binutils/binutils-2.30-o2-readelf,process_arch_specific,1
target function: process_arch_specific not found
------------------------------------------
[*] Detecting CVE: CVE-2017-9043
[*] Detection for /binaries/target/binutils/binutils-2.28-o2-readelf,print_gnu_build_attribute_name,-1
target function: print_gnu_build_attribute_name not found
[*] Detection for /binaries/target/binutils/binutils-2.29-o2-readelf,print_gnu_build_attribute_name,1
target function: print_gnu_build_attribute_name not found
[*] Detection for /binaries/target/binutils/binutils-2.29.1-o2-readelf,print_gnu_build_attribute_name,1
target function: print_gnu_build_attribute_name not found
[*] Detection for /binaries/target/binutils/binutils-2.30-o2-readelf,print_gnu_build_attribute_name,1
target function: print_gnu_build_attribute_name not found
------------------------------------------
[*] Detecting CVE: CVE-2017-8392
[*] Detection for /binaries/target/binutils/binutils-2.28-o2-objdump,_bfd_dwarf2_find_nearest_line,-1
[*] /s; sim-cal:1.61389
[*] Detection Result:NA too much diff,-1
[*] Detection for /binaries/target/binutils/binutils-2.29-o2-objdump,_bfd_dwarf2_find_nearest_line,1
[*] /s; sim-cal:1.617687
[*] Detection Result:NA too much diff,1
[*] Detection for /binaries/target/binutils/binutils-2.29.1-o2-objdump,_bfd_dwarf2_find_nearest_line,1
[*] /s; sim-cal:1.694179
[*] Detection Result:NA too much diff,1
[*] Detection for /binaries/target/binutils/binutils-2.30-o2-objdump,_bfd_dwarf2_find_nearest_line,1
[*] /s; sim-cal:1.649234
[*] Detection Result:NA too much diff,1
------------------------------------------
[*] Detecting CVE: CVE-2017-8394
[*] Detection for /binaries/target/binutils/binutils-2.28-o2-objdump,_bfd_elf_get_synthetic_symtab,-1
[*] /s; sim-cal:1.575877
[*] Detection Result:N VP no diff,-1
[*] Detection for /binaries/target/binutils/binutils-2.29-o2-objdump,_bfd_elf_get_synthetic_symtab,1
[*] /s; sim-cal:1.697123
[*] Detection Result:N VP no diff,1
[*] Detection for /binaries/target/binutils/binutils-2.29.1-o2-objdump,_bfd_elf_get_synthetic_symtab,1
[*] /s; sim-cal:1.393753
[*] Detection Result:N VP no diff,1
[*] Detection for /binaries/target/binutils/binutils-2.30-o2-objdump,_bfd_elf_get_synthetic_symtab,1
[*] /s; sim-cal:1.510968
[*] Detection Result:N VP no diff,1
------------------------------------------
[*] Detecting CVE: CVE-2017-8395
[*] Detection for /binaries/target/binutils/binutils-2.28-o2-objdump,bfd_init_section_compress_status,-1
[*] /s; sim-cal:1.353665
[*] Detection Result:C can't tell,-1
[*] Detection for /binaries/target/binutils/binutils-2.29-o2-objdump,bfd_init_section_compress_status,1
[*] /s; sim-cal:1.501183
[*] Detection Result:C can't tell,1
[*] Detection for /binaries/target/binutils/binutils-2.29.1-o2-objdump,bfd_init_section_compress_status,1
[*] /s; sim-cal:1.350344
[*] Detection Result:C can't tell,1
[*] Detection for /binaries/target/binutils/binutils-2.30-o2-objdump,bfd_init_section_compress_status,1
[*] /s; sim-cal:1.362724
[*] Detection Result:C can't tell,1
------------------------------------------
[*] Detecting CVE: CVE-2017-8397
[*] Detection for /binaries/target/binutils/binutils-2.28-o2-objdump,bfd_perform_relocation,-1
[*] /s; sim-cal:5.492721
[*] Detection Result:C can't tell,-1
[*] Detection for /binaries/target/binutils/binutils-2.29-o2-objdump,bfd_perform_relocation,1
[*] /s; sim-cal:3.795663
[*] Detection Result:C can't tell,1
[*] Detection for /binaries/target/binutils/binutils-2.29.1-o2-objdump,bfd_perform_relocation,1
[*] /s; sim-cal:3.739863
[*] Detection Result:C can't tell,1
[*] Detection for /binaries/target/binutils/binutils-2.30-o2-objdump,bfd_perform_relocation,1
[*] /s; sim-cal:4.610103
[*] Detection Result:C can't tell,1
------------------------------------------
[*] Detecting CVE: CVE-2017-8398
[*] Detection for /binaries/target/binutils/binutils-2.28-o2-objdump,process_extended_line_op,-1
[*] /s; sim-cal:1.873747
[*] Detection Result:C can't tell,-1
[*] Detection for /binaries/target/binutils/binutils-2.29-o2-objdump,process_extended_line_op,1
[*] /s; sim-cal:1.493926
[*] Detection Result:C can't tell,1
[*] Detection for /binaries/target/binutils/binutils-2.29.1-o2-objdump,process_extended_line_op,1
[*] /s; sim-cal:1.381571
[*] Detection Result:C can't tell,1
[*] Detection for /binaries/target/binutils/binutils-2.30-o2-objdump,process_extended_line_op,1
[*] /s; sim-cal:1.700155
[*] Detection Result:C can't tell,1
[*] Detection for /binaries/target/binutils/binutils-2.28-o2-objdump,fetch_indexed_string,-1
target function: fetch_indexed_string not found
[*] Detection for /binaries/target/binutils/binutils-2.29-o2-objdump,fetch_indexed_string,1
target function: fetch_indexed_string not found
[*] Detection for /binaries/target/binutils/binutils-2.29.1-o2-objdump,fetch_indexed_string,1
target function: fetch_indexed_string not found
[*] Detection for /binaries/target/binutils/binutils-2.30-o2-objdump,fetch_indexed_string,1
[*] /s; sim-cal:1.522949
[*] Detection Result:C can't tell,1
------------------------------------------
[*] Detecting CVE: CVE-2017-8396
[*] Detection for /binaries/target/binutils/binutils-2.28-o2-objdump,_bfd_final_link_relocate,-1
[*] /s; sim-cal:1.560529
[*] Detection Result:C can't tell,-1
[*] Detection for /binaries/target/binutils/binutils-2.29-o2-objdump,_bfd_final_link_relocate,1
[*] /s; sim-cal:1.478255
[*] Detection Result:C can't tell,1
[*] Detection for /binaries/target/binutils/binutils-2.29.1-o2-objdump,_bfd_final_link_relocate,1
[*] /s; sim-cal:1.784891
[*] Detection Result:C can't tell,1
[*] Detection for /binaries/target/binutils/binutils-2.30-o2-objdump,_bfd_final_link_relocate,1
[*] /s; sim-cal:1.446685
[*] Detection Result:C can't tell,1
[*] Detection for /binaries/target/binutils/binutils-2.28-o2-objdump,bfd_check_overflow,-1
[*] /s; sim-cal:1.357835
[*] Detection Result:N VP no diff,-1
[*] Detection for /binaries/target/binutils/binutils-2.29-o2-objdump,bfd_check_overflow,1
[*] /s; sim-cal:1.412731
[*] Detection Result:N VP no diff,1
[*] Detection for /binaries/target/binutils/binutils-2.29.1-o2-objdump,bfd_check_overflow,1
[*] /s; sim-cal:1.397855
[*] Detection Result:N VP no diff,1
[*] Detection for /binaries/target/binutils/binutils-2.30-o2-objdump,bfd_check_overflow,1
[*] /s; sim-cal:2.110007
[*] Detection Result:N VP no diff,1
[*] Detection for /binaries/target/binutils/binutils-2.28-o2-objdump,bfd_perform_relocation,-1
[*] /s; sim-cal:1.598005
[*] Detection Result:C can't tell,-1
[*] Detection for /binaries/target/binutils/binutils-2.29-o2-objdump,bfd_perform_relocation,1
[*] /s; sim-cal:1.150095
[*] Detection Result:C can't tell,1
[*] Detection for /binaries/target/binutils/binutils-2.29.1-o2-objdump,bfd_perform_relocation,1
[*] /s; sim-cal:1.288899
[*] Detection Result:C can't tell,1
[*] Detection for /binaries/target/binutils/binutils-2.30-o2-objdump,bfd_perform_relocation,1
[*] /s; sim-cal:2.078423
[*] Detection Result:C can't tell,1
[*] Detection for /binaries/target/binutils/binutils-2.28-o2-objdump,bfd_install_relocation,-1
[*] /s; sim-cal:1.551317
[*] Detection Result:C can't tell,-1
[*] Detection for /binaries/target/binutils/binutils-2.29-o2-objdump,bfd_install_relocation,1
[*] /s; sim-cal:1.640706
[*] Detection Result:C can't tell,1
[*] Detection for /binaries/target/binutils/binutils-2.29.1-o2-objdump,bfd_install_relocation,1
[*] /s; sim-cal:1.470001
[*] Detection Result:C can't tell,1
[*] Detection for /binaries/target/binutils/binutils-2.30-o2-objdump,bfd_install_relocation,1
[*] /s; sim-cal:1.534902
[*] Detection Result:C can't tell,1
------------------------------------------
[*] Detecting CVE: CVE-2017-8421
[*] Detection for /binaries/target/binutils/binutils-2.28-o2-objdump,dump_relocs_in_section,-1
[*] /s; sim-cal:1.457122
[*] Detection Result:V 0.4240013328029322/0.0 24/24,-1
[*] Detection for /binaries/target/binutils/binutils-2.29-o2-objdump,dump_relocs_in_section,1
[*] /s; sim-cal:1.46382
[*] Detection Result:V 0.4240013328029322/0.0 27/27,1
[*] Detection for /binaries/target/binutils/binutils-2.29.1-o2-objdump,dump_relocs_in_section,1
[*] /s; sim-cal:1.386202
[*] Detection Result:V 0.4240013328029322/0.0 27/27,1
[*] Detection for /binaries/target/binutils/binutils-2.30-o2-objdump,dump_relocs_in_section,1
[*] /s; sim-cal:1.504002
[*] Detection Result:V 0.4240013328029322/0.0 28/28,1
------------------------------------------
[*] Detecting CVE: CVE-2017-9954
[*] Detection for /binaries/target/binutils/binutils-2.28-o2-objdump,pass_over,-1
target function: pass_over not found
[*] Detection for /binaries/target/binutils/binutils-2.29-o2-objdump,pass_over,1
target function: pass_over not found
[*] Detection for /binaries/target/binutils/binutils-2.29.1-o2-objdump,pass_over,1
target function: pass_over not found
[*] Detection for /binaries/target/binutils/binutils-2.30-o2-objdump,pass_over,1
target function: pass_over not found
[*] Detection for /binaries/target/binutils/binutils-2.28-o2-objdump,getvalue,-1
[*] /s; sim-cal:1.382699
[*] Detection Result:C can't tell,-1
[*] Detection for /binaries/target/binutils/binutils-2.29-o2-objdump,getvalue,1
[*] /s; sim-cal:1.511731
[*] Detection Result:C can't tell,1
[*] Detection for /binaries/target/binutils/binutils-2.29.1-o2-objdump,getvalue,1
[*] /s; sim-cal:1.419743
[*] Detection Result:C can't tell,1
[*] Detection for /binaries/target/binutils/binutils-2.30-o2-objdump,getvalue,1
[*] /s; sim-cal:1.402349
[*] Detection Result:C can't tell,1
------------------------------------------
[*] Detecting CVE: CVE-2017-9955
[*] Detection for /binaries/target/binutils/binutils-2.28-o2-objdump,_bfd_generic_get_section_contents,-1
[*] /s; sim-cal:1.364471
[*] Detection Result:C can't tell,-1
[*] Detection for /binaries/target/binutils/binutils-2.29-o2-objdump,_bfd_generic_get_section_contents,1
[*] /s; sim-cal:1.671405
[*] Detection Result:C can't tell,1
[*] Detection for /binaries/target/binutils/binutils-2.29.1-o2-objdump,_bfd_generic_get_section_contents,1
[*] /s; sim-cal:1.537513
[*] Detection Result:C can't tell,1
[*] Detection for /binaries/target/binutils/binutils-2.30-o2-objdump,_bfd_generic_get_section_contents,1
[*] /s; sim-cal:1.62025
[*] Detection Result:C can't tell,1
[*] Detection for /binaries/target/binutils/binutils-2.28-o2-objdump,bfd_get_full_section_contents,-1
[*] /s; sim-cal:1.325086
[*] Detection Result:C can't tell,-1
[*] Detection for /binaries/target/binutils/binutils-2.29-o2-objdump,bfd_get_full_section_contents,1
[*] /s; sim-cal:1.519853
[*] Detection Result:C can't tell,1
[*] Detection for /binaries/target/binutils/binutils-2.29.1-o2-objdump,bfd_get_full_section_contents,1
[*] /s; sim-cal:1.422952
[*] Detection Result:C can't tell,1
[*] Detection for /binaries/target/binutils/binutils-2.30-o2-objdump,bfd_get_full_section_contents,1
[*] /s; sim-cal:1.446074
[*] Detection Result:C can't tell,1
------------------------------------------
[*] Detecting CVE: CVE-2017-13710
[*] Detection for /binaries/target/binutils/binutils-2.29-o2-objdump,setup_group,-1
target function: setup_group not found
[*] Detection for /binaries/target/binutils/binutils-2.29.1-o2-objdump,setup_group,1
target function: setup_group not found
[*] Detection for /binaries/target/binutils/binutils-2.30-o2-objdump,setup_group,1
target function: setup_group not found
[*] Detection for /binaries/target/binutils/binutils-2.31-o2-objdump,setup_group,1
target function: setup_group not found
------------------------------------------
[*] Detecting CVE: CVE-2017-12967
[*] Detection for /binaries/target/binutils/binutils-2.29-o2-objdump,getsym,-1
[*] /s; sim-cal:1.369352
[*] Detection Result:C can't tell,-1
[*] Detection for /binaries/target/binutils/binutils-2.29.1-o2-objdump,getsym,1
[*] /s; sim-cal:1.447055
[*] Detection Result:C can't tell,1
[*] Detection for /binaries/target/binutils/binutils-2.30-o2-objdump,getsym,1
[*] /s; sim-cal:1.337884
[*] Detection Result:C can't tell,1
[*] Detection for /binaries/target/binutils/binutils-2.31-o2-objdump,getsym,1
[*] /s; sim-cal:1.394476
[*] Detection Result:C can't tell,1
------------------------------------------
[*] Detecting CVE: CVE-2017-13757
[*] Detection for /binaries/target/binutils/binutils-2.29-o2-objdump,elf_x86_64_get_synthetic_symtab,-1
[*] /s; sim-cal:2.901736
[*] Detection Result:NA too much diff,-1
[*] Detection for /binaries/target/binutils/binutils-2.29.1-o2-objdump,elf_x86_64_get_synthetic_symtab,1
[*] /s; sim-cal:6.623999
[*] Detection Result:NA too much diff,1
[*] Detection for /binaries/target/binutils/binutils-2.30-o2-objdump,elf_x86_64_get_synthetic_symtab,1
[*] /s; sim-cal:1.760632
[*] Detection Result:NA too much diff,1
[*] Detection for /binaries/target/binutils/binutils-2.31-o2-objdump,elf_x86_64_get_synthetic_symtab,1
[*] /s; sim-cal:1.564137
[*] Detection Result:NA too much diff,1
[*] Detection for /binaries/target/binutils/binutils-2.29-o2-objdump,elf_i386_get_synthetic_symtab,-1
[*] /s; sim-cal:3.244729
[*] Detection Result:NA too much diff,-1
[*] Detection for /binaries/target/binutils/binutils-2.29.1-o2-objdump,elf_i386_get_synthetic_symtab,1
[*] /s; sim-cal:1.952654
[*] Detection Result:NA too much diff,1
[*] Detection for /binaries/target/binutils/binutils-2.30-o2-objdump,elf_i386_get_synthetic_symtab,1
[*] /s; sim-cal:1.600692
[*] Detection Result:NA too much diff,1
[*] Detection for /binaries/target/binutils/binutils-2.31-o2-objdump,elf_i386_get_synthetic_symtab,1
[*] /s; sim-cal:1.472612
[*] Detection Result:NA too much diff,1
------------------------------------------
[*] Detecting CVE: CVE-2017-14129
[*] Detection for /binaries/target/binutils/binutils-2.29-o2-objdump,read_section,-1
[*] /s; sim-cal:1.604984
[*] Detection Result:C can't tell,-1
[*] Detection for /binaries/target/binutils/binutils-2.29.1-o2-objdump,read_section,1
[*] /s; sim-cal:1.415624
[*] Detection Result:P 0.1362626319884979/0.14595357911296938 27/27,1
[*] Detection for /binaries/target/binutils/binutils-2.30-o2-objdump,read_section,1
[*] /s; sim-cal:1.399749
[*] Detection Result:C can't tell,1
[*] Detection for /binaries/target/binutils/binutils-2.31-o2-objdump,read_section,1
[*] /s; sim-cal:1.454151
[*] Detection Result:C can't tell,1
------------------------------------------
[*] Detecting CVE: CVE-2017-12799
[*] Detection for /binaries/target/binutils/binutils-2.29-o2-objdump,elf_read_notes,-1
target function: elf_read_notes not found
[*] Detection for /binaries/target/binutils/binutils-2.29.1-o2-objdump,elf_read_notes,1
target function: elf_read_notes not found
[*] Detection for /binaries/target/binutils/binutils-2.30-o2-objdump,elf_read_notes,1
target function: elf_read_notes not found
[*] Detection for /binaries/target/binutils/binutils-2.31-o2-objdump,elf_read_notes,1
target function: elf_read_notes not found
------------------------------------------
[*] Detecting CVE: CVE-2017-14128
[*] Detection for /binaries/target/binutils/binutils-2.29-o2-objdump,decode_line_info,-1
[*] /s; sim-cal:1.829333
[*] Detection Result:NA too much diff,-1
[*] Detection for /binaries/target/binutils/binutils-2.29.1-o2-objdump,decode_line_info,1
[*] /s; sim-cal:1.552234
[*] Detection Result:NA too much diff,1
[*] Detection for /binaries/target/binutils/binutils-2.30-o2-objdump,decode_line_info,1
[*] /s; sim-cal:1.629534
[*] Detection Result:NA too much diff,1
[*] Detection for /binaries/target/binutils/binutils-2.31-o2-objdump,decode_line_info,1
[*] /s; sim-cal:1.558261
[*] Detection Result:NA too much diff,1
------------------------------------------
[*] Detecting CVE: CVE-2017-14130
[*] Detection for /binaries/target/binutils/binutils-2.29-o2-objdump,_bfd_elf_parse_attributes,-1
[*] /s; sim-cal:1.432643
[*] Detection Result:C can't tell,-1
[*] Detection for /binaries/target/binutils/binutils-2.29.1-o2-objdump,_bfd_elf_parse_attributes,1
[*] /s; sim-cal:1.41349
[*] Detection Result:C can't tell,1
[*] Detection for /binaries/target/binutils/binutils-2.30-o2-objdump,_bfd_elf_parse_attributes,1
[*] /s; sim-cal:1.52108
[*] Detection Result:C can't tell,1
[*] Detection for /binaries/target/binutils/binutils-2.31-o2-objdump,_bfd_elf_parse_attributes,1
[*] /s; sim-cal:1.651631
[*] Detection Result:C can't tell,1
------------------------------------------
[*] Detecting CVE: CVE-2017-12448
[*] Detection for /binaries/target/binutils/binutils-2.29-o2-objdump,bfd_generic_archive_p,-1
[*] /s; sim-cal:1.364842
[*] Detection Result:V 0.24935064935064932/0.0 23/23,-1
[*] Detection for /binaries/target/binutils/binutils-2.28-o2-objdump,bfd_generic_archive_p,-1
[*] /s; sim-cal:1.377997
[*] Detection Result:V 0.24935064935064932/0.0 23/23,-1
[*] Detection for /binaries/target/binutils/binutils-2.27-o2-objdump,bfd_generic_archive_p,-1
target function: bfd_generic_archive_p not found
[*] Detection for /binaries/target/binutils/binutils-2.29.1-o2-objdump,bfd_generic_archive_p,1
[*] /s; sim-cal:1.410752
[*] Detection Result:V 0.24935064935064932/0.0 25/25,1
[*] Detection for /binaries/target/binutils/binutils-2.30-o2-objdump,bfd_generic_archive_p,1
[*] /s; sim-cal:1.487041
[*] Detection Result:V 0.24935064935064932/0.0 25/25,1
[*] Detection for /binaries/target/binutils/binutils-2.31-o2-objdump,bfd_generic_archive_p,1
[*] /s; sim-cal:1.429775
[*] Detection Result:V 0.24935064935064932/0.0 24/24,1
------------------------------------------
[*] Detecting CVE: CVE-2017-14529
[*] Detection for /binaries/target/binutils/binutils-2.29-o2-objdump,pe_print_idata,-1
target function: pe_print_idata not found
[*] Detection for /binaries/target/binutils/binutils-2.29.1-o2-objdump,pe_print_idata,1
target function: pe_print_idata not found
[*] Detection for /binaries/target/binutils/binutils-2.30-o2-objdump,pe_print_idata,1
target function: pe_print_idata not found
[*] Detection for /binaries/target/binutils/binutils-2.31-o2-objdump,pe_print_idata,1
target function: pe_print_idata not found
------------------------------------------
[*] Detecting CVE: CVE-2017-14745
[*] Detection for /binaries/target/binutils/binutils-2.29-o2-objdump,_bfd_x86_elf_get_synthetic_symtab,-1
target function: _bfd_x86_elf_get_synthetic_symtab not found
[*] Detection for /binaries/target/binutils/binutils-2.29.1-o2-objdump,_bfd_x86_elf_get_synthetic_symtab,1
target function: _bfd_x86_elf_get_synthetic_symtab not found
[*] Detection for /binaries/target/binutils/binutils-2.30-o2-objdump,_bfd_x86_elf_get_synthetic_symtab,1
[*] /s; sim-cal:1.526801
[*] Detection Result:C can't tell,1
[*] Detection for /binaries/target/binutils/binutils-2.31-o2-objdump,_bfd_x86_elf_get_synthetic_symtab,1
[*] /s; sim-cal:1.366428
[*] Detection Result:C can't tell,1
------------------------------------------
[*] Detecting CVE: CVE-2017-14729
[*] Detection for /binaries/target/binutils/binutils-2.29-o2-objdump,elf_x86_64_get_synthetic_symtab,-1
[*] /s; sim-cal:3.930056
[*] Detection Result:NA too much diff,-1
[*] Detection for /binaries/target/binutils/binutils-2.29.1-o2-objdump,elf_x86_64_get_synthetic_symtab,1
[*] /s; sim-cal:11.637311
[*] Detection Result:NA too much diff,1
[*] Detection for /binaries/target/binutils/binutils-2.30-o2-objdump,elf_x86_64_get_synthetic_symtab,1
[*] /s; sim-cal:0.334615
[*] Detection Result:NA too much diff,1
[*] Detection for /binaries/target/binutils/binutils-2.31-o2-objdump,elf_x86_64_get_synthetic_symtab,1
[*] /s; sim-cal:0.334935
[*] Detection Result:NA too much diff,1
[*] Detection for /binaries/target/binutils/binutils-2.29-o2-objdump,elf_i386_get_synthetic_symtab,-1
[*] /s; sim-cal:1.874568
[*] Detection Result:NA too much diff,-1
[*] Detection for /binaries/target/binutils/binutils-2.29.1-o2-objdump,elf_i386_get_synthetic_symtab,1
[*] /s; sim-cal:0.052508
[*] Detection Result:NA too much diff,1
[*] Detection for /binaries/target/binutils/binutils-2.30-o2-objdump,elf_i386_get_synthetic_symtab,1
[*] /s; sim-cal:0.056273
[*] Detection Result:NA too much diff,1
[*] Detection for /binaries/target/binutils/binutils-2.31-o2-objdump,elf_i386_get_synthetic_symtab,1
[*] /s; sim-cal:0.056122
[*] Detection Result:NA too much diff,1
------------------------------------------
[*] Detecting CVE: CVE-2017-14974
[*] Detection for /binaries/target/binutils/binutils-2.29-o2-objdump,elf_x86_64_get_synthetic_symtab,-1
[*] /s; sim-cal:1.408298
[*] Detection Result:NA too much diff,-1
[*] Detection for /binaries/target/binutils/binutils-2.29.1-o2-objdump,elf_x86_64_get_synthetic_symtab,1
[*] /s; sim-cal:3.767788
[*] Detection Result:NA too much diff,1
[*] Detection for /binaries/target/binutils/binutils-2.30-o2-objdump,elf_x86_64_get_synthetic_symtab,1
[*] /s; sim-cal:0.018498
[*] Detection Result:NA too much diff,1
[*] Detection for /binaries/target/binutils/binutils-2.31-o2-objdump,elf_x86_64_get_synthetic_symtab,1
[*] /s; sim-cal:0.01804
[*] Detection Result:NA too much diff,1
[*] Detection for /binaries/target/binutils/binutils-2.29-o2-objdump,elf_i386_get_synthetic_symtab,-1
[*] /s; sim-cal:0.855413
[*] Detection Result:NA too much diff,-1
[*] Detection for /binaries/target/binutils/binutils-2.29.1-o2-objdump,elf_i386_get_synthetic_symtab,1
[*] /s; sim-cal:0.062925
[*] Detection Result:NA too much diff,1
[*] Detection for /binaries/target/binutils/binutils-2.30-o2-objdump,elf_i386_get_synthetic_symtab,1
[*] /s; sim-cal:0.012303
[*] Detection Result:NA too much diff,1
[*] Detection for /binaries/target/binutils/binutils-2.31-o2-objdump,elf_i386_get_synthetic_symtab,1
[*] /s; sim-cal:0.011792
[*] Detection Result:NA too much diff,1
------------------------------------------
[*] Detecting CVE: CVE-2017-14930
[*] Detection for /binaries/target/binutils/binutils-2.29-o2-objdump,decode_line_info,-1
[*] /s; sim-cal:0.025954
[*] Detection Result:NA too much diff,-1
[*] Detection for /binaries/target/binutils/binutils-2.29.1-o2-objdump,decode_line_info,1
[*] /s; sim-cal:0.026064
[*] Detection Result:NA too much diff,1
[*] Detection for /binaries/target/binutils/binutils-2.30-o2-objdump,decode_line_info,1
[*] /s; sim-cal:0.027839
[*] Detection Result:NA too much diff,1
[*] Detection for /binaries/target/binutils/binutils-2.31-o2-objdump,decode_line_info,1
[*] /s; sim-cal:0.026404
[*] Detection Result:NA too much diff,1
------------------------------------------
[*] Detecting CVE: CVE-2017-14938
[*] Detection for /binaries/target/binutils/binutils-2.29-o2-objdump,_bfd_elf_slurp_version_tables,-1
[*] /s; sim-cal:1.640859
[*] Detection Result:NA too much diff,-1
[*] Detection for /binaries/target/binutils/binutils-2.29.1-o2-objdump,_bfd_elf_slurp_version_tables,1
[*] /s; sim-cal:1.540807
[*] Detection Result:NA too much diff,1
[*] Detection for /binaries/target/binutils/binutils-2.30-o2-objdump,_bfd_elf_slurp_version_tables,1
[*] /s; sim-cal:1.541342
[*] Detection Result:NA too much diff,1
[*] Detection for /binaries/target/binutils/binutils-2.31-o2-objdump,_bfd_elf_slurp_version_tables,1
[*] /s; sim-cal:1.656997
[*] Detection Result:NA too much diff,1
------------------------------------------
[*] Detecting CVE: CVE-2017-14939
[*] Detection for /binaries/target/binutils/binutils-2.29-o2-objdump,decode_line_info,-1
[*] /s; sim-cal:0.027395
[*] Detection Result:NA too much diff,-1
[*] Detection for /binaries/target/binutils/binutils-2.29.1-o2-objdump,decode_line_info,1
[*] /s; sim-cal:0.025504
[*] Detection Result:NA too much diff,1
[*] Detection for /binaries/target/binutils/binutils-2.30-o2-objdump,decode_line_info,1
[*] /s; sim-cal:0.027691
[*] Detection Result:NA too much diff,1
[*] Detection for /binaries/target/binutils/binutils-2.31-o2-objdump,decode_line_info,1
[*] /s; sim-cal:0.025245
[*] Detection Result:NA too much diff,1
------------------------------------------
[*] Detecting CVE: CVE-2017-14940
[*] Detection for /binaries/target/binutils/binutils-2.29-o2-objdump,scan_unit_for_symbols,-1
[*] /s; sim-cal:1.586573
[*] Detection Result:NA too much diff,-1
[*] Detection for /binaries/target/binutils/binutils-2.29.1-o2-objdump,scan_unit_for_symbols,1
[*] /s; sim-cal:1.440856
[*] Detection Result:NA too much diff,1
[*] Detection for /binaries/target/binutils/binutils-2.30-o2-objdump,scan_unit_for_symbols,1
[*] /s; sim-cal:1.542171
[*] Detection Result:NA too much diff,1
[*] Detection for /binaries/target/binutils/binutils-2.31-o2-objdump,scan_unit_for_symbols,1
[*] /s; sim-cal:1.609611
[*] Detection Result:NA too much diff,1
------------------------------------------
[*] Detecting CVE: CVE-2017-15021
[*] Detection for /binaries/target/binutils/binutils-2.29-o2-objdump,bfd_get_debug_link_info_1,-1
[*] /s; sim-cal:1.434726
[*] Detection Result:C can't tell,-1
[*] Detection for /binaries/target/binutils/binutils-2.29.1-o2-objdump,bfd_get_debug_link_info_1,1
[*] /s; sim-cal:1.430353
[*] Detection Result:C can't tell,1
[*] Detection for /binaries/target/binutils/binutils-2.30-o2-objdump,bfd_get_debug_link_info_1,1
[*] /s; sim-cal:1.410829
[*] Detection Result:C can't tell,1
[*] Detection for /binaries/target/binutils/binutils-2.31-o2-objdump,bfd_get_debug_link_info_1,1
[*] /s; sim-cal:1.405146
[*] Detection Result:C can't tell,1
------------------------------------------
[*] Detecting CVE: CVE-2017-15024
[*] Detection for /binaries/target/binutils/binutils-2.29-o2-objdump,scan_unit_for_symbols,-1
[*] /s; sim-cal:0.015845
[*] Detection Result:NA too much diff,-1
[*] Detection for /binaries/target/binutils/binutils-2.29.1-o2-objdump,scan_unit_for_symbols,1
[*] /s; sim-cal:0.015385
[*] Detection Result:NA too much diff,1
[*] Detection for /binaries/target/binutils/binutils-2.30-o2-objdump,scan_unit_for_symbols,1
[*] /s; sim-cal:0.016404
[*] Detection Result:NA too much diff,1
[*] Detection for /binaries/target/binutils/binutils-2.31-o2-objdump,scan_unit_for_symbols,1
[*] /s; sim-cal:0.015162
[*] Detection Result:NA too much diff,1
[*] Detection for /binaries/target/binutils/binutils-2.29-o2-objdump,find_abstract_instance_name,-1
target function: find_abstract_instance_name not found
[*] Detection for /binaries/target/binutils/binutils-2.29.1-o2-objdump,find_abstract_instance_name,1
target function: find_abstract_instance_name not found
[*] Detection for /binaries/target/binutils/binutils-2.30-o2-objdump,find_abstract_instance_name,1
target function: find_abstract_instance_name not found
[*] Detection for /binaries/target/binutils/binutils-2.31-o2-objdump,find_abstract_instance_name,1
target function: find_abstract_instance_name not found
[*] Detection for /binaries/target/binutils/binutils-2.29-o2-objdump,lookup_symbol_in_variable_table,-1
target function: lookup_symbol_in_variable_table not found
[*] Detection for /binaries/target/binutils/binutils-2.29.1-o2-objdump,lookup_symbol_in_variable_table,1
target function: lookup_symbol_in_variable_table not found
[*] Detection for /binaries/target/binutils/binutils-2.30-o2-objdump,lookup_symbol_in_variable_table,1
target function: lookup_symbol_in_variable_table not found
[*] Detection for /binaries/target/binutils/binutils-2.31-o2-objdump,lookup_symbol_in_variable_table,1
target function: lookup_symbol_in_variable_table not found
------------------------------------------
[*] Detecting CVE: CVE-2017-15025
[*] Detection for /binaries/target/binutils/binutils-2.29-o2-objdump,decode_line_info,-1
[*] /s; sim-cal:0.026465
[*] Detection Result:NA too much diff,-1
[*] Detection for /binaries/target/binutils/binutils-2.29.1-o2-objdump,decode_line_info,1
[*] /s; sim-cal:0.025357
[*] Detection Result:NA too much diff,1
[*] Detection for /binaries/target/binutils/binutils-2.30-o2-objdump,decode_line_info,1
[*] /s; sim-cal:0.03834
[*] Detection Result:NA too much diff,1
[*] Detection for /binaries/target/binutils/binutils-2.31-o2-objdump,decode_line_info,1
[*] /s; sim-cal:0.02707
[*] Detection Result:NA too much diff,1
------------------------------------------
[*] Detecting CVE: CVE-2017-15020
[*] Detection for /binaries/target/binutils/binutils-2.29-o2-objdump,parse_line_table,-1
target function: parse_line_table not found
[*] Detection for /binaries/target/binutils/binutils-2.30-o2-objdump,parse_line_table,1
target function: parse_line_table not found
[*] Detection for /binaries/target/binutils/binutils-2.31-o2-objdump,parse_line_table,1
target function: parse_line_table not found
[*] Detection for /binaries/target/binutils/binutils-2.31.1-o2-objdump,parse_line_table,1
target function: parse_line_table not found
[*] Detection for /binaries/target/binutils/binutils-2.29-o2-objdump,parse_die,-1
[*] /s; sim-cal:1.466058
[*] Detection Result:C can't tell,-1
[*] Detection for /binaries/target/binutils/binutils-2.30-o2-objdump,parse_die,1
[*] /s; sim-cal:1.543029
[*] Detection Result:C can't tell,1
[*] Detection for /binaries/target/binutils/binutils-2.31-o2-objdump,parse_die,1
[*] /s; sim-cal:1.423252
[*] Detection Result:C can't tell,1
[*] Detection for /binaries/target/binutils/binutils-2.31.1-o2-objdump,parse_die,1
[*] /s; sim-cal:1.469684
[*] Detection Result:C can't tell,1
------------------------------------------
[*] Detecting CVE: CVE-2017-15022
[*] Detection for /binaries/target/binutils/binutils-2.29-o2-objdump,scan_unit_for_symbols,-1
[*] /s; sim-cal:0.014802
[*] Detection Result:NA too much diff,-1
[*] Detection for /binaries/target/binutils/binutils-2.30-o2-objdump,scan_unit_for_symbols,1
[*] /s; sim-cal:0.015563
[*] Detection Result:NA too much diff,1
[*] Detection for /binaries/target/binutils/binutils-2.31-o2-objdump,scan_unit_for_symbols,1
[*] /s; sim-cal:0.019416
[*] Detection Result:NA too much diff,1
[*] Detection for /binaries/target/binutils/binutils-2.31.1-o2-objdump,scan_unit_for_symbols,1
[*] /s; sim-cal:1.42841
[*] Detection Result:NA too much diff,1
[*] Detection for /binaries/target/binutils/binutils-2.29-o2-objdump,parse_comp_unit,-1
target function: parse_comp_unit not found
[*] Detection for /binaries/target/binutils/binutils-2.30-o2-objdump,parse_comp_unit,1
target function: parse_comp_unit not found
[*] Detection for /binaries/target/binutils/binutils-2.31-o2-objdump,parse_comp_unit,1
target function: parse_comp_unit not found
[*] Detection for /binaries/target/binutils/binutils-2.31.1-o2-objdump,parse_comp_unit,1
target function: parse_comp_unit not found
------------------------------------------
[*] Detecting CVE: CVE-2017-15023
[*] Detection for /binaries/target/binutils/binutils-2.29-o2-objdump,read_formatted_entries,-1
[*] /s; sim-cal:1.546121
[*] Detection Result:C can't tell,-1
[*] Detection for /binaries/target/binutils/binutils-2.30-o2-objdump,read_formatted_entries,1
[*] /s; sim-cal:1.391282
[*] Detection Result:C can't tell,1
[*] Detection for /binaries/target/binutils/binutils-2.31-o2-objdump,read_formatted_entries,1
[*] /s; sim-cal:1.472516
[*] Detection Result:C can't tell,1
[*] Detection for /binaries/target/binutils/binutils-2.31.1-o2-objdump,read_formatted_entries,1
[*] /s; sim-cal:1.571639
[*] Detection Result:C can't tell,1
------------------------------------------
[*] Detecting CVE: CVE-2017-14932
[*] Detection for /binaries/target/binutils/binutils-2.29-o2-objdump,decode_line_info,-1
[*] /s; sim-cal:0.043569
[*] Detection Result:NA too much diff,-1
[*] Detection for /binaries/target/binutils/binutils-2.30-o2-objdump,decode_line_info,1
[*] /s; sim-cal:0.026156
[*] Detection Result:NA too much diff,1
[*] Detection for /binaries/target/binutils/binutils-2.31-o2-objdump,decode_line_info,1
[*] /s; sim-cal:0.027615
[*] Detection Result:NA too much diff,1
[*] Detection for /binaries/target/binutils/binutils-2.31.1-o2-objdump,decode_line_info,1
[*] /s; sim-cal:1.736752
[*] Detection Result:NA too much diff,1
------------------------------------------
[*] Detecting CVE: CVE-2017-14933
[*] Detection for /binaries/target/binutils/binutils-2.29-o2-objdump,read_formatted_entries,-1
[*] /s; sim-cal:0.011875
[*] Detection Result:C can't tell,-1
[*] Detection for /binaries/target/binutils/binutils-2.30-o2-objdump,read_formatted_entries,1
[*] /s; sim-cal:0.008482
[*] Detection Result:C can't tell,1
[*] Detection for /binaries/target/binutils/binutils-2.31-o2-objdump,read_formatted_entries,1
[*] /s; sim-cal:0.012952
[*] Detection Result:C can't tell,1
[*] Detection for /binaries/target/binutils/binutils-2.31.1-o2-objdump,read_formatted_entries,1
[*] /s; sim-cal:0.012671
[*] Detection Result:C can't tell,1
------------------------------------------
[*] Detecting CVE: CVE-2017-15938
[*] Detection for /binaries/target/binutils/binutils-2.29-o2-objdump,find_abstract_instance_name,-1
target function: find_abstract_instance_name not found
[*] Detection for /binaries/target/binutils/binutils-2.30-o2-objdump,find_abstract_instance_name,1
target function: find_abstract_instance_name not found
[*] Detection for /binaries/target/binutils/binutils-2.31-o2-objdump,find_abstract_instance_name,1
target function: find_abstract_instance_name not found
[*] Detection for /binaries/target/binutils/binutils-2.31.1-o2-objdump,find_abstract_instance_name,1
target function: find_abstract_instance_name not found
[*] Detection for /binaries/target/binutils/binutils-2.29-o2-objdump,parse_comp_unit,-1
target function: parse_comp_unit not found
[*] Detection for /binaries/target/binutils/binutils-2.30-o2-objdump,parse_comp_unit,1
target function: parse_comp_unit not found
[*] Detection for /binaries/target/binutils/binutils-2.31-o2-objdump,parse_comp_unit,1
target function: parse_comp_unit not found
[*] Detection for /binaries/target/binutils/binutils-2.31.1-o2-objdump,parse_comp_unit,1
target function: parse_comp_unit not found
------------------------------------------
[*] Detecting CVE: CVE-2017-15939
[*] Detection for /binaries/target/binutils/binutils-2.29-o2-objdump,read_formatted_entries,-1
[*] /s; sim-cal:0.010919
[*] Detection Result:C can't tell,-1
[*] Detection for /binaries/target/binutils/binutils-2.30-o2-objdump,read_formatted_entries,1
[*] /s; sim-cal:0.008539
[*] Detection Result:C can't tell,1
[*] Detection for /binaries/target/binutils/binutils-2.31-o2-objdump,read_formatted_entries,1
[*] /s; sim-cal:0.007801
[*] Detection Result:C can't tell,1
[*] Detection for /binaries/target/binutils/binutils-2.31.1-o2-objdump,read_formatted_entries,1
[*] /s; sim-cal:0.008151
[*] Detection Result:C can't tell,1
[*] Detection for /binaries/target/binutils/binutils-2.29-o2-objdump,concat_filename,-1
[*] /s; sim-cal:1.672065
[*] Detection Result:C can't tell,-1
[*] Detection for /binaries/target/binutils/binutils-2.30-o2-objdump,concat_filename,1
[*] /s; sim-cal:1.461171
[*] Detection Result:C can't tell,1
[*] Detection for /binaries/target/binutils/binutils-2.31-o2-objdump,concat_filename,1
[*] /s; sim-cal:1.434752
[*] Detection Result:C can't tell,1
[*] Detection for /binaries/target/binutils/binutils-2.31.1-o2-objdump,concat_filename,1
[*] /s; sim-cal:1.623924
[*] Detection Result:C can't tell,1
[*] Detection for /binaries/target/binutils/binutils-2.29-o2-objdump,decode_line_info,-1
[*] /s; sim-cal:0.029342
[*] Detection Result:NA too much diff,-1
[*] Detection for /binaries/target/binutils/binutils-2.30-o2-objdump,decode_line_info,1
[*] /s; sim-cal:0.02645
[*] Detection Result:NA too much diff,1
[*] Detection for /binaries/target/binutils/binutils-2.31-o2-objdump,decode_line_info,1
[*] /s; sim-cal:0.025382
[*] Detection Result:NA too much diff,1
[*] Detection for /binaries/target/binutils/binutils-2.31.1-o2-objdump,decode_line_info,1
[*] /s; sim-cal:0.028333
[*] Detection Result:NA too much diff,1
------------------------------------------
[*] Detecting CVE: CVE-2017-14934
[*] Detection for /binaries/target/binutils/binutils-2.29-o2-objdump,process_debug_info,-1
[*] /s; sim-cal:1.611705
[*] Detection Result:NA too much diff,-1
[*] Detection for /binaries/target/binutils/binutils-2.30-o2-objdump,process_debug_info,1
[*] /s; sim-cal:1.635468
[*] Detection Result:NA too much diff,1
[*] Detection for /binaries/target/binutils/binutils-2.31-o2-objdump,process_debug_info,1
[*] /s; sim-cal:1.694215
[*] Detection Result:NA too much diff,1
[*] Detection for /binaries/target/binutils/binutils-2.31.1-o2-objdump,process_debug_info,1
[*] /s; sim-cal:1.676787
[*] Detection Result:NA too much diff,1
------------------------------------------
[*] Detecting CVE: CVE-2017-15225
[*] Detection for /binaries/target/binutils/binutils-2.29-o2-objdump,_bfd_dwarf2_cleanup_debug_info,-1
[*] /s; sim-cal:5.256492
[*] Detection Result:V 0.2637748142044242/0.0 50/50,-1
[*] Detection for /binaries/target/binutils/binutils-2.30-o2-objdump,_bfd_dwarf2_cleanup_debug_info,1
[*] /s; sim-cal:7.938364
[*] Detection Result:V 0.2637748142044242/0.0 54/54,1
[*] Detection for /binaries/target/binutils/binutils-2.31-o2-objdump,_bfd_dwarf2_cleanup_debug_info,1
[*] /s; sim-cal:7.53883
[*] Detection Result:V 0.2637748142044242/0.0 54/54,1
[*] Detection for /binaries/target/binutils/binutils-2.31.1-o2-objdump,_bfd_dwarf2_cleanup_debug_info,1
[*] /s; sim-cal:7.129382
[*] Detection Result:V 0.2637748142044242/0.0 54/54,1
------------------------------------------
[*] Detecting CVE: CVE-2017-16829
[*] Detection for /binaries/target/binutils/binutils-2.29.1-o2-objdump,_bfd_elf_parse_gnu_properties,-1
[*] /s; sim-cal:1.681385
[*] Detection Result:C can't tell,-1
[*] Detection for /binaries/target/binutils/binutils-2.30-o2-objdump,_bfd_elf_parse_gnu_properties,1
[*] /s; sim-cal:2.209353
[*] Detection Result:V 0.08220606580383595/0.07899156660949115 33/33,1
[*] Detection for /binaries/target/binutils/binutils-2.31-o2-objdump,_bfd_elf_parse_gnu_properties,1
[*] /s; sim-cal:1.367368
[*] Detection Result:V 0.08220606580383595/0.07899156660949115 33/33,1
[*] Detection for /binaries/target/binutils/binutils-2.31.1-o2-objdump,_bfd_elf_parse_gnu_properties,1
[*] /s; sim-cal:1.560941
[*] Detection Result:V 0.08220606580383595/0.07899156660949115 33/33,1
------------------------------------------
[*] Detecting CVE: CVE-2017-15996
[*] Detection for /binaries/target/binutils/binutils-2.29-o2-objdump,get_archive_member_name,-1
[*] /s; sim-cal:1.772754
[*] Detection Result:V 0.13518861988374184/0.13105983913910743 36/36,-1
[*] Detection for /binaries/target/binutils/binutils-2.30-o2-objdump,get_archive_member_name,1
[*] /s; sim-cal:1.693153
[*] Detection Result:V 0.1385771150760716/0.12863476234825652 36/36,1
[*] Detection for /binaries/target/binutils/binutils-2.31-o2-objdump,get_archive_member_name,1
[*] /s; sim-cal:1.582339
[*] Detection Result:V 0.1385771150760716/0.12863476234825652 36/36,1
[*] Detection for /binaries/target/binutils/binutils-2.31.1-o2-objdump,get_archive_member_name,1
[*] /s; sim-cal:1.557255
[*] Detection Result:V 0.1385771150760716/0.12863476234825652 36/36,1
[*] Detection for /binaries/target/binutils/binutils-2.29-o2-objdump,process_archive_index_and_symbols,-1
[*] /s; sim-cal:1.457059
[*] Detection Result:C can't tell,-1
[*] Detection for /binaries/target/binutils/binutils-2.30-o2-objdump,process_archive_index_and_symbols,1
[*] /s; sim-cal:1.618435
[*] Detection Result:C can't tell,1
[*] Detection for /binaries/target/binutils/binutils-2.31-o2-objdump,process_archive_index_and_symbols,1
[*] /s; sim-cal:1.410816
[*] Detection Result:C can't tell,1
[*] Detection for /binaries/target/binutils/binutils-2.31.1-o2-objdump,process_archive_index_and_symbols,1
[*] /s; sim-cal:1.838337
[*] Detection Result:C can't tell,1
[*] Detection for /binaries/target/binutils/binutils-2.29-o2-objdump,setup_archive,-1
[*] /s; sim-cal:1.349517
[*] Detection Result:C can't tell,-1
[*] Detection for /binaries/target/binutils/binutils-2.30-o2-objdump,setup_archive,1
[*] /s; sim-cal:1.498906
[*] Detection Result:C can't tell,1
[*] Detection for /binaries/target/binutils/binutils-2.31-o2-objdump,setup_archive,1
[*] /s; sim-cal:1.425589
[*] Detection Result:C can't tell,1
[*] Detection for /binaries/target/binutils/binutils-2.31.1-o2-objdump,setup_archive,1
[*] /s; sim-cal:1.467234
[*] Detection Result:C can't tell,1
------------------------------------------
[*] Detecting CVE: CVE-2017-16830
[*] Detection for /binaries/target/binutils/binutils-2.29.1-o2-readelf,print_gnu_property_note,-1
target function: print_gnu_property_note not found
[*] Detection for /binaries/target/binutils/binutils-2.30-o2-readelf,print_gnu_property_note,1
target function: print_gnu_property_note not found
[*] Detection for /binaries/target/binutils/binutils-2.31-o2-readelf,print_gnu_property_note,1
target function: print_gnu_property_note not found
[*] Detection for /binaries/target/binutils/binutils-2.31.1-o2-readelf,print_gnu_property_note,1
target function: print_gnu_property_note not found
------------------------------------------
[*] Detecting CVE: CVE-2017-16828
[*] Detection for /binaries/target/binutils/binutils-2.29.1-o2-objdump,display_debug_frames,-1
[*] /s; sim-cal:1.995739
[*] Detection Result:NA too much diff,-1
[*] Detection for /binaries/target/binutils/binutils-2.30-o2-objdump,display_debug_frames,1
[*] /s; sim-cal:1.981697
[*] Detection Result:NA too much diff,1
[*] Detection for /binaries/target/binutils/binutils-2.31-o2-objdump,display_debug_frames,1
[*] /s; sim-cal:1.940608
[*] Detection Result:NA too much diff,1
[*] Detection for /binaries/target/binutils/binutils-2.31.1-o2-objdump,display_debug_frames,1
[*] /s; sim-cal:2.443072
[*] Detection Result:NA too much diff,1
[*] Detection for /binaries/target/binutils/binutils-2.29.1-o2-objdump,read_cie,-1
target function: read_cie not found
[*] Detection for /binaries/target/binutils/binutils-2.30-o2-objdump,read_cie,1
target function: read_cie not found
[*] Detection for /binaries/target/binutils/binutils-2.31-o2-objdump,read_cie,1
target function: read_cie not found
[*] Detection for /binaries/target/binutils/binutils-2.31.1-o2-objdump,read_cie,1
target function: read_cie not found
[*] Detection for /binaries/target/binutils/binutils-2.29.1-o2-objdump,frame_display_row,-1
[*] /s; sim-cal:1.40064
[*] Detection Result:N VP no diff,-1
[*] Detection for /binaries/target/binutils/binutils-2.30-o2-objdump,frame_display_row,1
[*] /s; sim-cal:1.529382
[*] Detection Result:N VP no diff,1
[*] Detection for /binaries/target/binutils/binutils-2.31-o2-objdump,frame_display_row,1
[*] /s; sim-cal:1.367617
[*] Detection Result:N VP no diff,1
[*] Detection for /binaries/target/binutils/binutils-2.31.1-o2-objdump,frame_display_row,1
[*] /s; sim-cal:1.621282
[*] Detection Result:N VP no diff,1
------------------------------------------
[*] Detecting CVE: CVE-2017-16831
[*] Detection for /binaries/target/binutils/binutils-2.29.1-o2-objdump,coff_get_normalized_symtab,-1
[*] /s; sim-cal:2.109425
[*] Detection Result:P 0.10446182270632927/0.10747142927818733 90/90,-1
[*] Detection for /binaries/target/binutils/binutils-2.30-o2-objdump,coff_get_normalized_symtab,1
[*] /s; sim-cal:2.53616
[*] Detection Result:P 0.10446182270632927/0.10906788160634698 91/91,1
[*] Detection for /binaries/target/binutils/binutils-2.31-o2-objdump,coff_get_normalized_symtab,1
[*] /s; sim-cal:2.453339
[*] Detection Result:P 0.10446182270632927/0.10747142927818733 92/92,1
[*] Detection for /binaries/target/binutils/binutils-2.31.1-o2-objdump,coff_get_normalized_symtab,1
[*] /s; sim-cal:2.344494
[*] Detection Result:P 0.10446182270632927/0.10747142927818733 92/92,1
[*] Detection for /binaries/target/binutils/binutils-2.29.1-o2-objdump,_bfd_coff_get_external_symbols,-1
[*] /s; sim-cal:1.450376
[*] Detection Result:C can't tell,-1
[*] Detection for /binaries/target/binutils/binutils-2.30-o2-objdump,_bfd_coff_get_external_symbols,1
[*] /s; sim-cal:1.388232
[*] Detection Result:C can't tell,1
[*] Detection for /binaries/target/binutils/binutils-2.31-o2-objdump,_bfd_coff_get_external_symbols,1
[*] /s; sim-cal:1.400948
[*] Detection Result:C can't tell,1
[*] Detection for /binaries/target/binutils/binutils-2.31.1-o2-objdump,_bfd_coff_get_external_symbols,1
[*] /s; sim-cal:1.413773
[*] Detection Result:C can't tell,1
------------------------------------------
[*] Detecting CVE: CVE-2017-17080
[*] Detection for /binaries/target/binutils/binutils-2.29.1-o2-objdump,elfcore_grok_nto_status,-1
target function: elfcore_grok_nto_status not found
[*] Detection for /binaries/target/binutils/binutils-2.30-o2-objdump,elfcore_grok_nto_status,1
target function: elfcore_grok_nto_status not found
[*] Detection for /binaries/target/binutils/binutils-2.31-o2-objdump,elfcore_grok_nto_status,1
target function: elfcore_grok_nto_status not found
[*] Detection for /binaries/target/binutils/binutils-2.31.1-o2-objdump,elfcore_grok_nto_status,1
target function: elfcore_grok_nto_status not found
[*] Detection for /binaries/target/binutils/binutils-2.29.1-o2-objdump,elfcore_grok_freebsd_psinfo,-1
target function: elfcore_grok_freebsd_psinfo not found
[*] Detection for /binaries/target/binutils/binutils-2.30-o2-objdump,elfcore_grok_freebsd_psinfo,1
target function: elfcore_grok_freebsd_psinfo not found
[*] Detection for /binaries/target/binutils/binutils-2.31-o2-objdump,elfcore_grok_freebsd_psinfo,1
target function: elfcore_grok_freebsd_psinfo not found
[*] Detection for /binaries/target/binutils/binutils-2.31.1-o2-objdump,elfcore_grok_freebsd_psinfo,1
target function: elfcore_grok_freebsd_psinfo not found
[*] Detection for /binaries/target/binutils/binutils-2.29.1-o2-objdump,elfcore_grok_netbsd_note,-1
[*] /s; sim-cal:1.751508
[*] Detection Result:N VP no diff,-1
[*] Detection for /binaries/target/binutils/binutils-2.30-o2-objdump,elfcore_grok_netbsd_note,1
[*] /s; sim-cal:1.442634
[*] Detection Result:N VP no diff,1
[*] Detection for /binaries/target/binutils/binutils-2.31-o2-objdump,elfcore_grok_netbsd_note,1
[*] /s; sim-cal:1.524564
[*] Detection Result:N VP no diff,1
[*] Detection for /binaries/target/binutils/binutils-2.31.1-o2-objdump,elfcore_grok_netbsd_note,1
[*] /s; sim-cal:1.409496
[*] Detection Result:N VP no diff,1
[*] Detection for /binaries/target/binutils/binutils-2.29.1-o2-objdump,elfcore_netbsd_get_lwpid,-1
target function: elfcore_netbsd_get_lwpid not found
[*] Detection for /binaries/target/binutils/binutils-2.30-o2-objdump,elfcore_netbsd_get_lwpid,1
target function: elfcore_netbsd_get_lwpid not found
[*] Detection for /binaries/target/binutils/binutils-2.31-o2-objdump,elfcore_netbsd_get_lwpid,1
target function: elfcore_netbsd_get_lwpid not found
[*] Detection for /binaries/target/binutils/binutils-2.31.1-o2-objdump,elfcore_netbsd_get_lwpid,1
target function: elfcore_netbsd_get_lwpid not found
------------------------------------------
[*] Detecting CVE: CVE-2017-17124
[*] Detection for /binaries/target/binutils/binutils-2.29.1-o2-objdump,_bfd_coff_read_string_table,-1
[*] /s; sim-cal:1.474972
[*] Detection Result:C can't tell,-1
[*] Detection for /binaries/target/binutils/binutils-2.30-o2-objdump,_bfd_coff_read_string_table,1
[*] /s; sim-cal:1.45487
[*] Detection Result:C can't tell,1
[*] Detection for /binaries/target/binutils/binutils-2.31-o2-objdump,_bfd_coff_read_string_table,1
[*] /s; sim-cal:1.372643
[*] Detection Result:C can't tell,1
[*] Detection for /binaries/target/binutils/binutils-2.31.1-o2-objdump,_bfd_coff_read_string_table,1
[*] /s; sim-cal:1.438656
[*] Detection Result:C can't tell,1
------------------------------------------
[*] Detecting CVE: CVE-2017-17122
[*] Detection for /binaries/target/binutils/binutils-2.29.1-o2-objdump,dump_relocs_in_section,-1
[*] /s; sim-cal:0.005842
[*] Detection Result:C can't tell,-1
[*] Detection for /binaries/target/binutils/binutils-2.30-o2-objdump,dump_relocs_in_section,1
[*] /s; sim-cal:0.005094
[*] Detection Result:C can't tell,1
[*] Detection for /binaries/target/binutils/binutils-2.31-o2-objdump,dump_relocs_in_section,1
[*] /s; sim-cal:1.452779
[*] Detection Result:C can't tell,1
[*] Detection for /binaries/target/binutils/binutils-2.31.1-o2-objdump,dump_relocs_in_section,1
[*] /s; sim-cal:1.509389
[*] Detection Result:C can't tell,1
------------------------------------------
[*] Detecting CVE: CVE-2017-17126
[*] Detection for /binaries/target/binutils/binutils-2.29.1-o2-objdump,load_debug_section,-1
[*] /s; sim-cal:1.432076
[*] Detection Result:N VP no diff,-1
[*] Detection for /binaries/target/binutils/binutils-2.30-o2-objdump,load_debug_section,1
[*] /s; sim-cal:1.447049
[*] Detection Result:N VP no diff,1
[*] Detection for /binaries/target/binutils/binutils-2.31-o2-objdump,load_debug_section,1
[*] /s; sim-cal:1.428951
[*] Detection Result:N VP no diff,1
[*] Detection for /binaries/target/binutils/binutils-2.31.1-o2-objdump,load_debug_section,1
[*] /s; sim-cal:1.309207
[*] Detection Result:N VP no diff,1
------------------------------------------
[*] Detecting CVE: CVE-2018-7208
[*] Detection for /binaries/target/binutils/binutils-2.30-o2-objdump,coff_pointerize_aux,-1
target function: coff_pointerize_aux not found
[*] Detection for /binaries/target/binutils/binutils-2.31-o2-objdump,coff_pointerize_aux,1
target function: coff_pointerize_aux not found
[*] Detection for /binaries/target/binutils/binutils-2.31.1-o2-objdump,coff_pointerize_aux,1
target function: coff_pointerize_aux not found
[*] Detection for /binaries/target/binutils/binutils-2.32-o2-objdump,coff_pointerize_aux,1
target function: coff_pointerize_aux not found
------------------------------------------
[*] Detecting CVE: CVE-2018-6543
[*] Detection for /binaries/target/binutils/binutils-2.30-o2-objdump,load_specific_debug_section,-1
[*] /s; sim-cal:1.474003
[*] Detection Result:C can't tell,-1
[*] Detection for /binaries/target/binutils/binutils-2.31-o2-objdump,load_specific_debug_section,1
[*] /s; sim-cal:1.424145
[*] Detection Result:C can't tell,1
[*] Detection for /binaries/target/binutils/binutils-2.31.1-o2-objdump,load_specific_debug_section,1
[*] /s; sim-cal:1.398724
[*] Detection Result:C can't tell,1
[*] Detection for /binaries/target/binutils/binutils-2.32-o2-objdump,load_specific_debug_section,1
[*] /s; sim-cal:1.558337
[*] Detection Result:C can't tell,1
------------------------------------------
[*] Detecting CVE: CVE-2018-6759
[*] Detection for /binaries/target/binutils/binutils-2.30-o2-objdump,bfd_get_alt_debug_link_info,-1
[*] /s; sim-cal:1.466786
[*] Detection Result:C can't tell,-1
[*] Detection for /binaries/target/binutils/binutils-2.31-o2-objdump,bfd_get_alt_debug_link_info,1
[*] /s; sim-cal:1.474076
[*] Detection Result:C can't tell,1
[*] Detection for /binaries/target/binutils/binutils-2.31.1-o2-objdump,bfd_get_alt_debug_link_info,1
[*] /s; sim-cal:1.50759
[*] Detection Result:C can't tell,1
[*] Detection for /binaries/target/binutils/binutils-2.32-o2-objdump,bfd_get_alt_debug_link_info,1
[*] /s; sim-cal:1.353973
[*] Detection Result:C can't tell,1
[*] Detection for /binaries/target/binutils/binutils-2.30-o2-objdump,bfd_get_debug_link_info_1,-1
[*] /s; sim-cal:0.004957
[*] Detection Result:C can't tell,-1
[*] Detection for /binaries/target/binutils/binutils-2.31-o2-objdump,bfd_get_debug_link_info_1,1
[*] /s; sim-cal:0.003022
[*] Detection Result:C can't tell,1
[*] Detection for /binaries/target/binutils/binutils-2.31.1-o2-objdump,bfd_get_debug_link_info_1,1
[*] /s; sim-cal:1.398623
[*] Detection Result:C can't tell,1
[*] Detection for /binaries/target/binutils/binutils-2.32-o2-objdump,bfd_get_debug_link_info_1,1
[*] /s; sim-cal:1.530817
[*] Detection Result:C can't tell,1
------------------------------------------
[*] Detecting CVE: CVE-2018-6872
[*] Detection for /binaries/target/binutils/binutils-2.30-o2-objdump,elf_parse_notes,-1
[*] /s; sim-cal:1.589568
[*] Detection Result:V 0.7776923076923077/0.0 36/36,-1
[*] Detection for /binaries/target/binutils/binutils-2.31-o2-objdump,elf_parse_notes,1
[*] /s; sim-cal:1.389874
[*] Detection Result:V 0.7776923076923077/0.0 38/38,1
[*] Detection for /binaries/target/binutils/binutils-2.31.1-o2-objdump,elf_parse_notes,1
[*] /s; sim-cal:1.466318
[*] Detection Result:V 0.7776923076923077/0.0 38/38,1
[*] Detection for /binaries/target/binutils/binutils-2.32-o2-objdump,elf_parse_notes,1
[*] /s; sim-cal:1.416931
[*] Detection Result:V 0.7776923076923077/0.0 38/38,1
------------------------------------------
[*] Detecting CVE: CVE-2018-7570
[*] Detection for /binaries/target/binutils/binutils-2.30-o2-objdump,assign_file_positions_for_non_load_sections,-1
target function: assign_file_positions_for_non_load_sections not found
[*] Detection for /binaries/target/binutils/binutils-2.31-o2-objdump,assign_file_positions_for_non_load_sections,1
target function: assign_file_positions_for_non_load_sections not found
[*] Detection for /binaries/target/binutils/binutils-2.31.1-o2-objdump,assign_file_positions_for_non_load_sections,1
target function: assign_file_positions_for_non_load_sections not found
[*] Detection for /binaries/target/binutils/binutils-2.32-o2-objdump,assign_file_positions_for_non_load_sections,1
target function: assign_file_positions_for_non_load_sections not found
------------------------------------------
[*] Detecting CVE: CVE-2018-7568
[*] Detection for /binaries/target/binutils/binutils-2.30-o2-objdump,parse_die,-1
[*] /s; sim-cal:0.005951
[*] Detection Result:C can't tell,-1
[*] Detection for /binaries/target/binutils/binutils-2.31-o2-objdump,parse_die,1
[*] /s; sim-cal:0.005369
[*] Detection Result:C can't tell,1
[*] Detection for /binaries/target/binutils/binutils-2.31.1-o2-objdump,parse_die,1
[*] /s; sim-cal:0.006474
[*] Detection Result:C can't tell,1
[*] Detection for /binaries/target/binutils/binutils-2.32-o2-objdump,parse_die,1
[*] /s; sim-cal:1.37698
[*] Detection Result:C can't tell,1
------------------------------------------
[*] Detecting CVE: CVE-2018-7569
[*] Detection for /binaries/target/binutils/binutils-2.30-o2-objdump,read_8_bytes,-1
target function: read_8_bytes not found
[*] Detection for /binaries/target/binutils/binutils-2.31-o2-objdump,read_8_bytes,1
target function: read_8_bytes not found
[*] Detection for /binaries/target/binutils/binutils-2.31.1-o2-objdump,read_8_bytes,1
target function: read_8_bytes not found
[*] Detection for /binaries/target/binutils/binutils-2.32-o2-objdump,read_8_bytes,1
target function: read_8_bytes not found
[*] Detection for /binaries/target/binutils/binutils-2.30-o2-objdump,read_attribute_value,-1
[*] /s; sim-cal:1.579625
[*] Detection Result:NA too much diff,-1
[*] Detection for /binaries/target/binutils/binutils-2.31-o2-objdump,read_attribute_value,1
[*] /s; sim-cal:1.565665
[*] Detection Result:NA too much diff,1
[*] Detection for /binaries/target/binutils/binutils-2.31.1-o2-objdump,read_attribute_value,1
[*] /s; sim-cal:1.584817
[*] Detection Result:NA too much diff,1
[*] Detection for /binaries/target/binutils/binutils-2.32-o2-objdump,read_attribute_value,1
[*] /s; sim-cal:1.521791
[*] Detection Result:NA too much diff,1
------------------------------------------
[*] Detecting CVE: CVE-2018-7643
[*] Detection for /binaries/target/binutils/binutils-2.30-o2-objdump,read_uleb128,-1
[*] /s; sim-cal:1.529068
[*] Detection Result:N VP no diff,-1
[*] Detection for /binaries/target/binutils/binutils-2.31-o2-objdump,read_uleb128,1
[*] /s; sim-cal:1.323437
[*] Detection Result:N VP no diff,1
[*] Detection for /binaries/target/binutils/binutils-2.31.1-o2-objdump,read_uleb128,1
[*] /s; sim-cal:1.3825
[*] Detection Result:N VP no diff,1
[*] Detection for /binaries/target/binutils/binutils-2.32-o2-objdump,read_uleb128,1
[*] /s; sim-cal:1.45061
[*] Detection Result:N VP no diff,1
[*] Detection for /binaries/target/binutils/binutils-2.30-o2-objdump,display_debug_ranges,-1
[*] /s; sim-cal:6.782612
[*] Detection Result:NA too much diff,-1
[*] Detection for /binaries/target/binutils/binutils-2.31-o2-objdump,display_debug_ranges,1
[*] /s; sim-cal:8.436328
[*] Detection Result:NA too much diff,1
[*] Detection for /binaries/target/binutils/binutils-2.31.1-o2-objdump,display_debug_ranges,1
[*] /s; sim-cal:8.330815
[*] Detection Result:NA too much diff,1
[*] Detection for /binaries/target/binutils/binutils-2.32-o2-objdump,display_debug_ranges,1
[*] /s; sim-cal:8.461923
[*] Detection Result:NA too much diff,1
[*] Detection for /binaries/target/binutils/binutils-2.30-o2-objdump,display_debug_ranges_list,-1
[*] /s; sim-cal:1.800637
[*] Detection Result:N VP no diff,-1
[*] Detection for /binaries/target/binutils/binutils-2.31-o2-objdump,display_debug_ranges_list,1
[*] /s; sim-cal:1.602403
[*] Detection Result:N VP no diff,1
[*] Detection for /binaries/target/binutils/binutils-2.31.1-o2-objdump,display_debug_ranges_list,1
[*] /s; sim-cal:1.470927
[*] Detection Result:N VP no diff,1
[*] Detection for /binaries/target/binutils/binutils-2.32-o2-objdump,display_debug_ranges_list,1
[*] /s; sim-cal:1.472456
[*] Detection Result:N VP no diff,1
------------------------------------------
[*] Detecting CVE: CVE-2018-10372
[*] Detection for /binaries/target/binutils/binutils-2.30-o2-objdump,process_cu_tu_index,-1
[*] /s; sim-cal:1.6489
[*] Detection Result:NA too much diff,-1
[*] Detection for /binaries/target/binutils/binutils-2.31-o2-objdump,process_cu_tu_index,1
[*] /s; sim-cal:1.582802
[*] Detection Result:NA too much diff,1
[*] Detection for /binaries/target/binutils/binutils-2.31.1-o2-objdump,process_cu_tu_index,1
[*] /s; sim-cal:1.565369
[*] Detection Result:NA too much diff,1
[*] Detection for /binaries/target/binutils/binutils-2.32-o2-objdump,process_cu_tu_index,1
[*] /s; sim-cal:1.485518
[*] Detection Result:NA too much diff,1
------------------------------------------
[*] Detecting CVE: CVE-2018-10373
[*] Detection for /binaries/target/binutils/binutils-2.30-o2-objdump,concat_filename,-1
[*] /s; sim-cal:0.006427
[*] Detection Result:C can't tell,-1
[*] Detection for /binaries/target/binutils/binutils-2.31-o2-objdump,concat_filename,1
[*] /s; sim-cal:0.004926
[*] Detection Result:C can't tell,1
[*] Detection for /binaries/target/binutils/binutils-2.31.1-o2-objdump,concat_filename,1
[*] /s; sim-cal:0.005058
[*] Detection Result:C can't tell,1
[*] Detection for /binaries/target/binutils/binutils-2.32-o2-objdump,concat_filename,1
[*] /s; sim-cal:1.368158
[*] Detection Result:C can't tell,1
------------------------------------------
[*] Detecting CVE: CVE-2018-8945
[*] Detection for /binaries/target/binutils/binutils-2.30-o2-objdump,_bfd_elf_parse_attributes,-1
[*] /s; sim-cal:0.01258
[*] Detection Result:C can't tell,-1
[*] Detection for /binaries/target/binutils/binutils-2.31-o2-objdump,_bfd_elf_parse_attributes,1
[*] /s; sim-cal:0.011422
[*] Detection Result:C can't tell,1
[*] Detection for /binaries/target/binutils/binutils-2.31.1-o2-objdump,_bfd_elf_parse_attributes,1
[*] /s; sim-cal:1.513033
[*] Detection Result:C can't tell,1
[*] Detection for /binaries/target/binutils/binutils-2.32-o2-objdump,_bfd_elf_parse_attributes,1
[*] /s; sim-cal:1.432664
[*] Detection Result:C can't tell,1
[*] Detection for /binaries/target/binutils/binutils-2.30-o2-objdump,bfd_elf_get_str_section,-1
target function: bfd_elf_get_str_section not found
[*] Detection for /binaries/target/binutils/binutils-2.31-o2-objdump,bfd_elf_get_str_section,1
target function: bfd_elf_get_str_section not found
[*] Detection for /binaries/target/binutils/binutils-2.31.1-o2-objdump,bfd_elf_get_str_section,1
target function: bfd_elf_get_str_section not found
[*] Detection for /binaries/target/binutils/binutils-2.32-o2-objdump,bfd_elf_get_str_section,1
target function: bfd_elf_get_str_section not found
------------------------------------------
[*] Detecting CVE: CVE-2018-17360
[*] Detection for /binaries/target/binutils/binutils-2.31.1-o2-objdump,pe_print_edata,-1
target function: pe_print_edata not found
[*] Detection for /binaries/target/binutils/binutils-2.32-o2-objdump,pe_print_edata,1
target function: pe_print_edata not found
[*] Detection for /binaries/target/binutils/binutils-2.33.1-o2-objdump,pe_print_edata,1
target function: pe_print_edata not found
[*] Detection for /binaries/target/binutils/binutils-2.34-o2-objdump,pe_print_edata,1
target function: pe_print_edata not found
------------------------------------------
[*] Detecting CVE: CVE-2018-18605
[*] Detection for /binaries/target/binutils/binutils-2.31-o2-objdump,_bfd_add_merge_section,-1
[*] /s; sim-cal:1.686149
[*] Detection Result:V 0.3430383864671438/0.0 39/39,-1
[*] Detection for /binaries/target/binutils/binutils-2.32-o2-objdump,_bfd_add_merge_section,1
[*] /s; sim-cal:1.403395
[*] Detection Result:V 0.3430383864671438/0.0 41/41,1
[*] Detection for /binaries/target/binutils/binutils-2.33.1-o2-objdump,_bfd_add_merge_section,1
[*] /s; sim-cal:1.525837
[*] Detection Result:V 0.3430383864671438/0.0 41/41,1
[*] Detection for /binaries/target/binutils/binutils-2.34-o2-objdump,_bfd_add_merge_section,1
[*] /s; sim-cal:1.528225
[*] Detection Result:V 0.3430383864671438/0.0 41/41,1
------------------------------------------
[*] Detecting CVE: CVE-2018-18606
[*] Detection for /binaries/target/binutils/binutils-2.31-o2-objdump,_bfd_add_merge_section,-1
[*] /s; sim-cal:0.023004
[*] Detection Result:C can't tell,-1
[*] Detection for /binaries/target/binutils/binutils-2.32-o2-objdump,_bfd_add_merge_section,1
[*] /s; sim-cal:0.021128
[*] Detection Result:C can't tell,1
[*] Detection for /binaries/target/binutils/binutils-2.33.1-o2-objdump,_bfd_add_merge_section,1
[*] /s; sim-cal:0.020669
[*] Detection Result:C can't tell,1
[*] Detection for /binaries/target/binutils/binutils-2.34-o2-objdump,_bfd_add_merge_section,1
[*] /s; sim-cal:0.021739
[*] Detection Result:C can't tell,1
------------------------------------------
[*] Detecting CVE: CVE-2018-18607
[*] Detection for /binaries/target/binutils/binutils-2.31-o2-objdump,elf_link_input_bfd,-1
[*] /s; sim-cal:1.667826
[*] Detection Result:NA too much diff,-1
[*] Detection for /binaries/target/binutils/binutils-2.32-o2-objdump,elf_link_input_bfd,1
target function: elf_link_input_bfd not found
[*] Detection for /binaries/target/binutils/binutils-2.33.1-o2-objdump,elf_link_input_bfd,1
target function: elf_link_input_bfd not found
[*] Detection for /binaries/target/binutils/binutils-2.34-o2-objdump,elf_link_input_bfd,1
target function: elf_link_input_bfd not found
------------------------------------------
[*] Detecting CVE: CVE-2018-19932
[*] Detection for /binaries/target/binutils/binutils-2.31-o2-objdump,rewrite_elf_program_header,-1
target function: rewrite_elf_program_header not found
[*] Detection for /binaries/target/binutils/binutils-2.30-o2-objdump,rewrite_elf_program_header,-1
target function: rewrite_elf_program_header not found
[*] Detection for /binaries/target/binutils/binutils-2.29.1-o2-objdump,rewrite_elf_program_header,-1
target function: rewrite_elf_program_header not found
[*] Detection for /binaries/target/binutils/binutils-2.32-o2-objdump,rewrite_elf_program_header,1
target function: rewrite_elf_program_header not found
[*] Detection for /binaries/target/binutils/binutils-2.33.1-o2-objdump,rewrite_elf_program_header,1
target function: rewrite_elf_program_header not found
[*] Detection for /binaries/target/binutils/binutils-2.34-o2-objdump,rewrite_elf_program_header,1
target function: rewrite_elf_program_header not found
------------------------------------------
[*] Detecting CVE: CVE-2018-20002
[*] Detection for /binaries/target/binutils/binutils-2.31-o2-nm,_bfd_generic_read_minisymbols,-1
[*] /s; sim-cal:10.094401
[*] Detection Result:C can't tell,-1
[*] Detection for /binaries/target/binutils/binutils-2.32-o2-nm,_bfd_generic_read_minisymbols,1
[*] /s; sim-cal:10.596864
[*] Detection Result:C can't tell,1
[*] Detection for /binaries/target/binutils/binutils-2.33.1-o2-nm,_bfd_generic_read_minisymbols,1
[*] /s; sim-cal:10.344815
[*] Detection Result:C can't tell,1
[*] Detection for /binaries/target/binutils/binutils-2.34-o2-nm,_bfd_generic_read_minisymbols,1
[*] /s; sim-cal:10.416307
[*] Detection Result:C can't tell,1
[*] Detection for /binaries/target/binutils/binutils-2.31-o2-nm,display_rel_file,-1
[*] /s; sim-cal:1.58621
[*] Detection Result:NA too much diff,-1
[*] Detection for /binaries/target/binutils/binutils-2.32-o2-nm,display_rel_file,1
[*] /s; sim-cal:1.416027
[*] Detection Result:NA too much diff,1
[*] Detection for /binaries/target/binutils/binutils-2.33.1-o2-nm,display_rel_file,1
[*] /s; sim-cal:1.497657
[*] Detection Result:NA too much diff,1
[*] Detection for /binaries/target/binutils/binutils-2.34-o2-nm,display_rel_file,1
[*] /s; sim-cal:1.486565
[*] Detection Result:NA too much diff,1
------------------------------------------
[*] Detecting CVE: CVE-2018-1000876
[*] Detection for /binaries/target/binutils/binutils-2.31.1-o2-objdump,_bfd_elf_canonicalize_dynamic_symtab,-1
[*] /s; sim-cal:1.335549
[*] Detection Result:N VP no diff,-1
[*] Detection for /binaries/target/binutils/binutils-2.31-o2-objdump,_bfd_elf_canonicalize_dynamic_symtab,-1
[*] /s; sim-cal:1.594803
[*] Detection Result:N VP no diff,-1
[*] Detection for /binaries/target/binutils/binutils-2.30-o2-objdump,_bfd_elf_canonicalize_dynamic_symtab,-1
[*] /s; sim-cal:1.568185
[*] Detection Result:N VP no diff,-1
[*] Detection for /binaries/target/binutils/binutils-2.32-o2-objdump,_bfd_elf_canonicalize_dynamic_symtab,1
[*] /s; sim-cal:1.607561
[*] Detection Result:N VP no diff,1
[*] Detection for /binaries/target/binutils/binutils-2.33.1-o2-objdump,_bfd_elf_canonicalize_dynamic_symtab,1
[*] /s; sim-cal:1.460622
[*] Detection Result:N VP no diff,1
[*] Detection for /binaries/target/binutils/binutils-2.34-o2-objdump,_bfd_elf_canonicalize_dynamic_symtab,1
[*] /s; sim-cal:1.429491
[*] Detection Result:N VP no diff,1
[*] Detection for /binaries/target/binutils/binutils-2.31.1-o2-objdump,swap_out_syms,-1
target function: swap_out_syms not found
[*] Detection for /binaries/target/binutils/binutils-2.31-o2-objdump,swap_out_syms,-1
target function: swap_out_syms not found
[*] Detection for /binaries/target/binutils/binutils-2.30-o2-objdump,swap_out_syms,-1
target function: swap_out_syms not found
[*] Detection for /binaries/target/binutils/binutils-2.32-o2-objdump,swap_out_syms,1
target function: swap_out_syms not found
[*] Detection for /binaries/target/binutils/binutils-2.33.1-o2-objdump,swap_out_syms,1
target function: swap_out_syms not found
[*] Detection for /binaries/target/binutils/binutils-2.34-o2-objdump,swap_out_syms,1
target function: swap_out_syms not found
[*] Detection for /binaries/target/binutils/binutils-2.31.1-o2-objdump,_bfd_elf_get_dynamic_symtab_upper_bound,-1
[*] /s; sim-cal:1.548952
[*] Detection Result:C can't tell,-1
[*] Detection for /binaries/target/binutils/binutils-2.31-o2-objdump,_bfd_elf_get_dynamic_symtab_upper_bound,-1
[*] /s; sim-cal:1.416673
[*] Detection Result:C can't tell,-1
[*] Detection for /binaries/target/binutils/binutils-2.30-o2-objdump,_bfd_elf_get_dynamic_symtab_upper_bound,-1
[*] /s; sim-cal:1.417312
[*] Detection Result:C can't tell,-1
[*] Detection for /binaries/target/binutils/binutils-2.32-o2-objdump,_bfd_elf_get_dynamic_symtab_upper_bound,1
[*] /s; sim-cal:1.405282
[*] Detection Result:C can't tell,1
[*] Detection for /binaries/target/binutils/binutils-2.33.1-o2-objdump,_bfd_elf_get_dynamic_symtab_upper_bound,1
[*] /s; sim-cal:1.563343
[*] Detection Result:C can't tell,1
[*] Detection for /binaries/target/binutils/binutils-2.34-o2-objdump,_bfd_elf_get_dynamic_symtab_upper_bound,1
[*] /s; sim-cal:1.51254
[*] Detection Result:C can't tell,1
[*] Detection for /binaries/target/binutils/binutils-2.31.1-o2-objdump,_bfd_elf_get_dynamic_reloc_upper_bound,-1
[*] /s; sim-cal:1.466112
[*] Detection Result:C can't tell,-1
[*] Detection for /binaries/target/binutils/binutils-2.31-o2-objdump,_bfd_elf_get_dynamic_reloc_upper_bound,-1
[*] /s; sim-cal:1.563087
[*] Detection Result:C can't tell,-1
[*] Detection for /binaries/target/binutils/binutils-2.30-o2-objdump,_bfd_elf_get_dynamic_reloc_upper_bound,-1
[*] /s; sim-cal:1.458606
[*] Detection Result:C can't tell,-1
[*] Detection for /binaries/target/binutils/binutils-2.32-o2-objdump,_bfd_elf_get_dynamic_reloc_upper_bound,1
[*] /s; sim-cal:1.414835
[*] Detection Result:C can't tell,1
[*] Detection for /binaries/target/binutils/binutils-2.33.1-o2-objdump,_bfd_elf_get_dynamic_reloc_upper_bound,1
[*] /s; sim-cal:1.466428
[*] Detection Result:C can't tell,1
[*] Detection for /binaries/target/binutils/binutils-2.34-o2-objdump,_bfd_elf_get_dynamic_reloc_upper_bound,1
[*] /s; sim-cal:1.482271
[*] Detection Result:C can't tell,1
[*] Detection for /binaries/target/binutils/binutils-2.31.1-o2-objdump,_bfd_elf_get_symtab_upper_bound,-1
[*] /s; sim-cal:1.431771
[*] Detection Result:C can't tell,-1
[*] Detection for /binaries/target/binutils/binutils-2.31-o2-objdump,_bfd_elf_get_symtab_upper_bound,-1
[*] /s; sim-cal:1.461197
[*] Detection Result:C can't tell,-1
[*] Detection for /binaries/target/binutils/binutils-2.30-o2-objdump,_bfd_elf_get_symtab_upper_bound,-1
[*] /s; sim-cal:1.43124
[*] Detection Result:C can't tell,-1
[*] Detection for /binaries/target/binutils/binutils-2.32-o2-objdump,_bfd_elf_get_symtab_upper_bound,1
[*] /s; sim-cal:1.437932
[*] Detection Result:C can't tell,1
[*] Detection for /binaries/target/binutils/binutils-2.33.1-o2-objdump,_bfd_elf_get_symtab_upper_bound,1
[*] /s; sim-cal:1.585737
[*] Detection Result:C can't tell,1
[*] Detection for /binaries/target/binutils/binutils-2.34-o2-objdump,_bfd_elf_get_symtab_upper_bound,1
[*] /s; sim-cal:1.497335
[*] Detection Result:C can't tell,1
------------------------------------------
[*] Detecting CVE: CVE-2018-20651
[*] Detection for /binaries/target/binutils/binutils-2.31.1-o2-objdump,elf_link_add_object_symbols,-1
target function: elf_link_add_object_symbols not found
[*] Detection for /binaries/target/binutils/binutils-2.32-o2-objdump,elf_link_add_object_symbols,1
target function: elf_link_add_object_symbols not found
[*] Detection for /binaries/target/binutils/binutils-2.33.1-o2-objdump,elf_link_add_object_symbols,1
target function: elf_link_add_object_symbols not found
[*] Detection for /binaries/target/binutils/binutils-2.34-o2-objdump,elf_link_add_object_symbols,1
target function: elf_link_add_object_symbols not found
------------------------------------------
[*] Detecting CVE: CVE-2018-20671
[*] Detection for /binaries/target/binutils/binutils-2.31.1-o2-objdump,load_specific_debug_section,-1
[*] /s; sim-cal:0.005319
[*] Detection Result:C can't tell,-1
[*] Detection for /binaries/target/binutils/binutils-2.31-o2-objdump,load_specific_debug_section,-1
[*] /s; sim-cal:0.003979
[*] Detection Result:C can't tell,-1
[*] Detection for /binaries/target/binutils/binutils-2.30-o2-objdump,load_specific_debug_section,-1
[*] /s; sim-cal:0.003566
[*] Detection Result:C can't tell,-1
[*] Detection for /binaries/target/binutils/binutils-2.32-o2-objdump,load_specific_debug_section,1
[*] /s; sim-cal:0.003733
[*] Detection Result:C can't tell,1
[*] Detection for /binaries/target/binutils/binutils-2.33.1-o2-objdump,load_specific_debug_section,1
[*] /s; sim-cal:1.43522
[*] Detection Result:C can't tell,1
[*] Detection for /binaries/target/binutils/binutils-2.34-o2-objdump,load_specific_debug_section,1
[*] /s; sim-cal:1.442796
[*] Detection Result:C can't tell,1
------------------------------------------
[*] Detecting CVE: CVE-2019-17451
[*] Detection for /binaries/target/binutils/binutils-2.32-o2-objdump,_bfd_dwarf2_slurp_debug_info,-1
[*] /s; sim-cal:1.526798
[*] Detection Result:C can't tell,-1
[*] Detection for /binaries/target/binutils/binutils-2.33.1-o2-objdump,_bfd_dwarf2_slurp_debug_info,1
[*] /s; sim-cal:1.861676
[*] Detection Result:C can't tell,1
[*] Detection for /binaries/target/binutils/binutils-2.34-o2-objdump,_bfd_dwarf2_slurp_debug_info,1
[*] /s; sim-cal:1.730702
[*] Detection Result:C can't tell,1
[*] Detection for /binaries/target/binutils/binutils-2.35-o2-objdump,_bfd_dwarf2_slurp_debug_info,1
[*] /s; sim-cal:15.106463
[*] Detection Result:C can't tell,1
------------------------------------------
[*] Detecting CVE: CVE-2020-19724
[*] Detection for /binaries/target/binutils/binutils-2.33.1-o2-nm,display_rel_file,-1
[*] /s; sim-cal:0.065083
[*] Detection Result:NA too much diff,-1
[*] Detection for /binaries/target/binutils/binutils-2.32-o2-nm,display_rel_file,-1
[*] /s; sim-cal:0.044093
[*] Detection Result:NA too much diff,-1
[*] Detection for /binaries/target/binutils/binutils-2.31.1-o2-nm,display_rel_file,-1
[*] /s; sim-cal:10.854819
[*] Detection Result:NA too much diff,-1
[*] Detection for /binaries/target/binutils/binutils-2.34-o2-nm,display_rel_file,1
[*] /s; sim-cal:0.016223
[*] Detection Result:NA too much diff,1
[*] Detection for /binaries/target/binutils/binutils-2.35-o2-nm,display_rel_file,1
[*] /s; sim-cal:10.354152
[*] Detection Result:NA too much diff,1
[*] Detection for /binaries/target/binutils/binutils-2.35.1-o2-nm,display_rel_file,1
[*] /s; sim-cal:11.116423
[*] Detection Result:NA too much diff,1
------------------------------------------
[*] Detecting CVE: CVE-2020-16590
[*] Detection for /binaries/target/binutils/binutils-2.35-o2-readelf,get_num_dynamic_syms,-1
target function: get_num_dynamic_syms not found
[*] Detection for /binaries/target/binutils/binutils-2.35.1-o2-readelf,get_num_dynamic_syms,1
target function: get_num_dynamic_syms not found
[*] Detection for /binaries/target/binutils/binutils-2.35.2-o2-readelf,get_num_dynamic_syms,1
target function: get_num_dynamic_syms not found
[*] Detection for /binaries/target/binutils/binutils-2.36.1-o2-readelf,get_num_dynamic_syms,1
target function: get_num_dynamic_syms not found
------------------------------------------
[*] Detecting CVE: CVE-2020-16591
[*] Detection for /binaries/target/binutils/binutils-2.35-o2-readelf,get_num_dynamic_syms,-1
target function: get_num_dynamic_syms not found
[*] Detection for /binaries/target/binutils/binutils-2.35.1-o2-readelf,get_num_dynamic_syms,1
target function: get_num_dynamic_syms not found
[*] Detection for /binaries/target/binutils/binutils-2.35.2-o2-readelf,get_num_dynamic_syms,1
target function: get_num_dynamic_syms not found
[*] Detection for /binaries/target/binutils/binutils-2.36.1-o2-readelf,get_num_dynamic_syms,1
target function: get_num_dynamic_syms not found
------------------------------------------
[*] Detecting CVE: CVE-2020-16593
[*] Detection for /binaries/target/binutils/binutils-2.35-o2-objdump,scan_unit_for_symbols,-1
target function: scan_unit_for_symbols not found
[*] Detection for /binaries/target/binutils/binutils-2.35.1-o2-objdump,scan_unit_for_symbols,1
target function: scan_unit_for_symbols not found
[*] Detection for /binaries/target/binutils/binutils-2.35.2-o2-objdump,scan_unit_for_symbols,1
target function: scan_unit_for_symbols not found
[*] Detection for /binaries/target/binutils/binutils-2.36.1-o2-objdump,scan_unit_for_symbols,1
target function: scan_unit_for_symbols not found
------------------------------------------
[*] Detecting CVE: CVE-2020-16599
[*] Detection for /binaries/target/binutils/binutils-2.35-o2-objdump,_bfd_elf_get_symbol_version_string,-1
[*] /s; sim-cal:1.413631
[*] Detection Result:C can't tell,-1
[*] Detection for /binaries/target/binutils/binutils-2.35.1-o2-objdump,_bfd_elf_get_symbol_version_string,1
[*] /s; sim-cal:1.483505
[*] Detection Result:C can't tell,1
[*] Detection for /binaries/target/binutils/binutils-2.35.2-o2-objdump,_bfd_elf_get_symbol_version_string,1
[*] /s; sim-cal:1.421555
[*] Detection Result:C can't tell,1
[*] Detection for /binaries/target/binutils/binutils-2.36.1-o2-objdump,_bfd_elf_get_symbol_version_string,1
[*] /s; sim-cal:1.93836
[*] Detection Result:C can't tell,1
------------------------------------------
[*] Detecting CVE: CVE-2020-35448
[*] Detection for /binaries/target/binutils/binutils-2.35.1-o2-objdump,_bfd_elf_slurp_secondary_reloc_section,-1
[*] /s; sim-cal:1.495947
[*] Detection Result:V 0.29420970266040686/0.0 35/35,-1
[*] Detection for /binaries/target/binutils/binutils-2.35.2-o2-objdump,_bfd_elf_slurp_secondary_reloc_section,1
[*] /s; sim-cal:1.495313
[*] Detection Result:V 0.29420970266040686/0.0 35/35,1
[*] Detection for /binaries/target/binutils/binutils-2.36.1-o2-objdump,_bfd_elf_slurp_secondary_reloc_section,1
[*] /s; sim-cal:1.995865
[*] Detection Result:V 0.29420970266040686/0.0 40/40,1
[*] Detection for /binaries/target/binutils/binutils-2.37-o2-objdump,_bfd_elf_slurp_secondary_reloc_section,1
[*] /s; sim-cal:16.14466
[*] Detection Result:V 0.29420970266040686/0.0 42/42,1
------------------------------------------
[*] Detecting CVE: CVE-2021-20294
[*] Detection for /binaries/target/binutils/binutils-2.35.1-o2-readelf,print_dynamic_symbol,-1
[*] /s; sim-cal:4.442766
[*] Detection Result:C can't tell,-1
[*] Detection for /binaries/target/binutils/binutils-2.35-o2-readelf,print_dynamic_symbol,-1
[*] /s; sim-cal:4.746827
[*] Detection Result:C can't tell,-1
[*] Detection for /binaries/target/binutils/binutils-2.35.2-o2-readelf,print_dynamic_symbol,1
[*] /s; sim-cal:3.619956
[*] Detection Result:C can't tell,1
[*] Detection for /binaries/target/binutils/binutils-2.36.1-o2-readelf,print_dynamic_symbol,1
[*] /s; sim-cal:3.933038
[*] Detection Result:C can't tell,1
[*] Detection for /binaries/target/binutils/binutils-2.37-o2-readelf,print_dynamic_symbol,1
[*] /s; sim-cal:9.05214
[*] Detection Result:NA too much diff,1
------------------------------------------
[*] Detecting CVE: CVE-2021-45078
[*] Detection for /binaries/target/binutils/binutils-2.37-o2-objdump,stab_record_type,-1
target function: stab_record_type not found
[*] Detection for /binaries/target/binutils/binutils-2.36.1-o2-objdump,stab_record_type,-1
target function: stab_record_type not found
[*] Detection for /binaries/target/binutils/binutils-2.35.2-o2-objdump,stab_record_type,-1
target function: stab_record_type not found
[*] Detection for /binaries/target/binutils/binutils-2.38-o2-objdump,stab_record_type,1
target function: stab_record_type not found
[*] Detection for /binaries/target/binutils/binutils-2.39-o2-objdump,stab_record_type,1
target function: stab_record_type not found
[*] Detection for /binaries/target/binutils/binutils-2.37-o2-objdump,stab_xcoff_builtin_type,-1
target function: stab_xcoff_builtin_type not found
[*] Detection for /binaries/target/binutils/binutils-2.36.1-o2-objdump,stab_xcoff_builtin_type,-1
target function: stab_xcoff_builtin_type not found
[*] Detection for /binaries/target/binutils/binutils-2.35.2-o2-objdump,stab_xcoff_builtin_type,-1
target function: stab_xcoff_builtin_type not found
[*] Detection for /binaries/target/binutils/binutils-2.38-o2-objdump,stab_xcoff_builtin_type,1
target function: stab_xcoff_builtin_type not found
[*] Detection for /binaries/target/binutils/binutils-2.39-o2-objdump,stab_xcoff_builtin_type,1
target function: stab_xcoff_builtin_type not found
[*] Detection for /binaries/target/binutils/binutils-2.37-o2-objdump,stab_find_type,-1
[*] /s; sim-cal:1.514432
[*] Detection Result:C can't tell,-1
[*] Detection for /binaries/target/binutils/binutils-2.36.1-o2-objdump,stab_find_type,-1
[*] /s; sim-cal:1.559226
[*] Detection Result:C can't tell,-1
[*] Detection for /binaries/target/binutils/binutils-2.35.2-o2-objdump,stab_find_type,-1
[*] /s; sim-cal:1.52991
[*] Detection Result:C can't tell,-1
[*] Detection for /binaries/target/binutils/binutils-2.38-o2-objdump,stab_find_type,1
[*] /s; sim-cal:1.361438
[*] Detection Result:C can't tell,1
[*] Detection for /binaries/target/binutils/binutils-2.39-o2-objdump,stab_find_type,1
[*] /s; sim-cal:1.384522
[*] Detection Result:C can't tell,1
------------------------------------------
[*] Detecting CVE: CVE-2022-38533
[*] Detection for /binaries/target/binutils/binutils-2.39-o2-objdump,rewrite_elf_program_header,-1
target function: rewrite_elf_program_header not found
[*] Detection for /binaries/target/binutils/binutils-2.38-o2-objdump,rewrite_elf_program_header,-1
target function: rewrite_elf_program_header not found
[*] Detection for /binaries/target/binutils/binutils-2.37-o2-objdump,rewrite_elf_program_header,-1
target function: rewrite_elf_program_header not found
[*] Detection for /binaries/target/binutils/binutils-2.41-o2-objdump,rewrite_elf_program_header,1
target function: rewrite_elf_program_header not found
[*] Detection for /binaries/target/binutils/binutils-2.42-o2-objdump,rewrite_elf_program_header,1
target function: rewrite_elf_program_header not found
[*] Detection for /binaries/target/binutils/binutils-2.39-o2-objdump,_bfd_elf_symbol_from_bfd_symbol,-1
[*] /s; sim-cal:1.506805
[*] Detection Result:N VP no diff,-1
[*] Detection for /binaries/target/binutils/binutils-2.38-o2-objdump,_bfd_elf_symbol_from_bfd_symbol,-1
[*] /s; sim-cal:1.668293
[*] Detection Result:N VP no diff,-1
[*] Detection for /binaries/target/binutils/binutils-2.37-o2-objdump,_bfd_elf_symbol_from_bfd_symbol,-1
[*] /s; sim-cal:1.62594
[*] Detection Result:N VP no diff,-1
[*] Detection for /binaries/target/binutils/binutils-2.41-o2-objdump,_bfd_elf_symbol_from_bfd_symbol,1
[*] /s; sim-cal:1.463655
[*] Detection Result:N VP no diff,1
[*] Detection for /binaries/target/binutils/binutils-2.42-o2-objdump,_bfd_elf_symbol_from_bfd_symbol,1
[*] /s; sim-cal:1.556414
[*] Detection Result:N VP no diff,1
------------------------------------------
[*] Detecting CVE: CVE-2023-25586
[*] Detection for /binaries/target/binutils/binutils-2.41-o2-objdump,bfd_init_section_decompress_status,1
[*] /s; sim-cal:1.539669
[*] Detection Result:C can't tell,1
[*] Detection for /binaries/target/binutils/binutils-2.42-o2-objdump,bfd_init_section_decompress_status,1
[*] /s; sim-cal:1.819675
[*] Detection Result:C can't tell,1
[*] Detection for /binaries/target/binutils/binutils-2.43-o2-objdump,bfd_init_section_decompress_status,1
[*] /s; sim-cal:17.627191
[*] Detection Result:C can't tell,1
------------------------------------------
[*] Detecting CVE: CVE-2022-48063
[*] Detection for /binaries/target/binutils/binutils-2.39-o2-objdump,load_specific_debug_section,-1
[*] /s; sim-cal:1.481967
[*] Detection Result:C can't tell,-1
[*] Detection for /binaries/target/binutils/binutils-2.38-o2-objdump,load_specific_debug_section,-1
[*] /s; sim-cal:1.834301
[*] Detection Result:C can't tell,-1
[*] Detection for /binaries/target/binutils/binutils-2.37-o2-objdump,load_specific_debug_section,-1
[*] /s; sim-cal:1.466866
[*] Detection Result:C can't tell,-1
[*] Detection for /binaries/target/binutils/binutils-2.41-o2-objdump,load_specific_debug_section,1
[*] /s; sim-cal:1.541651
[*] Detection Result:C can't tell,1
[*] Detection for /binaries/target/binutils/binutils-2.42-o2-objdump,load_specific_debug_section,1
[*] /s; sim-cal:1.529282
[*] Detection Result:C can't tell,1
------------------------------------------
[*] Detecting CVE: CVE-2022-48064
[*] Detection for /binaries/target/binutils/binutils-2.39-o2-objdump,find_debug_info,-1
[*] /s; sim-cal:1.565748
[*] Detection Result:V 0.7124620060790274/0.0 17/17,-1
[*] Detection for /binaries/target/binutils/binutils-2.38-o2-objdump,find_debug_info,-1
[*] /s; sim-cal:1.540285
[*] Detection Result:V 0.7124620060790274/0.0 17/17,-1
[*] Detection for /binaries/target/binutils/binutils-2.37-o2-objdump,find_debug_info,-1
[*] /s; sim-cal:1.582127
[*] Detection Result:V 0.7124620060790274/0.0 17/17,-1
[*] Detection for /binaries/target/binutils/binutils-2.41-o2-objdump,find_debug_info,1
[*] /s; sim-cal:1.599954
[*] Detection Result:V 0.7124620060790274/0.0 21/21,1
[*] Detection for /binaries/target/binutils/binutils-2.42-o2-objdump,find_debug_info,1
[*] /s; sim-cal:1.73193
[*] Detection Result:V 0.7124620060790274/0.0 21/21,1
------------------------------------------
[*] Detecting CVE: CVE-2022-48065
[*] Detection for /binaries/target/binutils/binutils-2.39-o2-objdump,scan_unit_for_symbols,-1
target function: scan_unit_for_symbols not found
[*] Detection for /binaries/target/binutils/binutils-2.38-o2-objdump,scan_unit_for_symbols,-1
target function: scan_unit_for_symbols not found
[*] Detection for /binaries/target/binutils/binutils-2.37-o2-objdump,scan_unit_for_symbols,-1
target function: scan_unit_for_symbols not found
[*] Detection for /binaries/target/binutils/binutils-2.41-o2-objdump,scan_unit_for_symbols,1
target function: scan_unit_for_symbols not found
[*] Detection for /binaries/target/binutils/binutils-2.42-o2-objdump,scan_unit_for_symbols,1
target function: scan_unit_for_symbols not found
[*] Detection for /binaries/target/binutils/binutils-2.39-o2-objdump,find_abstract_instance,-1
[*] /s; sim-cal:1.765315
[*] Detection Result:V 0.1289980205791994/0.118222671648751 92/94,-1
[*] Detection for /binaries/target/binutils/binutils-2.38-o2-objdump,find_abstract_instance,-1
[*] /s; sim-cal:1.845214
[*] Detection Result:V 0.12222772741249839/0.11683585509839231 88/89,-1
[*] Detection for /binaries/target/binutils/binutils-2.37-o2-objdump,find_abstract_instance,-1
[*] /s; sim-cal:2.882433
[*] Detection Result:V 0.12921543728220491/0.12199292452830188 87/88,-1
[*] Detection for /binaries/target/binutils/binutils-2.41-o2-objdump,find_abstract_instance,1
[*] /s; sim-cal:2.718788
[*] Detection Result:P 0.10801062430728822/0.10877065369858085 88/87,1
[*] Detection for /binaries/target/binutils/binutils-2.42-o2-objdump,find_abstract_instance,1
[*] /s; sim-cal:3.141992
[*] Detection Result:P 0.10801062430728822/0.10877065369858085 88/87,1
------------------------------------------
[*] Detecting CVE: CVE-2023-1579
[*] Detection for /binaries/target/binutils/binutils-2.39-o2-objdump,read_indexed_address,-1
[*] /s; sim-cal:1.551004
[*] Detection Result:N VP no diff,-1
[*] Detection for /binaries/target/binutils/binutils-2.41-o2-objdump,read_indexed_address,1
[*] /s; sim-cal:1.505149
[*] Detection Result:N VP no diff,1
[*] Detection for /binaries/target/binutils/binutils-2.42-o2-objdump,read_indexed_address,1
[*] /s; sim-cal:1.364382
[*] Detection Result:N VP no diff,1
------------------------------------------
[*] Detecting CVE: CVE-2018-17358
[*] Detection for /binaries/target/binutils/binutils-2.31.1-o2-objdump,_bfd_stab_section_find_nearest_line,-1
[*] /s; sim-cal:1.537344
[*] Detection Result:NA too much diff,-1
[*] Detection for /binaries/target/binutils/binutils-2.41-o2-objdump,_bfd_stab_section_find_nearest_line,1
[*] /s; sim-cal:1.620037
[*] Detection Result:NA too much diff,1
[*] Detection for /binaries/target/binutils/binutils-2.42-o2-objdump,_bfd_stab_section_find_nearest_line,1
[*] /s; sim-cal:1.528079
[*] Detection Result:NA too much diff,1
[*] Detection for /binaries/target/binutils/binutils-2.43-o2-objdump,_bfd_stab_section_find_nearest_line,1
[*] /s; sim-cal:1.878486
[*] Detection Result:NA too much diff,1